u[V],p[V],s[mm] 
0.000,0.791,0.000
0.050,0.786,-0.049
0.100,0.791,0.000
0.150,0.791,0.000
0.200,0.903,0.049
0.250,0.898,0.049
0.300,0.928,0.098
0.350,0.967,0.098
0.400,0.991,0.098
0.450,1.035,0.146
0.500,1.069,0.244
0.550,1.113,0.244
0.600,1.138,0.293
0.650,1.172,0.391
0.700,1.196,0.439
0.750,1.250,0.488
0.800,1.279,0.537
0.850,1.304,0.586
0.900,1.328,0.635
0.950,1.372,0.732
1.000,1.406,0.781
1.050,1.436,0.879
1.100,1.470,0.879
1.150,1.514,1.025
1.200,1.538,1.074
1.250,1.577,1.172
1.300,1.602,1.172
1.350,1.631,1.270
1.400,1.680,1.318
1.450,1.714,1.465
1.500,1.733,1.514
1.550,1.782,1.563
1.600,1.802,1.660
1.650,1.836,1.758
1.700,1.875,1.807
1.750,1.904,1.904
1.800,1.938,1.953
1.850,1.987,2.051
1.900,1.997,2.197
1.950,2.026,2.246
2.000,2.075,2.393
2.050,2.114,2.441
2.100,2.144,2.588
2.150,2.192,2.686
2.200,2.212,2.734
2.250,2.241,2.832
2.300,2.275,2.930
2.350,2.305,3.076
2.400,2.354,3.174
2.450,2.397,3.369
2.500,2.402,3.418
2.550,2.456,3.564
2.600,2.471,3.613
2.650,2.495,3.760
2.700,2.549,3.906
2.750,2.578,4.053
2.800,2.612,4.150
2.850,2.646,4.297
2.900,2.681,4.395
2.950,2.715,4.590
3.000,2.744,4.736
3.050,2.778,4.834
3.100,2.817,5.029
3.150,2.832,5.078
3.200,2.876,5.273
3.250,2.915,5.420
3.300,2.930,5.518
3.350,2.979,5.762
3.400,3.003,5.859
3.450,3.032,6.055
3.500,3.081,6.201
3.550,3.115,6.445
3.600,3.149,6.543
3.650,3.174,6.738
3.700,3.203,6.885
3.750,3.252,7.129
3.800,3.262,7.227
3.850,3.320,7.520
3.900,3.345,7.666
3.950,3.379,7.910
4.000,3.418,8.008
4.050,3.442,8.203
4.100,3.481,8.398
4.150,3.521,8.691
4.200,3.535,8.740
4.250,3.584,9.082
4.300,3.618,9.229
4.350,3.643,9.473
4.400,3.677,9.668
4.450,3.706,9.863
4.500,3.745,10.059
4.550,3.784,10.400
4.600,3.813,10.498
4.650,3.828,10.742
4.700,3.887,11.035
4.750,3.911,11.279
4.800,3.950,11.523
4.850,3.979,11.816
4.900,4.014,12.158
4.950,4.048,12.305
5.000,4.077,12.646
5.050,4.102,12.793
5.100,4.141,13.086
5.150,4.180,13.477
5.200,4.209,13.623
5.250,4.229,13.916
5.300,4.272,14.258
5.350,4.316,14.551
5.400,4.346,14.844
5.450,4.360,14.941
5.500,4.395,15.332
5.550,4.438,15.723
5.600,4.487,16.113
5.650,4.502,16.211
5.700,4.531,16.504
5.750,4.590,16.846
5.800,4.609,17.188
5.850,4.648,17.432
5.900,4.678,17.773
5.950,4.722,18.066
6.000,4.746,18.408
6.050,4.775,18.604
6.100,4.800,18.896
6.150,4.849,19.482
6.200,4.883,19.678
6.250,4.917,20.117
6.300,4.946,20.361
6.350,4.985,20.557
6.400,5.005,20.947
6.450,5.049,21.387
6.500,5.078,21.680
6.550,5.112,21.875
6.600,5.151,22.266
6.650,5.181,22.607
6.700,5.210,22.949
6.750,5.254,23.193
6.800,5.273,23.535
6.850,5.308,23.926
6.900,5.337,24.219
6.950,5.391,24.463
7.000,5.405,24.805
7.050,5.435,25.000
7.100,5.469,25.293
7.150,5.508,25.537
7.200,5.537,25.830
7.250,5.581,26.123
7.300,5.601,26.416
7.350,5.640,26.660
7.400,5.674,27.051
7.450,5.708,27.295
7.500,5.737,27.539
7.550,5.776,27.832
7.600,5.806,28.076
7.650,5.835,28.418
7.700,5.884,28.662
7.750,5.898,28.906
7.800,5.938,29.102
7.850,5.972,29.395
7.900,6.001,29.639
7.950,6.030,29.883
8.000,6.064,30.078
8.050,6.099,30.469
8.100,6.133,30.664
8.150,6.162,30.908
8.200,6.201,31.104
8.250,6.240,31.348
8.300,6.294,31.689
8.350,6.299,31.885
8.400,6.328,31.982
8.450,6.367,32.324
8.500,6.392,32.422
8.550,6.426,32.764
8.600,6.460,32.910
8.650,6.489,33.203
8.700,6.533,33.496
8.750,6.558,33.643
8.800,6.592,33.838
8.850,6.631,33.984
8.900,6.660,34.326
8.950,6.689,34.424
9.000,6.729,34.619
9.050,6.753,34.766
9.100,6.797,35.059
9.150,6.802,35.156
9.200,6.807,35.156
9.250,6.812,35.254
9.300,6.807,35.254
9.350,6.807,35.352
9.400,6.807,35.352
9.450,6.802,35.400
9.500,6.807,35.400
9.550,6.807,35.449
9.600,6.802,35.449
9.650,6.802,35.498
9.700,6.802,35.498
9.750,6.802,35.498
9.800,6.802,35.498
9.850,6.802,35.547
9.900,6.802,35.498
9.950,6.797,35.547
10.000,6.797,35.596
9.950,6.797,35.547
9.900,6.792,35.596
9.850,6.792,35.596
9.800,6.797,35.645
9.750,6.797,35.645
9.700,6.792,35.645
9.650,6.792,35.645
9.600,6.787,35.645
9.550,6.792,35.693
9.500,6.792,35.693
9.450,6.787,35.693
9.400,6.787,35.693
9.350,6.787,35.693
9.300,6.797,35.742
9.250,6.792,35.742
9.200,6.792,35.742
9.150,6.782,35.742
9.100,6.787,35.742
9.050,6.787,35.742
9.000,6.782,35.791
8.950,6.748,35.791
8.900,6.724,35.742
8.850,6.699,35.791
8.800,6.660,35.742
8.750,6.621,35.596
8.700,6.606,35.547
8.650,6.563,35.449
8.600,6.533,35.352
8.550,6.494,35.254
8.500,6.460,35.156
8.450,6.421,35.010
8.400,6.396,34.912
8.350,6.362,34.814
8.300,6.343,34.717
8.250,6.309,34.619
8.200,6.270,34.473
8.150,6.230,34.326
8.100,6.196,34.131
8.050,6.157,34.033
8.000,6.128,33.936
7.950,6.079,33.740
7.900,6.064,33.594
7.850,6.030,33.496
7.800,6.006,33.350
7.750,5.972,33.154
7.700,5.938,33.057
7.650,5.903,32.910
7.600,5.869,32.666
7.550,5.820,32.568
7.500,5.801,32.373
7.450,5.752,32.227
7.400,5.732,32.031
7.350,5.674,31.787
7.300,5.664,31.641
7.250,5.635,31.543
7.200,5.610,31.348
7.150,5.557,31.152
7.100,5.527,30.957
7.050,5.493,30.762
7.000,5.459,30.518
6.950,5.420,30.371
6.900,5.396,30.176
6.850,5.347,29.883
6.800,5.332,29.736
6.750,5.303,29.639
6.700,5.269,29.346
6.650,5.244,29.199
6.600,5.205,28.906
6.550,5.161,28.711
6.500,5.132,28.516
6.450,5.093,28.320
6.400,5.068,27.979
6.350,5.020,27.686
6.300,4.980,27.393
6.250,4.961,27.246
6.200,4.937,27.051
6.150,4.893,26.855
6.100,4.873,26.514
6.050,4.824,26.318
6.000,4.805,26.074
5.950,4.756,25.732
5.900,4.731,25.586
5.850,4.697,25.293
5.800,4.663,25.098
5.750,4.629,24.756
5.700,4.595,24.463
5.650,4.561,24.219
5.600,4.531,23.828
5.550,4.482,23.633
5.500,4.458,23.291
5.450,4.419,22.998
5.400,4.395,22.754
5.350,4.346,22.461
5.300,4.326,22.168
5.250,4.297,21.973
5.200,4.268,21.582
5.150,4.229,21.240
5.100,4.185,20.996
5.050,4.160,20.605
5.000,4.126,20.264
4.950,4.092,19.922
4.900,4.053,19.727
4.850,4.023,19.385
4.800,3.979,19.092
4.750,3.960,18.750
4.700,3.926,18.506
4.650,3.892,18.115
4.600,3.857,17.871
4.550,3.828,17.529
4.500,3.799,17.334
4.450,3.760,16.943
4.400,3.716,16.699
4.350,3.701,16.406
4.300,3.647,16.064
4.250,3.628,15.771
4.200,3.569,15.137
4.150,3.555,15.088
4.100,3.521,14.746
4.050,3.486,14.453
4.000,3.467,14.209
3.950,3.384,13.525
3.900,3.389,13.574
3.850,3.359,13.379
3.800,3.325,12.988
3.750,3.291,12.744
3.700,3.262,12.451
3.650,3.228,12.305
3.600,3.188,11.914
3.550,3.164,11.768
3.500,3.125,11.426
3.450,3.096,11.279
3.400,3.057,10.938
3.350,2.998,10.645
3.300,2.983,10.400
3.250,2.964,10.254
3.200,2.886,9.766
3.150,2.886,9.717
3.100,2.852,9.570
3.050,2.832,9.326
3.000,2.778,9.131
2.950,2.754,8.838
2.900,2.710,8.643
2.850,2.695,8.447
2.800,2.642,8.154
2.750,2.627,8.008
2.700,2.588,7.861
2.650,2.563,7.666
2.600,2.515,7.422
2.550,2.490,7.227
2.500,2.446,7.080
2.450,2.432,6.885
2.400,2.378,6.689
2.350,2.354,6.543
2.300,2.314,6.348
2.250,2.295,6.201
2.200,2.246,6.055
2.150,2.217,5.811
2.100,2.192,5.762
2.050,2.129,5.420
2.000,2.124,5.322
1.950,2.085,5.225
1.900,2.056,5.029
1.850,2.017,4.932
1.800,1.987,4.736
1.750,1.948,4.639
1.700,1.914,4.492
1.650,1.890,4.395
1.600,1.841,4.150
1.550,1.826,4.150
1.500,1.753,3.857
1.450,1.763,3.809
1.400,1.719,3.760
1.350,1.655,3.418
1.300,1.650,3.418
1.250,1.621,3.320
1.200,1.533,2.979
1.150,1.538,3.027
1.100,1.519,2.930
1.050,1.436,2.637
1.000,1.436,2.588
0.950,1.426,2.539
0.900,1.396,2.539
0.850,1.274,2.100
0.800,1.279,2.100
0.750,1.274,2.100
0.700,1.250,2.051
0.650,1.167,1.807
0.600,1.152,1.758
0.550,1.123,1.660
0.500,1.108,1.563
0.450,1.094,1.563
0.400,1.079,1.514
0.350,1.050,1.465
0.300,0.981,1.270
0.250,0.967,1.172
0.200,0.918,1.123
0.150,0.894,1.025
0.100,0.781,0.781
0.050,0.776,0.781
0.000,0.781,-0.049
0.050,0.781,0.000
0.100,0.781,0.000
0.150,0.786,-0.049
0.200,0.854,-0.049
0.250,0.884,0.000
0.300,0.913,0.049
0.350,0.981,0.098
0.400,0.991,0.098
0.450,1.025,0.195
0.500,1.064,0.244
0.550,1.099,0.244
0.600,1.133,0.391
0.650,1.162,0.391
0.700,1.196,0.488
0.750,1.235,0.537
0.800,1.270,0.586
0.850,1.299,0.635
0.900,1.348,0.732
0.950,1.362,0.732
1.000,1.406,0.879
1.050,1.426,0.928
1.100,1.470,1.025
1.150,1.499,1.074
1.200,1.533,1.172
1.250,1.563,1.221
1.300,1.587,1.367
1.350,1.626,1.367
1.400,1.665,1.465
1.450,1.694,1.514
1.500,1.733,1.611
1.550,1.772,1.709
1.600,1.802,1.855
1.650,1.841,1.904
1.700,1.875,2.002
1.750,1.904,2.051
1.800,1.948,2.197
1.850,1.963,2.295
1.900,1.992,2.344
1.950,2.041,2.490
2.000,2.065,2.637
2.050,2.100,2.686
2.100,2.134,2.783
2.150,2.168,2.881
2.200,2.202,2.979
2.250,2.241,3.125
2.300,2.280,3.271
2.350,2.305,3.369
2.400,2.339,3.516
2.450,2.383,3.564
2.500,2.417,3.760
2.550,2.437,3.809
2.600,2.476,4.004
2.650,2.500,4.102
2.700,2.534,4.248
2.750,2.578,4.346
2.800,2.598,4.492
2.850,2.642,4.590
2.900,2.676,4.834
2.950,2.710,4.932
3.000,2.729,5.127
3.050,2.778,5.225
3.100,2.808,5.420
3.150,2.847,5.518
3.200,2.871,5.713
3.250,2.900,5.859
3.300,2.935,6.055
3.350,2.974,6.201
3.400,2.998,6.348
3.450,3.042,6.592
3.500,3.076,6.738
3.550,3.110,6.934
3.600,3.140,7.129
3.650,3.179,7.324
3.700,3.213,7.471
3.750,3.247,7.666
3.800,3.267,7.764
3.850,3.291,8.008
3.900,3.345,8.203
3.950,3.359,8.350
4.000,3.423,8.643
4.050,3.447,8.838
4.100,3.491,9.033
4.150,3.521,9.326
4.200,3.550,9.521
4.250,3.579,9.717
4.300,3.604,10.010
4.350,3.638,10.205
4.400,3.662,10.449
4.450,3.706,10.645
4.500,3.735,10.889
4.550,3.779,11.133
4.600,3.804,11.377
4.650,3.843,11.621
4.700,3.872,11.914
4.750,3.911,12.158
4.800,3.936,12.451
4.850,3.975,12.646
4.900,4.009,12.939
4.950,4.043,13.330
5.000,4.067,13.525
5.050,4.102,13.818
5.100,4.131,14.111
5.150,4.165,14.404
5.200,4.214,14.697
5.250,4.233,14.941
5.300,4.277,15.234
5.350,4.297,15.576
5.400,4.346,15.820
5.450,4.370,16.211
5.500,4.404,16.455
5.550,4.443,16.846
5.600,4.478,17.090
5.650,4.502,17.432
5.700,4.546,17.676
5.750,4.570,18.066
5.800,4.609,18.311
5.850,4.634,18.652
5.900,4.678,18.945
5.950,4.707,19.287
6.000,4.746,19.580
6.050,4.775,19.922
6.100,4.814,20.166
6.150,4.839,20.605
6.200,4.888,20.850
6.250,4.907,21.240
6.300,4.941,21.484
6.350,4.961,21.777
6.400,5.015,22.266
6.450,5.029,22.412
6.500,5.063,22.803
6.550,5.103,22.998
6.600,5.142,23.438
6.650,5.171,23.633
6.700,5.200,23.926
6.750,5.229,24.268
6.800,5.269,24.658
6.850,5.308,24.902
6.900,5.332,25.195
6.950,5.381,25.586
7.000,5.400,25.781
7.050,5.430,26.074
7.100,5.454,26.270
7.150,5.493,26.660
7.200,5.532,26.855
7.250,5.557,27.148
7.300,5.596,27.539
7.350,5.630,27.734
7.400,5.659,28.027
7.450,5.684,28.174
7.500,5.728,28.564
7.550,5.757,28.857
7.600,5.796,29.053
7.650,5.825,29.346
7.700,5.864,29.541
7.750,5.898,29.785
7.800,5.928,30.176
7.850,5.957,30.420
7.900,6.006,30.615
7.950,6.025,30.859
8.000,6.079,31.152
8.050,6.094,31.250
8.100,6.123,31.494
8.150,6.152,31.689
8.200,6.191,31.934
8.250,6.226,32.178
8.300,6.265,32.324
8.350,6.289,32.666
8.400,6.318,32.764
8.450,6.357,33.154
8.500,6.392,33.203
8.550,6.421,33.545
8.600,6.445,33.594
8.650,6.460,33.789
8.700,6.455,33.789
8.750,6.455,33.838
8.800,6.455,33.838
8.850,6.450,33.887
8.900,6.455,33.887
8.950,6.455,33.936
9.000,6.450,33.887
9.050,6.450,33.936
9.100,6.450,33.936
9.150,6.450,33.984
9.200,6.450,33.984
9.250,6.450,34.033
9.300,6.450,34.033
9.350,6.440,34.033
9.400,6.450,34.082
9.450,6.450,34.033
9.500,6.445,34.131
9.550,6.445,34.082
9.600,6.445,34.131
9.650,6.440,34.131
9.700,6.445,34.131
9.750,6.445,34.082
9.800,6.440,34.131
9.850,6.440,34.180
9.900,6.440,34.131
9.950,6.440,34.131
10.000,6.436,34.131
9.950,6.440,34.180
9.900,6.436,34.229
9.850,6.436,34.180
9.800,6.436,34.229
9.750,6.431,34.229
9.700,6.431,34.229
9.650,6.431,34.180
9.600,6.431,34.229
9.550,6.431,34.229
9.500,6.436,34.229
9.450,6.436,34.229
9.400,6.436,34.277
9.350,6.426,34.277
9.300,6.426,34.326
9.250,6.431,34.229
9.200,6.436,34.326
9.150,6.436,34.326
9.100,6.431,34.277
9.050,6.426,34.326
9.000,6.431,34.326
8.950,6.426,34.326
8.900,6.431,34.326
8.850,6.431,34.326
8.800,6.426,34.375
8.750,6.421,34.326
8.700,6.421,34.326
8.650,6.421,34.326
8.600,6.421,34.375
8.550,6.421,34.375
8.500,6.426,34.375
8.450,6.426,34.375
8.400,6.377,34.375
8.350,6.362,34.326
8.300,6.328,34.375
8.250,6.299,34.277
8.200,6.265,34.131
8.150,6.235,34.033
8.100,6.201,33.936
8.050,6.167,33.789
8.000,6.128,33.643
7.950,6.099,33.545
7.900,6.064,33.398
7.850,6.040,33.301
7.800,5.996,33.105
7.750,5.962,32.959
7.700,5.928,32.813
7.650,5.898,32.666
7.600,5.859,32.520
7.550,5.820,32.373
7.500,5.786,32.178
7.450,5.762,32.031
7.400,5.728,31.934
7.350,5.703,31.738
7.300,5.654,31.543
7.250,5.635,31.396
7.200,5.596,31.201
7.150,5.566,31.006
7.100,5.522,30.811
7.050,5.498,30.664
7.000,5.449,30.420
6.950,5.425,30.322
6.900,5.396,30.127
6.850,5.366,29.932
6.800,5.342,29.688
6.750,5.298,29.492
6.700,5.269,29.297
6.650,5.234,29.150
6.600,5.200,28.857
6.550,5.171,28.711
6.500,5.132,28.467
6.450,5.103,28.174
6.400,5.059,27.930
6.350,5.029,27.734
6.300,4.995,27.539
6.250,4.961,27.246
6.200,4.932,27.100
6.150,4.897,26.807
6.100,4.863,26.611
6.050,4.834,26.318
6.000,4.800,26.123
5.950,4.771,25.830
5.900,4.731,25.537
5.850,4.688,25.293
5.800,4.663,25.049
5.750,4.629,24.756
5.700,4.595,24.414
5.650,4.561,24.121
5.600,4.521,23.877
5.550,4.492,23.584
5.500,4.458,23.389
5.450,4.429,23.047
5.400,4.395,22.803
5.350,4.365,22.461
5.300,4.331,22.314
5.250,4.297,21.924
5.200,4.233,21.436
5.150,4.219,21.240
5.100,4.189,21.094
5.050,4.165,20.752
5.000,4.121,20.508
4.950,4.097,20.166
4.900,4.058,19.922
4.850,4.023,19.531
4.800,3.994,19.189
4.750,3.970,18.994
4.700,3.936,18.652
4.650,3.872,18.262
4.600,3.857,18.018
4.550,3.804,17.480
4.500,3.799,17.383
4.450,3.745,16.895
4.400,3.716,16.748
4.350,3.696,16.406
4.300,3.662,16.211
4.250,3.623,15.771
4.200,3.599,15.527
4.150,3.564,15.234
4.100,3.525,14.893
4.050,3.496,14.697
4.000,3.462,14.307
3.950,3.428,14.014
3.900,3.398,13.818
3.850,3.359,13.428
3.800,3.330,13.232
3.750,3.296,12.842
3.700,3.252,12.402
3.650,3.223,12.305
3.600,3.193,11.963
3.550,3.159,11.816
3.500,3.135,11.523
3.450,3.096,11.328
3.400,3.062,10.986
3.350,3.008,10.693
3.300,2.998,10.498
3.250,2.944,10.303
3.200,2.930,10.010
3.150,2.876,9.814
3.100,2.856,9.619
3.050,2.817,9.326
3.000,2.793,9.082
2.950,2.754,8.789
2.900,2.725,8.643
2.850,2.700,8.447
2.800,2.642,8.252
2.750,2.627,8.057
2.700,2.588,7.910
2.650,2.559,7.666
2.600,2.505,7.373
2.550,2.490,7.275
2.500,2.456,6.982
2.450,2.422,6.934
2.400,2.393,6.689
2.350,2.349,6.543
2.300,2.324,6.396
2.250,2.285,6.250
2.200,2.261,6.006
2.150,2.217,5.859
2.100,2.188,5.615
2.050,2.148,5.469
2.000,2.119,5.273
1.950,2.085,5.176
1.900,2.051,4.980
1.850,2.017,4.883
1.800,1.982,4.639
1.750,1.943,4.492
1.700,1.914,4.395
1.650,1.885,4.248
1.600,1.851,4.150
1.550,1.807,3.906
1.500,1.792,3.906
1.450,1.753,3.760
1.400,1.675,3.467
1.350,1.675,3.418
1.300,1.646,3.369
1.250,1.606,3.174
1.200,1.592,3.125
1.150,1.519,2.832
1.100,1.519,2.832
1.050,1.489,2.783
1.000,1.411,2.441
0.950,1.406,2.441
0.900,1.387,2.393
0.850,1.289,2.100
0.800,1.294,2.051
0.750,1.284,2.051
0.700,1.265,2.002
0.650,1.177,1.709
0.600,1.143,1.611
0.550,1.133,1.563
0.500,1.113,1.563
0.450,1.099,1.465
0.400,1.055,1.367
0.350,1.021,1.270
0.300,1.001,1.172
0.250,0.942,1.025
0.200,0.923,1.025
0.150,0.894,0.879
0.100,0.776,0.635
0.050,0.786,0.635
0.000,0.781,-0.049
0.050,0.781,0.000
0.100,0.781,0.000
0.150,0.786,-0.049
0.200,0.854,-0.049
0.250,0.884,0.000
0.300,0.913,0.049
0.350,0.981,0.098
0.400,0.991,0.098
0.450,1.025,0.195
0.500,1.064,0.244
0.550,1.099,0.244
0.600,1.133,0.391
0.650,1.162,0.391
0.700,1.196,0.488
0.750,1.235,0.537
0.800,1.270,0.586
0.850,1.299,0.635
0.900,1.348,0.732
0.950,1.362,0.732
1.000,1.406,0.879
1.050,1.426,0.928
1.100,1.470,1.025
1.150,1.499,1.074
1.200,1.533,1.172
1.250,1.563,1.221
1.300,1.587,1.367
1.350,1.626,1.367
1.400,1.665,1.465
1.450,1.694,1.514
1.500,1.733,1.611
1.550,1.772,1.709
1.600,1.802,1.855
1.650,1.841,1.904
1.700,1.875,2.002
1.750,1.904,2.051
1.800,1.948,2.197
1.850,1.963,2.295
1.900,1.992,2.344
1.950,2.041,2.490
2.000,2.065,2.637
2.050,2.100,2.686
2.100,2.134,2.783
2.150,2.168,2.881
2.200,2.202,2.979
2.250,2.241,3.125
2.300,2.280,3.271
2.350,2.305,3.369
2.400,2.339,3.516
2.450,2.383,3.564
2.500,2.417,3.760
2.550,2.437,3.809
2.600,2.476,4.004
2.650,2.500,4.102
2.700,2.534,4.248
2.750,2.578,4.346
2.800,2.598,4.492
2.850,2.642,4.590
2.900,2.676,4.834
2.950,2.710,4.932
3.000,2.729,5.127
3.050,2.778,5.225
3.100,2.808,5.420
3.150,2.847,5.518
3.200,2.871,5.713
3.250,2.900,5.859
3.300,2.935,6.055
3.350,2.974,6.201
3.400,2.998,6.348
3.450,3.042,6.592
3.500,3.076,6.738
3.550,3.110,6.934
3.600,3.140,7.129
3.650,3.179,7.324
3.700,3.213,7.471
3.750,3.247,7.666
3.800,3.267,7.764
3.850,3.291,8.008
3.900,3.345,8.203
3.950,3.359,8.350
4.000,3.423,8.643
4.050,3.447,8.838
4.100,3.491,9.033
4.150,3.521,9.326
4.200,3.550,9.521
4.250,3.579,9.717
4.300,3.604,10.010
4.350,3.638,10.205
4.400,3.662,10.449
4.450,3.706,10.645
4.500,3.735,10.889
4.550,3.779,11.133
4.600,3.804,11.377
4.650,3.843,11.621
4.700,3.872,11.914
4.750,3.911,12.158
4.800,3.936,12.451
4.850,3.975,12.646
4.900,4.009,12.939
4.950,4.043,13.330
5.000,4.067,13.525
5.050,4.102,13.818
5.100,4.131,14.111
5.150,4.165,14.404
5.200,4.214,14.697
5.250,4.233,14.941
5.300,4.277,15.234
5.350,4.297,15.576
5.400,4.346,15.820
5.450,4.370,16.211
5.500,4.404,16.455
5.550,4.443,16.846
5.600,4.478,17.090
5.650,4.502,17.432
5.700,4.546,17.676
5.750,4.570,18.066
5.800,4.609,18.311
5.850,4.634,18.652
5.900,4.678,18.945
5.950,4.707,19.287
6.000,4.746,19.580
6.050,4.775,19.922
6.100,4.814,20.166
6.150,4.839,20.605
6.200,4.888,20.850
6.250,4.907,21.240
6.300,4.941,21.484
6.350,4.961,21.777
6.400,5.015,22.266
6.450,5.029,22.412
6.500,5.063,22.803
6.550,5.103,22.998
6.600,5.142,23.438
6.650,5.171,23.633
6.700,5.200,23.926
6.750,5.229,24.268
6.800,5.269,24.658
6.850,5.308,24.902
6.900,5.332,25.195
6.950,5.381,25.586
7.000,5.400,25.781
7.050,5.430,26.074
7.100,5.454,26.270
7.150,5.493,26.660
7.200,5.532,26.855
7.250,5.557,27.148
7.300,5.596,27.539
7.350,5.630,27.734
7.400,5.659,28.027
7.450,5.684,28.174
7.500,5.728,28.564
7.550,5.757,28.857
7.600,5.796,29.053
7.650,5.825,29.346
7.700,5.864,29.541
7.750,5.898,29.785
7.800,5.928,30.176
7.850,5.957,30.420
7.900,6.006,30.615
7.950,6.025,30.859
8.000,6.079,31.152
8.050,6.094,31.250
8.100,6.123,31.494
8.150,6.152,31.689
8.200,6.191,31.934
8.250,6.226,32.178
8.300,6.265,32.324
8.350,6.289,32.666
8.400,6.318,32.764
8.450,6.357,33.154
8.500,6.392,33.203
8.550,6.421,33.545
8.600,6.445,33.594
8.650,6.460,33.789
8.700,6.455,33.789
8.750,6.455,33.838
8.800,6.455,33.838
8.850,6.450,33.887
8.900,6.455,33.887
8.950,6.455,33.936
9.000,6.450,33.887
9.050,6.450,33.936
9.100,6.450,33.936
9.150,6.450,33.984
9.200,6.450,33.984
9.250,6.450,34.033
9.300,6.450,34.033
9.350,6.440,34.033
9.400,6.450,34.082
9.450,6.450,34.033
9.500,6.445,34.131
9.550,6.445,34.082
9.600,6.445,34.131
9.650,6.440,34.131
9.700,6.445,34.131
9.750,6.445,34.082
9.800,6.440,34.131
9.850,6.440,34.180
9.900,6.440,34.131
9.950,6.440,34.131
10.000,6.436,34.131
9.950,6.440,34.180
9.900,6.436,34.229
9.850,6.436,34.180
9.800,6.436,34.229
9.750,6.431,34.229
9.700,6.431,34.229
9.650,6.431,34.180
9.600,6.431,34.229
9.550,6.431,34.229
9.500,6.436,34.229
9.450,6.436,34.229
9.400,6.436,34.277
9.350,6.426,34.277
9.300,6.426,34.326
9.250,6.431,34.229
9.200,6.436,34.326
9.150,6.436,34.326
9.100,6.431,34.277
9.050,6.426,34.326
9.000,6.431,34.326
8.950,6.426,34.326
8.900,6.431,34.326
8.850,6.431,34.326
8.800,6.426,34.375
8.750,6.421,34.326
8.700,6.421,34.326
8.650,6.421,34.326
8.600,6.421,34.375
8.550,6.421,34.375
8.500,6.426,34.375
8.450,6.426,34.375
8.400,6.377,34.375
8.350,6.362,34.326
8.300,6.328,34.375
8.250,6.299,34.277
8.200,6.265,34.131
8.150,6.235,34.033
8.100,6.201,33.936
8.050,6.167,33.789
8.000,6.128,33.643
7.950,6.099,33.545
7.900,6.064,33.398
7.850,6.040,33.301
7.800,5.996,33.105
7.750,5.962,32.959
7.700,5.928,32.813
7.650,5.898,32.666
7.600,5.859,32.520
7.550,5.820,32.373
7.500,5.786,32.178
7.450,5.762,32.031
7.400,5.728,31.934
7.350,5.703,31.738
7.300,5.654,31.543
7.250,5.635,31.396
7.200,5.596,31.201
7.150,5.566,31.006
7.100,5.522,30.811
7.050,5.498,30.664
7.000,5.449,30.420
6.950,5.425,30.322
6.900,5.396,30.127
6.850,5.366,29.932
6.800,5.342,29.688
6.750,5.298,29.492
6.700,5.269,29.297
6.650,5.234,29.150
6.600,5.200,28.857
6.550,5.171,28.711
6.500,5.132,28.467
6.450,5.103,28.174
6.400,5.059,27.930
6.350,5.029,27.734
6.300,4.995,27.539
6.250,4.961,27.246
6.200,4.932,27.100
6.150,4.897,26.807
6.100,4.863,26.611
6.050,4.834,26.318
6.000,4.800,26.123
5.950,4.771,25.830
5.900,4.731,25.537
5.850,4.688,25.293
5.800,4.663,25.049
5.750,4.629,24.756
5.700,4.595,24.414
5.650,4.561,24.121
5.600,4.521,23.877
5.550,4.492,23.584
5.500,4.458,23.389
5.450,4.429,23.047
5.400,4.395,22.803
5.350,4.365,22.461
5.300,4.331,22.314
5.250,4.297,21.924
5.200,4.233,21.436
5.150,4.219,21.240
5.100,4.189,21.094
5.050,4.165,20.752
5.000,4.121,20.508
4.950,4.097,20.166
4.900,4.058,19.922
4.850,4.023,19.531
4.800,3.994,19.189
4.750,3.970,18.994
4.700,3.936,18.652
4.650,3.872,18.262
4.600,3.857,18.018
4.550,3.804,17.480
4.500,3.799,17.383
4.450,3.745,16.895
4.400,3.716,16.748
4.350,3.696,16.406
4.300,3.662,16.211
4.250,3.623,15.771
4.200,3.599,15.527
4.150,3.564,15.234
4.100,3.525,14.893
4.050,3.496,14.697
4.000,3.462,14.307
3.950,3.428,14.014
3.900,3.398,13.818
3.850,3.359,13.428
3.800,3.330,13.232
3.750,3.296,12.842
3.700,3.252,12.402
3.650,3.223,12.305
3.600,3.193,11.963
3.550,3.159,11.816
3.500,3.135,11.523
3.450,3.096,11.328
3.400,3.062,10.986
3.350,3.008,10.693
3.300,2.998,10.498
3.250,2.944,10.303
3.200,2.930,10.010
3.150,2.876,9.814
3.100,2.856,9.619
3.050,2.817,9.326
3.000,2.793,9.082
2.950,2.754,8.789
2.900,2.725,8.643
2.850,2.700,8.447
2.800,2.642,8.252
2.750,2.627,8.057
2.700,2.588,7.910
2.650,2.559,7.666
2.600,2.505,7.373
2.550,2.490,7.275
2.500,2.456,6.982
2.450,2.422,6.934
2.400,2.393,6.689
2.350,2.349,6.543
2.300,2.324,6.396
2.250,2.285,6.250
2.200,2.261,6.006
2.150,2.217,5.859
2.100,2.188,5.615
2.050,2.148,5.469
2.000,2.119,5.273
1.950,2.085,5.176
1.900,2.051,4.980
1.850,2.017,4.883
1.800,1.982,4.639
1.750,1.943,4.492
1.700,1.914,4.395
1.650,1.885,4.248
1.600,1.851,4.150
1.550,1.807,3.906
1.500,1.792,3.906
1.450,1.753,3.760
1.400,1.675,3.467
1.350,1.675,3.418
1.300,1.646,3.369
1.250,1.606,3.174
1.200,1.592,3.125
1.150,1.519,2.832
1.100,1.519,2.832
1.050,1.489,2.783
1.000,1.411,2.441
0.950,1.406,2.441
0.900,1.387,2.393
0.850,1.289,2.100
0.800,1.294,2.051
0.750,1.284,2.051
0.700,1.265,2.002
0.650,1.177,1.709
0.600,1.143,1.611
0.550,1.133,1.563
0.500,1.113,1.563
0.450,1.099,1.465
0.400,1.055,1.367
0.350,1.021,1.270
0.300,1.001,1.172
0.250,0.942,1.025
0.200,0.923,1.025
0.150,0.894,0.879
0.100,0.776,0.635
0.050,0.786,0.635
0.000,0.786,0.000
0.050,0.786,0.000
0.100,0.786,-0.049
0.150,0.791,-0.049
0.200,0.840,0.000
0.250,0.889,-0.049
0.300,0.918,0.000
0.350,0.967,0.098
0.400,0.991,0.146
0.450,1.040,0.195
0.500,1.055,0.244
0.550,1.099,0.342
0.600,1.133,0.439
0.650,1.162,0.439
0.700,1.191,0.488
0.750,1.226,0.586
0.800,1.260,0.635
0.850,1.294,0.732
0.900,1.328,0.732
0.950,1.357,0.830
1.000,1.396,0.928
1.050,1.431,0.977
1.100,1.455,1.025
1.150,1.489,1.172
1.200,1.523,1.172
1.250,1.558,1.318
1.300,1.597,1.416
1.350,1.621,1.465
1.400,1.650,1.563
1.450,1.694,1.660
1.500,1.729,1.709
1.550,1.763,1.807
1.600,1.792,1.904
1.650,1.826,2.051
1.700,1.860,2.100
1.750,1.890,2.197
1.800,1.924,2.295
1.850,1.963,2.393
1.900,2.002,2.588
1.950,2.021,2.637
2.000,2.075,2.783
2.050,2.100,2.832
2.100,2.139,3.027
2.150,2.158,3.076
2.200,2.192,3.271
2.250,2.222,3.271
2.300,2.266,3.467
2.350,2.300,3.516
2.400,2.324,3.662
2.450,2.368,3.809
2.500,2.402,3.955
2.550,2.432,4.053
2.600,2.456,4.150
2.650,2.490,4.297
2.700,2.524,4.492
2.750,2.554,4.590
2.800,2.598,4.785
2.850,2.627,4.883
2.900,2.666,5.127
2.950,2.705,5.225
3.000,2.739,5.371
3.050,2.778,5.518
3.100,2.813,5.762
3.150,2.837,5.859
3.200,2.866,6.055
3.250,2.905,6.201
3.300,2.939,6.396
3.350,2.969,6.543
3.400,3.003,6.689
3.450,3.037,6.934
3.500,3.066,7.080
3.550,3.105,7.275
3.600,3.135,7.422
3.650,3.154,7.617
3.700,3.198,7.764
3.750,3.223,8.008
3.800,3.257,8.203
3.850,3.301,8.398
3.900,3.330,8.594
3.950,3.350,8.789
4.000,3.389,9.033
4.050,3.428,9.229
4.100,3.462,9.473
4.150,3.501,9.668
4.200,3.545,10.010
4.250,3.574,10.107
4.300,3.604,10.400
4.350,3.643,10.645
4.400,3.667,10.938
4.450,3.691,11.133
4.500,3.735,11.475
4.550,3.774,11.670
4.600,3.799,11.914
4.650,3.838,12.158
4.700,3.872,12.451
4.750,3.906,12.695
4.800,3.931,12.939
4.850,3.965,13.135
4.900,3.999,13.477
4.950,4.028,13.721
5.000,4.053,14.063
5.050,4.092,14.404
5.100,4.141,14.648
5.150,4.170,15.039
5.200,4.194,15.234
5.250,4.229,15.527
5.300,4.263,15.723
5.350,4.297,16.162
5.400,4.326,16.357
5.450,4.360,16.699
5.500,4.399,16.992
5.550,4.438,17.383
5.600,4.463,17.578
5.650,4.492,17.969
5.700,4.546,18.408
5.750,4.570,18.604
5.800,4.600,18.994
5.850,4.634,19.287
5.900,4.673,19.531
5.950,4.692,19.873
6.000,4.741,20.166
6.050,4.766,20.410
6.100,4.795,20.850
6.150,4.834,21.045
6.200,4.858,21.387
6.250,4.902,21.631
6.300,4.927,21.973
6.350,4.961,22.363
6.400,4.995,22.607
6.450,5.024,22.949
6.500,5.068,23.242
6.550,5.093,23.535
6.600,5.127,23.877
6.650,5.166,24.268
6.700,5.195,24.463
6.750,5.220,24.805
6.800,5.259,24.951
6.850,5.293,25.391
6.900,5.332,25.781
6.950,5.366,25.977
7.000,5.391,26.270
7.050,5.420,26.465
7.100,5.454,26.758
7.150,5.479,26.904
7.200,5.518,27.246
7.250,5.562,27.588
7.300,5.591,27.930
7.350,5.615,27.979
7.400,5.659,28.418
7.450,5.698,28.613
7.500,5.723,28.955
7.550,5.742,29.102
7.600,5.786,29.346
7.650,5.820,29.541
7.700,5.854,29.883
7.750,5.898,30.225
7.800,5.928,30.371
7.850,5.952,30.566
7.900,5.986,30.859
7.950,6.025,31.152
8.000,6.055,31.299
8.050,6.094,31.592
8.100,6.113,31.738
8.150,6.152,32.031
8.200,6.162,32.178
8.250,6.167,32.178
8.300,6.162,32.227
8.350,6.162,32.227
8.400,6.157,32.275
8.450,6.162,32.275
8.500,6.162,32.324
8.550,6.162,32.324
8.600,6.162,32.324
8.650,6.157,32.373
8.700,6.157,32.324
8.750,6.157,32.324
8.800,6.157,32.373
8.850,6.157,32.373
8.900,6.152,32.373
8.950,6.157,32.422
9.000,6.152,32.422
9.050,6.157,32.422
9.100,6.157,32.471
9.150,6.157,32.471
9.200,6.152,32.422
9.250,6.147,32.471
9.300,6.152,32.471
9.350,6.152,32.520
9.400,6.157,32.520
9.450,6.152,32.568
9.500,6.152,32.520
9.550,6.152,32.520
9.600,6.152,32.520
9.650,6.147,32.568
9.700,6.147,32.520
9.750,6.147,32.520
9.800,6.147,32.568
9.850,6.147,32.520
9.900,6.147,32.568
9.950,6.138,32.568
10.000,6.143,32.568
9.950,6.138,32.568
9.900,6.138,32.617
9.850,6.143,32.617
9.800,6.143,32.568
9.750,6.143,32.617
9.700,6.143,32.617
9.650,6.138,32.617
9.600,6.138,32.617
9.550,6.133,32.617
9.500,6.143,32.666
9.450,6.138,32.617
9.400,6.138,32.666
9.350,6.138,32.666
9.300,6.128,32.666
9.250,6.138,32.617
9.200,6.133,32.666
9.150,6.133,32.666
9.100,6.128,32.715
9.050,6.133,32.715
9.000,6.128,32.715
8.950,6.133,32.666
8.900,6.128,32.715
8.850,6.133,32.666
8.800,6.128,32.666
8.750,6.133,32.666
8.700,6.123,32.715
8.650,6.133,32.715
8.600,6.123,32.715
8.550,6.123,32.715
8.500,6.123,32.715
8.450,6.128,32.764
8.400,6.123,32.764
8.350,6.123,32.715
8.300,6.123,32.715
8.250,6.128,32.715
8.200,6.128,32.715
8.150,6.123,32.764
8.100,6.128,32.715
8.050,6.128,32.764
8.000,6.128,32.764
7.950,6.089,32.764
7.900,6.064,32.764
7.850,6.030,32.715
7.800,6.001,32.568
7.750,5.977,32.471
7.700,5.933,32.324
7.650,5.879,32.178
7.600,5.869,32.031
7.550,5.815,31.885
7.500,5.791,31.787
7.450,5.757,31.592
7.400,5.728,31.445
7.350,5.693,31.299
7.300,5.659,31.104
7.250,5.635,31.006
7.200,5.601,30.859
7.150,5.566,30.664
7.100,5.532,30.518
7.050,5.479,30.225
7.000,5.464,30.127
6.950,5.425,29.883
6.900,5.391,29.736
6.850,5.361,29.590
6.800,5.332,29.346
6.750,5.303,29.199
6.700,5.269,29.004
6.650,5.200,28.613
6.600,5.190,28.516
6.550,5.156,28.271
6.500,5.127,28.125
6.450,5.098,27.930
6.400,5.063,27.686
6.350,4.980,27.100
6.300,4.976,27.100
6.250,4.956,26.953
6.200,4.927,26.758
6.150,4.893,26.514
6.100,4.863,26.221
6.050,4.834,26.074
6.000,4.800,25.830
5.950,4.736,25.439
5.900,4.727,25.195
5.850,4.688,25.049
5.800,4.663,24.756
5.750,4.604,24.414
5.700,4.595,24.268
5.650,4.561,24.023
5.600,4.531,23.730
5.550,4.497,23.486
5.500,4.458,23.193
5.450,4.419,22.949
5.400,4.399,22.656
5.350,4.360,22.412
5.300,4.331,22.119
5.250,4.292,21.875
5.200,4.268,21.533
5.150,4.229,21.338
5.100,4.194,20.996
5.050,4.160,20.654
5.000,4.121,20.410
4.950,4.097,20.020
4.900,4.038,19.727
4.850,4.019,19.434
4.800,3.975,19.141
4.750,3.960,18.896
4.700,3.916,18.408
4.650,3.882,18.213
4.600,3.857,17.969
4.550,3.828,17.676
4.500,3.794,17.334
4.450,3.760,17.139
4.400,3.726,16.699
4.350,3.667,16.113
4.300,3.657,15.967
4.250,3.618,15.820
4.200,3.599,15.479
4.150,3.560,15.088
4.100,3.535,14.795
4.050,3.496,14.648
4.000,3.467,14.209
3.950,3.428,13.965
3.900,3.394,13.623
3.850,3.364,13.525
3.800,3.325,13.135
3.750,3.281,12.842
3.700,3.262,12.598
3.650,3.228,12.207
3.600,3.193,12.061
3.550,3.169,11.719
3.500,3.110,11.426
3.450,3.096,11.230
3.400,3.022,10.742
3.350,3.022,10.693
3.300,2.998,10.547
3.250,2.944,10.156
3.200,2.920,10.010
3.150,2.896,9.766
3.100,2.861,9.570
3.050,2.827,9.277
3.000,2.764,8.887
2.950,2.759,8.838
2.900,2.720,8.691
2.850,2.695,8.398
2.800,2.646,8.203
2.750,2.627,7.959
2.700,2.568,7.715
2.650,2.559,7.520
2.600,2.515,7.373
2.550,2.485,7.129
2.500,2.451,6.934
2.450,2.422,6.836
2.400,2.393,6.641
2.350,2.349,6.445
2.300,2.324,6.201
2.250,2.271,6.055
2.200,2.251,5.811
2.150,2.217,5.713
2.100,2.188,5.566
2.050,2.148,5.420
2.000,2.124,5.225
1.950,2.085,5.078
1.900,2.036,4.834
1.850,2.021,4.736
1.800,1.982,4.541
1.750,1.953,4.492
1.700,1.909,4.248
1.650,1.890,4.150
1.600,1.836,3.906
1.550,1.821,3.857
1.500,1.772,3.613
1.450,1.748,3.516
1.400,1.719,3.418
1.350,1.685,3.369
1.300,1.616,3.027
1.250,1.606,3.027
1.200,1.577,2.930
1.150,1.528,2.734
1.100,1.519,2.686
1.050,1.494,2.637
1.000,1.372,2.148
0.950,1.372,2.148
0.900,1.377,2.100
0.850,1.353,2.051
0.800,1.250,1.758
0.750,1.255,1.758
0.700,1.250,1.709
0.650,1.226,1.660
0.600,1.211,1.660
0.550,1.143,1.416
0.500,1.104,1.270
0.450,1.089,1.221
0.400,1.045,1.123
0.350,1.030,1.074
0.300,0.996,0.977
0.250,0.952,0.879
0.200,0.928,0.781
0.150,0.879,0.635
0.100,0.781,0.488
0.050,0.791,0.391
