u[V],p[bar],s[mm] 
0.000,0.003,0.049
0.100,0.000,-0.049
0.200,0.027,0.000
0.300,0.092,0.049
0.400,0.125,0.146
0.500,0.172,0.342
0.600,0.211,0.439
0.700,0.252,0.635
0.800,0.294,0.781
0.900,0.335,0.928
1.000,0.379,1.025
1.100,0.418,1.270
1.200,0.453,1.416
1.300,0.492,1.563
1.400,0.562,1.807
1.500,0.598,1.953
1.600,0.647,2.051
1.700,0.715,2.295
1.800,0.768,2.539
1.900,0.831,2.832
2.000,0.894,3.027
2.100,0.957,3.271
2.200,1.029,3.516
2.300,1.092,3.809
2.400,1.150,4.053
2.500,1.213,4.395
2.600,1.276,4.639
2.700,1.343,4.980
2.800,1.415,5.273
2.900,1.473,5.664
3.000,1.541,5.908
3.100,1.599,6.348
3.200,1.653,6.641
3.300,1.720,7.080
3.400,1.774,7.422
3.500,1.846,7.813
3.600,1.900,8.252
3.700,1.967,8.594
3.800,2.017,9.033
3.900,2.088,9.473
4.000,2.147,9.863
4.100,2.205,10.400
4.200,2.264,10.791
4.300,2.322,11.328
4.400,2.385,11.768
4.500,2.443,12.451
4.600,2.511,12.842
4.700,2.569,13.428
4.800,2.632,14.111
4.900,2.686,14.551
5.000,2.748,15.234
5.100,2.807,15.918
5.200,2.874,16.504
5.300,2.924,17.236
5.400,2.986,17.676
5.500,3.049,18.506
5.600,3.108,18.945
5.700,3.179,19.775
5.800,3.242,20.557
5.900,3.292,20.947
6.000,3.364,21.680
6.100,3.422,22.363
6.200,3.480,22.803
6.300,3.548,23.584
6.400,3.602,23.975
6.500,3.673,24.805
6.600,3.718,25.146
6.700,3.795,25.977
6.800,3.862,26.660
6.900,3.902,27.002
7.000,3.983,27.783
7.100,4.037,28.223
7.200,4.122,28.906
7.300,4.163,29.346
7.400,4.253,29.883
7.500,4.288,30.371
7.600,4.338,30.615
7.700,4.428,31.494
7.800,4.477,31.885
7.900,4.540,32.227
8.000,4.598,32.715
8.100,4.661,33.105
8.200,4.715,33.545
8.300,4.782,33.936
8.400,4.832,34.375
8.500,4.899,34.814
8.600,4.966,35.107
8.700,5.020,35.498
8.800,5.088,35.889
8.900,5.137,36.182
9.000,5.204,36.621
9.100,5.249,36.816
9.200,5.326,37.305
9.300,5.388,37.646
9.400,5.424,37.842
9.500,5.465,38.086
9.600,5.460,38.135
9.700,5.460,38.135
9.800,5.460,38.184
9.900,5.465,38.232
10.000,5.465,38.232
10.100,5.456,38.281
10.000,5.456,38.281
9.900,5.451,38.330
9.800,5.456,38.330
9.700,5.460,38.330
9.600,5.460,38.379
9.500,5.456,38.330
9.400,5.456,38.379
9.300,5.456,38.379
9.200,5.330,38.330
9.100,5.321,38.281
9.000,5.213,37.939
8.900,5.195,37.939
8.800,5.088,37.549
8.700,5.079,37.500
8.600,4.957,37.061
8.500,4.953,37.061
8.400,4.841,36.572
8.300,4.832,36.523
8.200,4.742,36.182
8.100,4.715,36.035
8.000,4.589,35.498
7.900,4.580,35.400
7.800,4.468,34.912
7.700,4.468,34.766
7.600,4.342,34.229
7.500,4.342,34.082
7.400,4.221,33.545
7.300,4.221,33.398
7.200,4.145,33.008
7.100,4.100,32.666
7.000,3.979,32.031
6.900,3.961,31.836
6.800,3.857,31.299
6.700,3.839,31.055
6.600,3.732,30.371
6.500,3.705,30.078
6.400,3.611,29.541
6.300,3.602,29.248
6.200,3.485,28.369
6.100,3.485,28.223
6.000,3.368,27.588
5.900,3.301,26.807
5.800,3.296,26.709
5.700,3.188,26.025
5.600,3.112,25.049
5.500,3.112,25.000
5.400,2.991,23.877
5.300,2.986,23.828
5.200,2.892,23.193
5.100,2.807,22.021
5.000,2.802,22.021
4.900,2.708,21.387
4.800,2.618,20.166
4.700,2.623,20.117
4.600,2.497,18.848
4.500,2.497,18.750
4.400,2.412,18.164
4.300,2.322,16.992
4.200,2.317,16.846
4.100,2.232,16.309
4.000,2.129,15.039
3.900,2.129,14.990
3.800,2.053,14.502
3.700,1.949,13.232
3.600,1.945,13.135
3.500,1.824,12.061
3.400,1.815,12.061
3.300,1.743,11.572
3.200,1.631,10.547
3.100,1.631,10.400
3.000,1.514,9.473
2.900,1.509,9.375
2.800,1.446,9.082
2.700,1.334,8.105
2.600,1.330,8.057
2.500,1.267,7.813
2.400,1.141,6.885
2.300,1.141,6.836
2.200,1.087,6.641
2.100,0.962,5.762
2.000,0.962,5.762
1.900,0.903,5.566
1.800,0.773,4.785
1.700,0.773,4.736
1.600,0.724,4.590
1.500,0.589,3.857
1.400,0.589,3.809
1.300,0.540,3.711
1.200,0.439,3.027
1.100,0.439,2.979
1.000,0.418,2.881
0.900,0.311,2.197
0.800,0.314,2.197
0.700,0.297,2.100
0.600,0.208,1.611
0.500,0.175,1.465
0.400,0.143,1.221
0.300,0.107,1.025
0.200,0.086,0.977
0.100,0.003,0.586
0.000,0.000,0.000
0.100,0.000,0.000
0.200,0.027,0.000
0.300,0.080,0.049
0.400,0.131,0.195
0.500,0.172,0.342
0.600,0.208,0.488
0.700,0.249,0.684
0.800,0.288,0.781
0.900,0.335,0.928
1.000,0.373,1.074
1.100,0.415,1.318
1.200,0.453,1.465
1.300,0.495,1.709
1.400,0.548,1.855
1.500,0.611,2.051
1.600,0.670,2.246
1.700,0.733,2.539
1.800,0.795,2.686
1.900,0.854,2.930
2.000,0.921,3.223
2.100,0.980,3.467
2.200,1.047,3.662
2.300,1.101,4.004
2.400,1.168,4.248
2.500,1.231,4.541
2.600,1.289,4.785
2.700,1.352,5.176
2.800,1.415,5.371
2.900,1.478,5.859
3.000,1.532,6.055
3.100,1.604,6.494
3.200,1.657,6.738
3.300,1.711,7.275
3.400,1.774,7.520
3.500,1.824,7.910
3.600,1.895,8.350
3.700,1.954,8.740
3.800,2.012,9.229
3.900,2.075,9.570
4.000,2.133,10.059
4.100,2.196,10.547
4.200,2.259,10.938
4.300,2.322,11.670
4.400,2.371,11.963
4.500,2.439,12.695
4.600,2.506,13.184
4.700,2.551,13.574
4.800,2.627,14.355
4.900,2.663,14.746
5.000,2.762,15.674
5.100,2.802,16.211
5.200,2.856,16.553
5.300,2.946,17.627
5.400,3.009,18.262
5.500,3.058,18.652
5.600,3.135,19.385
5.700,3.193,20.068
5.800,3.251,20.508
5.900,3.314,21.240
6.000,3.368,21.826
6.100,3.431,22.314
6.200,3.512,23.145
6.300,3.561,23.730
6.400,3.637,24.512
6.500,3.678,24.951
6.600,3.768,25.537
6.700,3.804,26.123
6.800,3.884,26.904
6.900,3.920,27.148
7.000,3.992,27.930
7.100,4.042,28.271
7.200,4.113,28.906
7.300,4.167,29.346
7.400,4.239,29.932
7.500,4.279,30.322
7.600,4.356,30.762
7.700,4.410,31.250
7.800,4.477,31.641
7.900,4.531,32.227
8.000,4.598,32.568
8.100,4.657,33.105
8.200,4.710,33.447
8.300,4.773,33.936
8.400,4.832,34.229
8.500,4.899,34.766
8.600,4.953,35.010
8.700,5.020,35.547
8.800,5.083,35.889
8.900,5.146,36.328
9.000,5.177,36.523
9.100,5.245,36.914
9.200,5.245,36.914
9.300,5.240,36.963
9.400,5.240,37.012
9.500,5.236,37.012
9.600,5.236,37.012
9.700,5.240,37.061
9.800,5.240,37.061
9.900,5.236,37.061
10.000,5.231,37.109
10.100,5.236,37.109
10.000,5.231,37.109
9.900,5.236,37.109
9.800,5.231,37.158
9.700,5.236,37.158
9.600,5.231,37.207
9.500,5.231,37.207
9.400,5.231,37.207
9.300,5.222,37.207
9.200,5.231,37.207
9.100,5.227,37.256
9.000,5.231,37.256
8.900,5.204,37.256
8.800,5.115,37.158
8.700,5.079,37.109
8.600,5.002,36.816
8.500,4.966,36.719
8.400,4.868,36.328
8.300,4.841,36.182
8.200,4.751,35.840
8.100,4.719,35.693
8.000,4.625,35.303
7.900,4.598,35.156
7.800,4.482,34.570
7.700,4.464,34.521
7.600,4.383,34.033
7.500,4.351,33.936
7.400,4.239,33.252
7.300,4.221,33.154
7.200,4.109,32.471
7.100,4.086,32.422
7.000,3.974,31.738
6.900,3.970,31.641
6.800,3.857,31.006
6.700,3.844,30.811
6.600,3.727,30.176
6.500,3.718,29.883
6.400,3.619,29.346
6.300,3.602,29.053
6.200,3.498,28.418
6.100,3.462,27.930
6.000,3.395,27.539
5.900,3.332,26.904
5.800,3.283,26.563
5.700,3.202,25.635
5.600,3.175,25.488
5.500,3.045,24.365
5.400,3.040,24.219
5.300,2.946,23.633
5.200,2.901,22.900
5.100,2.847,22.510
5.000,2.784,21.729
4.900,2.722,21.143
4.800,2.654,20.654
4.700,2.605,19.873
4.600,2.533,19.141
4.500,2.475,18.555
4.400,2.407,18.018
4.300,2.353,17.236
4.200,2.304,16.895
4.100,2.223,15.869
4.000,2.178,15.479
3.900,2.084,14.355
3.800,2.071,14.258
3.700,1.949,13.037
3.600,1.945,13.037
3.500,1.873,12.598
3.400,1.761,11.523
3.300,1.756,11.426
3.200,1.689,11.035
3.100,1.577,9.912
3.000,1.572,9.814
2.900,1.505,9.473
2.800,1.393,8.545
2.700,1.388,8.447
2.600,1.330,8.203
2.500,1.208,7.275
2.400,1.208,7.227
2.300,1.141,6.982
2.200,1.020,6.055
2.100,1.024,6.006
2.000,0.966,5.811
1.900,0.831,5.029
1.800,0.827,4.932
1.700,0.782,4.785
1.600,0.652,4.053
1.500,0.652,4.004
1.400,0.607,3.857
1.300,0.477,3.174
1.200,0.477,3.125
1.100,0.394,2.588
1.000,0.397,2.637
0.900,0.373,2.490
0.800,0.273,1.855
0.700,0.276,1.855
0.600,0.252,1.758
0.500,0.175,1.318
0.400,0.163,1.270
0.300,0.107,0.977
0.200,0.077,0.781
0.100,-0.003,0.488
0.000,0.000,0.000
0.100,0.000,0.000
0.200,0.027,0.000
0.300,0.080,0.049
0.400,0.131,0.195
0.500,0.172,0.342
0.600,0.208,0.488
0.700,0.249,0.684
0.800,0.288,0.781
0.900,0.335,0.928
1.000,0.373,1.074
1.100,0.415,1.318
1.200,0.453,1.465
1.300,0.495,1.709
1.400,0.548,1.855
1.500,0.611,2.051
1.600,0.670,2.246
1.700,0.733,2.539
1.800,0.795,2.686
1.900,0.854,2.930
2.000,0.921,3.223
2.100,0.980,3.467
2.200,1.047,3.662
2.300,1.101,4.004
2.400,1.168,4.248
2.500,1.231,4.541
2.600,1.289,4.785
2.700,1.352,5.176
2.800,1.415,5.371
2.900,1.478,5.859
3.000,1.532,6.055
3.100,1.604,6.494
3.200,1.657,6.738
3.300,1.711,7.275
3.400,1.774,7.520
3.500,1.824,7.910
3.600,1.895,8.350
3.700,1.954,8.740
3.800,2.012,9.229
3.900,2.075,9.570
4.000,2.133,10.059
4.100,2.196,10.547
4.200,2.259,10.938
4.300,2.322,11.670
4.400,2.371,11.963
4.500,2.439,12.695
4.600,2.506,13.184
4.700,2.551,13.574
4.800,2.627,14.355
4.900,2.663,14.746
5.000,2.762,15.674
5.100,2.802,16.211
5.200,2.856,16.553
5.300,2.946,17.627
5.400,3.009,18.262
5.500,3.058,18.652
5.600,3.135,19.385
5.700,3.193,20.068
5.800,3.251,20.508
5.900,3.314,21.240
6.000,3.368,21.826
6.100,3.431,22.314
6.200,3.512,23.145
6.300,3.561,23.730
6.400,3.637,24.512
6.500,3.678,24.951
6.600,3.768,25.537
6.700,3.804,26.123
6.800,3.884,26.904
6.900,3.920,27.148
7.000,3.992,27.930
7.100,4.042,28.271
7.200,4.113,28.906
7.300,4.167,29.346
7.400,4.239,29.932
7.500,4.279,30.322
7.600,4.356,30.762
7.700,4.410,31.250
7.800,4.477,31.641
7.900,4.531,32.227
8.000,4.598,32.568
8.100,4.657,33.105
8.200,4.710,33.447
8.300,4.773,33.936
8.400,4.832,34.229
8.500,4.899,34.766
8.600,4.953,35.010
8.700,5.020,35.547
8.800,5.083,35.889
8.900,5.146,36.328
9.000,5.177,36.523
9.100,5.245,36.914
9.200,5.245,36.914
9.300,5.240,36.963
9.400,5.240,37.012
9.500,5.236,37.012
9.600,5.236,37.012
9.700,5.240,37.061
9.800,5.240,37.061
9.900,5.236,37.061
10.000,5.231,37.109
10.100,5.236,37.109
10.000,5.231,37.109
9.900,5.236,37.109
9.800,5.231,37.158
9.700,5.236,37.158
9.600,5.231,37.207
9.500,5.231,37.207
9.400,5.231,37.207
9.300,5.222,37.207
9.200,5.231,37.207
9.100,5.227,37.256
9.000,5.231,37.256
8.900,5.204,37.256
8.800,5.115,37.158
8.700,5.079,37.109
8.600,5.002,36.816
8.500,4.966,36.719
8.400,4.868,36.328
8.300,4.841,36.182
8.200,4.751,35.840
8.100,4.719,35.693
8.000,4.625,35.303
7.900,4.598,35.156
7.800,4.482,34.570
7.700,4.464,34.521
7.600,4.383,34.033
7.500,4.351,33.936
7.400,4.239,33.252
7.300,4.221,33.154
7.200,4.109,32.471
7.100,4.086,32.422
7.000,3.974,31.738
6.900,3.970,31.641
6.800,3.857,31.006
6.700,3.844,30.811
6.600,3.727,30.176
6.500,3.718,29.883
6.400,3.619,29.346
6.300,3.602,29.053
6.200,3.498,28.418
6.100,3.462,27.930
6.000,3.395,27.539
5.900,3.332,26.904
5.800,3.283,26.563
5.700,3.202,25.635
5.600,3.175,25.488
5.500,3.045,24.365
5.400,3.040,24.219
5.300,2.946,23.633
5.200,2.901,22.900
5.100,2.847,22.510
5.000,2.784,21.729
4.900,2.722,21.143
4.800,2.654,20.654
4.700,2.605,19.873
4.600,2.533,19.141
4.500,2.475,18.555
4.400,2.407,18.018
4.300,2.353,17.236
4.200,2.304,16.895
4.100,2.223,15.869
4.000,2.178,15.479
3.900,2.084,14.355
3.800,2.071,14.258
3.700,1.949,13.037
3.600,1.945,13.037
3.500,1.873,12.598
3.400,1.761,11.523
3.300,1.756,11.426
3.200,1.689,11.035
3.100,1.577,9.912
3.000,1.572,9.814
2.900,1.505,9.473
2.800,1.393,8.545
2.700,1.388,8.447
2.600,1.330,8.203
2.500,1.208,7.275
2.400,1.208,7.227
2.300,1.141,6.982
2.200,1.020,6.055
2.100,1.024,6.006
2.000,0.966,5.811
1.900,0.831,5.029
1.800,0.827,4.932
1.700,0.782,4.785
1.600,0.652,4.053
1.500,0.652,4.004
1.400,0.607,3.857
1.300,0.477,3.174
1.200,0.477,3.125
1.100,0.394,2.588
1.000,0.397,2.637
0.900,0.373,2.490
0.800,0.273,1.855
0.700,0.276,1.855
0.600,0.252,1.758
0.500,0.175,1.318
0.400,0.163,1.270
0.300,0.107,0.977
0.200,0.077,0.781
0.100,-0.003,0.488
0.000,0.003,0.000
0.100,0.000,0.000
0.200,0.030,-0.049
0.300,0.083,0.098
0.400,0.113,0.146
0.500,0.151,0.293
0.600,0.199,0.391
0.700,0.237,0.586
0.800,0.279,0.684
0.900,0.314,0.830
1.000,0.362,1.074
1.100,0.403,1.270
1.200,0.450,1.465
1.300,0.489,1.660
1.400,0.544,1.855
1.500,0.611,2.100
1.600,0.670,2.246
1.700,0.728,2.490
1.800,0.795,2.734
1.900,0.849,2.979
2.000,0.917,3.174
2.100,0.975,3.467
2.200,1.038,3.711
2.300,1.101,4.053
2.400,1.168,4.248
2.500,1.222,4.590
2.600,1.285,4.834
2.700,1.348,5.176
2.800,1.406,5.420
2.900,1.469,5.859
3.000,1.532,6.104
3.100,1.595,6.543
3.200,1.657,6.836
3.300,1.716,7.227
3.400,1.752,7.373
3.500,1.828,8.008
3.600,1.886,8.252
3.700,1.949,8.740
3.800,2.008,9.131
3.900,2.071,9.619
4.000,2.138,10.156
4.100,2.223,10.645
4.200,2.268,11.279
4.300,2.349,11.768
4.400,2.398,12.256
4.500,2.461,12.744
4.600,2.506,13.330
4.700,2.591,13.916
4.800,2.632,14.551
4.900,2.704,14.990
5.000,2.753,15.625
5.100,2.825,16.162
5.200,2.874,16.846
5.300,2.964,17.480
5.400,3.004,18.164
5.500,3.054,18.652
5.600,3.112,19.336
5.700,3.184,19.824
5.800,3.242,20.508
5.900,3.314,21.240
6.000,3.391,22.070
6.100,3.431,22.559
6.200,3.516,23.242
6.300,3.543,23.584
6.400,3.619,24.365
6.500,3.678,24.756
6.600,3.745,25.537
6.700,3.799,25.879
6.800,3.866,26.611
6.900,3.902,26.904
7.000,3.979,27.686
7.100,4.037,28.027
7.200,4.104,28.760
7.300,4.176,29.297
7.400,4.235,29.736
7.500,4.288,30.225
7.600,4.351,30.615
7.700,4.414,31.104
7.800,4.477,31.494
7.900,4.531,31.982
8.000,4.589,32.373
8.100,4.648,32.959
8.200,4.706,33.398
8.300,4.769,33.789
8.400,4.814,34.033
8.500,4.890,34.570
8.600,4.953,35.010
8.700,4.993,35.254
8.800,5.047,35.645
8.900,5.052,35.645
9.000,5.052,35.645
9.100,5.047,35.693
9.200,5.052,35.693
9.300,5.052,35.693
9.400,5.047,35.742
9.500,5.047,35.791
9.600,5.043,35.791
9.700,5.047,35.791
9.800,5.043,35.791
9.900,5.043,35.840
10.000,5.047,35.840
10.100,5.043,35.840
10.000,5.038,35.889
9.900,5.038,35.889
9.800,5.043,35.889
9.700,5.043,35.938
9.600,5.038,35.938
9.500,5.038,35.938
9.400,5.034,35.986
9.300,5.038,35.986
9.200,5.034,35.938
9.100,5.034,35.986
9.000,5.034,35.986
8.900,5.034,35.986
8.800,5.038,36.035
8.700,5.038,36.035
8.600,5.016,36.035
8.500,4.948,35.986
8.400,4.877,35.791
8.300,4.841,35.645
8.200,4.706,35.156
8.100,4.710,35.156
8.000,4.589,34.668
7.900,4.589,34.619
7.800,4.464,34.131
7.700,4.464,34.033
7.600,4.351,33.398
7.500,4.333,33.350
7.400,4.257,32.959
7.300,4.212,32.666
7.200,4.145,32.324
7.100,4.086,31.934
7.000,4.033,31.592
6.900,3.943,31.055
6.800,3.920,30.908
6.700,3.790,30.029
6.600,3.790,29.980
6.500,3.673,29.395
6.400,3.646,29.004
6.300,3.588,28.613
6.200,3.534,28.125
6.100,3.458,27.686
6.000,3.417,27.246
5.900,3.323,26.660
5.800,3.296,26.074
5.700,3.206,25.537
5.600,3.171,25.098
5.500,3.067,24.463
5.400,3.004,23.584
5.300,2.982,23.340
5.200,2.888,22.705
5.100,2.838,21.973
5.000,2.807,21.582
4.900,2.713,21.045
4.800,2.623,19.775
4.700,2.623,19.727
4.600,2.502,18.506
4.500,2.497,18.408
4.400,2.376,17.285
4.300,2.376,17.090
4.200,2.291,16.650
4.100,2.192,15.332
4.000,2.196,15.283
3.900,2.071,14.160
3.800,2.071,13.965
3.700,1.985,13.525
3.600,1.886,12.256
3.500,1.882,12.158
3.400,1.806,11.816
3.300,1.693,10.693
3.200,1.698,10.645
3.100,1.626,10.254
3.000,1.509,9.277
2.900,1.505,9.180
2.800,1.388,8.350
2.700,1.388,8.252
2.600,1.262,7.422
2.500,1.262,7.324
2.400,1.208,7.080
2.300,1.078,6.201
2.200,1.078,6.152
2.100,1.024,5.957
2.000,0.894,5.127
1.900,0.899,5.078
1.800,0.845,4.932
1.700,0.706,4.102
1.600,0.701,4.102
1.500,0.661,3.955
1.400,0.517,3.223
1.300,0.522,3.223
1.200,0.492,3.125
1.100,0.394,2.393
1.000,0.394,2.344
0.900,0.373,2.246
0.800,0.273,1.611
0.700,0.273,1.660
0.600,0.252,1.514
0.500,0.151,0.879
0.400,0.151,0.879
0.300,0.137,0.830
0.200,0.074,0.537
0.100,0.003,0.244
