hold_id,t_start_s,t_end_s,u_cmd_v,delta_u_v,delta_u_pct_span,direction,step_bin
1,0,1.0742,4.073983032184436,0,0,start,start
2,1.0742,2.1484,2.053244667330487,-2.0207383648539485,32.321295528124146,down,medium
3,2.1484,3.2226,1.538446448753164,-0.5147982185773232,8.234091879179081,down,xsmall
4,3.2226,4.2968,2.579728856684461,1.041282407931297,16.65509846318807,up,small
5,4.2968,5.371,6.5570234102377345,3.9772945535532735,63.61601031763711,up,xlarge
6,5.371,6.4452,5.76372184354716,-0.7933015666905741,12.688695788572874,down,small
7,6.4452,7.5194,6.43011221688988,0.6663903733427192,10.658777290776948,up,small
8,7.5194,8.5936,7.088191522914801,0.6580793060249217,10.525843474304335,up,small
9,8.5936,9.6678,6.5475056350549,-0.540685887859901,8.648159837688404,down,xsmall
10,9.6678,10.742,5.598214449253664,-0.9492911858012363,15.183717740095844,down,small
11,10.742,11.8162,6.2324189213341885,0.6342044720805244,10.143970404033048,up,small
12,11.8162,12.8904,4.96838582269922,-1.2640330986349682,20.217950056718088,down,small
13,12.8904,13.9646,6.086740774614416,1.1183549519151956,17.887857990366136,up,small
14,13.9646,15.0388,3.7952904439019983,-2.2914503307124177,36.651277876998606,down,medium
15,15.0388,16.113,4.877161136781011,1.0818706928790123,17.304299752969904,up,small
16,16.113,17.1872,3.9824612994589774,-0.8946998373220332,14.310540322294573,down,small
17,17.1872,18.261400000000002,3.246760492558794,-0.7357008069001836,11.76738345432407,down,small
18,18.261400000000002,19.3356,2.857385097465965,-0.3893753950928289,6.227979551961954,down,xsmall
19,19.3356,20.4098,1.6196951820978884,-1.2376899153680765,19.796596245492616,down,small
20,20.4098,21.484,4.5315307337167905,2.911835551618902,46.574212193954736,up,large
21,21.484,22.5582,3.1423586280591373,-1.3891721056576531,22.219522797862407,down,small
22,22.5582,23.6324,2.8075787470846425,-0.33477988097449485,5.3547355056174935,down,xsmall
23,23.6324,24.7066,3.745086298814792,0.9375075517301497,14.995240930910114,up,small
24,24.7066,25.7808,3.212033810186109,-0.5330524886286834,8.526065183215819,down,xsmall
25,25.7808,26.855,2.60804194364696,-0.6039918665391486,9.660725977460276,down,xsmall
26,26.855,27.9292,3.2268780269444823,0.6188360832975222,9.89815617875484,up,xsmall
27,27.9292,29.003400000000003,2.15968420172379,-1.0671938252206923,17.06954626619379,down,small
28,29.003400000000003,30.0776,4.833753018445492,2.674068816721702,42.77118205456062,up,large
29,30.0776,31.1518,6.8040451468007905,1.9702921283552985,31.514418325952377,up,medium
30,31.1518,32.226,5.135352192529937,-1.6686929542708535,26.69040141898082,down,medium
31,32.226,33.300200000000004,6.906414659598283,1.7710624670683464,28.327780771867506,up,medium
32,33.300200000000004,34.3744,4.716507195716016,-2.1899074638822675,35.02712055674728,down,medium
33,34.3744,35.4486,5.045863731199685,0.3293565354836687,5.267990207260781,up,xsmall
34,35.4486,36.522800000000004,5.708684526933751,0.6628207957340662,10.6016826293371,up,small
35,36.522800000000004,37.597,3.633535524688074,-2.0751490022456767,33.191582509159794,down,medium
36,37.597,38.6712,3.9759792516055077,0.34244372691743363,5.477317148996963,up,xsmall
37,38.6712,39.745400000000004,4.872719476411209,0.8967402248057015,14.3431759014465,up,small
38,39.745400000000004,40.8196,3.3465042201983146,-1.5262152562128946,24.41149987230238,down,small
39,40.8196,41.8938,3.7356087983626094,0.3891045781642948,6.2236478907566175,up,xsmall
40,41.8938,42.968,2.0132463261036193,-1.72236247225899,27.548834347219856,down,medium
41,42.968,44.0422,4.6377119941455724,2.624465668041953,41.97778986906632,up,large
42,44.0422,45.1164,1.9822220777078412,-2.6554899164377312,42.474016356561336,down,large
43,45.1164,46.1906,3.3105259500784503,1.328303872370609,21.24594789545907,up,small
44,46.1906,47.2648,2.3705655179510234,-0.9399604321274269,15.034474249579386,down,small
45,47.2648,48.339,1.8724894369651763,-0.4980760809858471,7.966624719473269,down,xsmall
46,48.339,49.4132,3.37967403162759,1.5071845946624136,24.10710834553822,up,small
47,49.4132,50.4874,1.5262297669115208,-1.8534442647160692,29.645460722038894,down,medium
48,50.4874,51.5616,4.813099339264697,3.286869572353176,52.57280440563336,up,large
49,51.5616,52.6358,1.668559832741355,-3.1445395065233415,50.2962642061524,down,large
50,52.6358,53.71,4.065593424815857,2.397033592074502,38.34006047877484,up,medium
51,53.71,54.784200000000006,5.064007748862891,0.998414324047034,15.969432257188254,up,small
52,54.784200000000006,55.8584,2.013789036673421,-3.05021871218947,48.78762245364487,down,large
53,55.8584,56.9326,2.7051806756629766,0.6913916389895558,11.058667405006037,up,small
54,56.9326,58.006800000000005,4.6682771508772944,1.9630964752143178,31.39932533037582,up,medium
55,58.006800000000005,59.081,2.5077840209246034,-2.160493129952691,34.55664432081483,down,medium
56,59.081,60.1552,2.1330520235839225,-0.37473199734068086,5.993761409467661,down,xsmall
57,60.1552,61.229400000000005,1.6555394663556937,-0.47751255722822883,7.637715376220601,down,xsmall
58,61.229400000000005,62.3036,4.7392117618477725,3.0836722954920788,49.32270565452055,up,large
59,62.3036,63.3778,5.422778621639659,0.6835668597918865,10.933511667237646,up,small
60,63.3778,64.452,4.433026294968225,-0.9897523266714341,15.830885386445376,down,small
61,64.452,65.5262,5.896836501534834,1.4638102065666088,23.413343907558943,up,small
62,65.5262,66.60040000000001,4.770586551965305,-1.1262499495695284,18.014136857941345,down,small
63,66.60040000000001,67.6746,6.8432933933706925,2.0727068414053873,33.15252064760509,up,medium
64,67.6746,68.7488,4.6914879268836485,-2.151805466487044,34.41768692622786,down,medium
65,68.7488,69.82300000000001,6.6944695618746906,2.002981634991042,32.037280277315794,up,medium
66,69.82300000000001,70.8972,7.136034825069355,0.44156526319466405,7.062745783866078,up,xsmall
67,70.8972,71.9714,4.958309333948078,-2.1777254911212767,34.83227240194818,down,medium
68,71.9714,73.04560000000001,3.7673144806230816,-1.1909948533249963,19.04971830906685,down,small
69,73.04560000000001,74.1198,4.992488893472105,1.2251744128490234,19.596413350647378,up,small
70,74.1198,75.194,5.4053301863925665,0.41284129292046146,6.603311772951629,up,xsmall
71,75.194,76.26820000000001,6.697191851146788,1.2918616647542214,20.663062261894307,up,small
72,76.26820000000001,77.3424,5.660362560897128,-1.0368292902496599,16.583871759566737,down,small
73,77.3424,78.4166,6.617243740183924,0.9568811792867962,15.305118128572682,up,small
74,78.4166,79.49080000000001,4.189069689336636,-2.4281740508472884,38.838145727405895,down,medium
75,79.49080000000001,80.565,3.7601628114633656,-0.4289068778732701,6.860277507914276,down,xsmall
76,80.565,81.6392,6.138943739390786,2.3787809279274206,38.04811286084754,up,medium
77,81.6392,82.71340000000001,3.2390221177273952,-2.899921621663391,46.38365132883192,down,large
78,82.71340000000001,83.7876,2.017588137194933,-1.221433980532462,19.536585903210728,down,small
79,83.7876,84.8618,2.487857502550989,0.4702693653560557,7.521862008392682,up,xsmall
80,84.8618,85.936,3.723081680929999,1.2352241783790103,19.75715728827561,up,small
81,85.936,87.0102,1.4755139226912584,-2.2475677582387408,35.9493851341652,down,medium
82,87.0102,88.0844,3.6737118715045995,2.198197948813341,35.15972516216737,up,medium
83,88.0844,89.1586,1.557778485552494,-2.1159333859521054,33.843920358351454,down,medium
84,89.1586,90.2328,2.880246870968838,1.322468385416344,21.152610478958373,up,small
85,90.2328,91.307,4.184512247172207,1.304265376203369,20.86145708151384,up,small
86,91.307,92.3812,4.584876829234214,0.4003645820620072,6.403749342758346,up,xsmall
87,92.3812,93.4554,3.136688211348444,-1.4481886178857701,23.163479801866725,down,small
88,93.4554,94.5296,1.7373755182800712,-1.3993126930683728,22.381719412838013,down,small
89,94.5296,95.6038,5.26504556416782,3.5276700458877484,56.424358572065834,up,large
90,95.6038,96.678,6.371641372984276,1.106595808816456,17.69977290925801,up,small
91,96.678,97.7522,7.093565015618377,0.7219236426341009,11.547020538704487,up,small
92,97.7522,98.8264,5.859916114673405,-1.2336489009449716,19.731961048935627,down,small
93,98.8264,99.9006,3.543260282135704,-2.316655832537701,37.0544347069965,down,medium
94,99.9006,100.9748,5.733588741974311,2.1903284598386064,35.033854300688425,up,medium
95,100.9748,102.049,6.481742994217908,0.7481542522435971,11.966573757377926,up,small
96,102.049,103.1232,5.133118194001636,-1.348624800216272,21.570976966876156,down,small
97,103.1232,104.1974,6.325100933827047,1.191982739825411,19.065519350945156,up,small
98,104.1974,105.2716,7.037373921785396,0.7122729879583494,11.392660297299665,up,small
99,105.2716,106.34580000000001,6.6948825101113805,-0.34249141167401564,5.478079856894472,down,xsmall
100,106.34580000000001,107.42,5.197432929908699,-1.497449580202681,23.951398786697673,down,small
101,107.42,108.4942,2.1045555616276443,-3.092877368281055,49.469938905071466,down,large
102,108.4942,109.56840000000001,3.0167594424852333,0.912203880857589,14.590513907143466,up,small
103,109.56840000000001,110.6426,4.76626573011272,1.749506287627487,27.98299410463577,up,medium
104,110.6426,111.7168,2.5277576741164722,-2.238508055996248,35.804477055677964,down,medium
105,111.7168,112.79100000000001,6.1738237082368945,3.6460660341204223,58.31807811120525,up,large
106,112.79100000000001,113.8652,5.602555398197542,-0.5712683100393523,9.137319405507737,down,xsmall
107,113.8652,114.9394,3.1378698993837655,-2.4646854988137767,39.4221388461637,down,medium
108,114.9394,116.01360000000001,5.268788007489567,2.1309181081058015,34.08359791461512,up,medium
109,116.01360000000001,117.0878,6.53645947053523,1.2676714630456631,20.276144948942832,up,small
110,117.0878,118.162,5.806515379905254,-0.7299440906299761,11.675305958752602,down,small
111,118.162,119.23620000000001,4.182255627902091,-1.6242597520031632,25.9797014655711,down,medium
112,119.23620000000001,120.3104,6.502515339929346,2.320259712027255,37.11207801998326,up,medium
113,120.3104,121.3846,6.1181206228365514,-0.3843947170927944,6.148314629293363,down,xsmall
114,121.3846,122.45880000000001,4.212677012586677,-1.9054436102498746,30.477179584559053,down,medium
115,122.45880000000001,123.533,4.894896329830418,0.6822193172437414,10.91195800067059,up,small
116,123.533,124.6072,6.49968675951106,1.6047904296806417,25.668293649763136,up,medium
117,124.6072,125.68140000000001,3.7940933623145416,-2.7055933971965183,43.27541125100105,down,large
118,125.68140000000001,126.7556,6.989825274892075,3.1957319125775334,51.115076237265036,up,large
119,126.7556,127.8298,4.455783953678518,-2.5340413212135573,40.53147099493073,down,large
120,127.8298,128.904,3.2853734015180143,-1.1704105521605035,18.720476635454364,down,small
121,128.904,129.97820000000002,2.258688988830884,-1.0266844126871302,16.421606524493193,down,small
122,129.97820000000002,131.0524,3.0122065515288767,0.7535175626979926,12.052358807644998,up,small
123,131.0524,132.1266,2.319344399388341,-0.6928621521405356,11.082187961134164,down,small
124,132.1266,133.20080000000002,0.9984566418423544,-1.3208877575459868,21.127328660487283,down,small
125,133.20080000000002,134.275,2.439281906540053,1.4408252646976987,23.045704478445867,up,small
126,134.275,135.3492,1.3498002994986107,-1.0894816070414424,17.426034763380752,down,small
127,135.3492,136.42340000000002,2.5906126125675133,1.2408123130689026,19.846538356059725,up,small
128,136.42340000000002,137.4976,1.1494577675378084,-1.441154845029705,23.050976048232588,down,small
129,137.4976,138.5718,6.368657882355112,5.219200114817304,83.48003495426383,up,xlarge
130,138.5718,139.64600000000002,4.273122276510044,-2.0955356058450683,33.517662050782334,down,medium
131,139.64600000000002,140.7202,2.5113485607374595,-1.7617737157725846,28.179209100769818,down,medium
132,140.7202,141.7944,3.418682607567948,0.9073340468304885,14.512621911078845,up,small
133,141.7944,142.86860000000001,4.0744308694703655,0.6557482619024175,10.488558901851532,up,small
134,142.86860000000001,143.9428,1.5945068377730687,-2.479924031697297,39.66587605297369,down,medium
135,143.9428,145.017,2.4951918173929757,0.900684979619907,14.406271445309818,up,small
136,145.017,146.09120000000001,1.0355351295416397,-1.459656687851336,23.346909227932503,down,small
137,146.09120000000001,147.1654,3.329340435143463,2.293805305601823,36.688945217157844,up,medium
138,147.1654,148.2396,4.313231838201879,0.9838914030584158,15.737141115807043,up,small
139,148.2396,149.31380000000001,2.99911745353498,-1.3141143846668988,21.01898995105569,down,small
140,149.31380000000001,150.388,3.4223286917695637,0.42321123823458384,6.769176920532207,up,xsmall
141,150.388,151.4622,5.660598106689603,2.2382694149200395,35.8006600406287,up,medium
142,151.4622,152.53640000000001,6.664029910221808,1.0034318035322052,16.049685812060627,up,small
143,152.53640000000001,153.6106,5.196863706166688,-1.46716620405512,23.46702239879977,down,small
144,153.6106,154.6848,4.5190046184978065,-0.6778590876688817,10.842217023258259,down,small
145,154.6848,155.75900000000001,2.684423948919292,-1.8345806695785147,29.343741388270594,down,medium
146,155.75900000000001,156.8332,1.1470582838158354,-1.5373656651034564,24.58984837465158,down,small
147,156.8332,157.9074,2.9748327313467877,1.8277744475309523,29.234877263129288,up,medium
148,157.9074,158.98160000000001,2.143673324920132,-0.8311594064266559,13.294224167430917,down,small
149,158.98160000000001,160.0558,4.894493145700153,2.750819820780021,43.998798616603025,up,large
150,160.0558,161.13,2.639793618232951,-2.254699527467202,36.06345631966879,down,medium
151,161.13,162.20420000000001,4.746472383717786,2.106678765484835,33.695894602852476,up,medium
152,162.20420000000001,163.2784,3.911085710186036,-0.8353866735317501,13.36183843742076,down,small
153,163.2784,164.3526,3.569762180660082,-0.34132352952595424,5.459399821563802,down,xsmall
154,164.3526,165.42680000000001,2.6540288922493964,-0.9157332884106855,14.646966056786832,down,small
155,165.42680000000001,166.501,4.630913656149336,1.9768847638999398,31.619866178803417,up,medium
156,166.501,167.5752,6.646606120689684,2.015692464540348,32.24058738793247,up,medium
157,167.5752,168.64940000000001,5.895210408626164,-0.7513957120635206,12.018420242110679,down,small
158,168.64940000000001,169.7236,3.254466265245256,-2.640744143380908,42.23816074207425,down,large
159,169.7236,170.7978,4.634864204059353,1.380397938814097,22.079181799494645,up,small
160,170.7978,171.872,7.1071823423234015,2.4723181382640487,39.54422134809595,up,medium
161,171.872,172.9462,6.2912023149027245,-0.815980027420677,13.051433114754929,down,small
162,172.9462,174.0204,7.061130489399277,0.7699281744965525,12.31484317621238,up,small
163,174.0204,175.0946,6.048600053380083,-1.012530436019194,16.19521657182082,down,small
164,175.0946,176.1688,4.603521772301227,-1.4450782810788558,23.11373060282307,down,small
165,176.1688,177.243,5.855228112142923,1.2517063398416957,20.02078607904003,up,small
166,177.243,178.3172,6.7042229204676165,0.8489948083246937,13.57949776129917,up,small
167,178.3172,179.3914,5.366059530735203,-1.3381633897324132,21.40364885267259,down,small
168,179.3914,180.4656,6.561513103455899,1.1954535727206954,19.12103461095524,up,small
169,180.4656,181.5398,3.3838535811242236,-3.177659522331675,50.82601206339897,down,large
170,181.5398,182.614,1.8917776504785409,-1.4920759306456828,23.865448364605857,down,small
171,182.614,183.6882,2.5696643932899126,0.6778867428113717,10.84265936158807,up,small
172,183.6882,184.7624,1.4753754809008606,-1.094288912389052,17.50292662604663,down,small
173,184.7624,185.8366,3.016998061585691,1.5416225806848303,24.6579368659362,up,small
174,185.8366,186.9108,1.3698195726312254,-1.6471784889544654,26.346281960611048,down,medium
175,186.9108,187.985,4.5292656045150546,3.159446031883829,50.53469102075322,up,large
176,187.985,189.0592,5.154696282140753,0.6254306776256984,10.003635361946614,up,small
177,189.0592,190.1334,6.138938872042562,0.9842425899018092,15.742758277310152,up,small
178,190.1334,191.2076,3.5210820324476715,-2.6178568395948907,41.87208301406354,down,large
179,191.2076,192.2818,2.331944638121888,-1.1891373943257837,19.02000863349029,down,small
180,192.2818,193.356,4.88303474277898,2.551090104657092,40.8041627880186,up,large
181,193.356,194.4302,5.752021592737646,0.8689868499586657,13.899266365241559,up,small
182,194.4302,195.5044,3.0047285339135636,-2.747293058824082,43.942388782743365,down,large
183,195.5044,196.5786,4.278387083047434,1.2736585491338706,20.371907162485634,up,small
184,196.5786,197.6528,3.261905188793782,-1.0164818942536522,16.258419335515658,down,small
185,197.6528,198.727,5.748169835884844,2.486264647091062,39.76729289522128,up,medium
186,198.727,199.8012,6.3786648471627165,0.6304950112778727,10.084638339606606,up,small
187,199.8012,200.8754,5.930401848139552,-0.44826299902316435,7.169874694192829,down,xsmall
188,200.8754,201.9496,6.510637152984452,0.5802353048448996,9.280744647562859,up,xsmall
189,201.9496,203.0238,4.701017287273919,-1.8096198657105331,28.94449845189229,down,medium
190,203.0238,204.098,6.22490993501069,1.523892647736771,24.374350226282594,up,small
191,204.098,205.1722,4.9785439635762,-1.2463659714344892,19.935367982110467,down,small
192,205.1722,206.2464,4.508001027892437,-0.4705429356837634,7.526237709652851,down,xsmall
193,206.2464,207.3206,3.3500549905704435,-1.1579460373219934,18.52110927809769,down,small
194,207.3206,208.3948,4.870463592863015,1.5204086022925711,24.318623634263574,up,small
195,208.3948,209.46900000000002,2.486745716950142,-2.3837178759128728,38.12707833090547,down,medium
196,209.46900000000002,210.5432,3.3063666544837877,0.8196209375336458,13.10966872496521,up,small
197,210.5432,211.6174,5.232456077210831,1.9260894227270429,30.80740511899682,up,medium
198,211.6174,212.69160000000002,4.820642903500225,-0.41181317371060544,6.586867217140813,down,xsmall
199,212.69160000000002,213.7658,1.221402625065675,-3.59924027843455,57.56910975677892,down,large
200,213.7658,214.84,2.054181266877044,0.8327786418113687,13.320123505172585,up,small
201,214.84,215.91420000000002,3.9533991924682286,1.8992179255911847,30.37760103583735,up,medium
202,215.91420000000002,216.9884,2.6417545710022674,-1.3116446214659612,20.979486595405906,down,small
203,216.9884,218.0626,2.0560623900832815,-0.5856921809189859,9.368026260718969,down,xsmall
204,218.0626,219.13680000000002,3.408503268010915,1.3524408779276333,21.632014346881615,up,small
205,219.13680000000002,220.211,3.011207544148803,-0.39729572386211176,6.354663585523317,down,xsmall
206,220.211,221.2852,6.479107530555223,3.4678999864064197,55.46834873436019,up,large
207,221.2852,222.35940000000002,3.910764673143119,-2.568342857412104,41.08011702839286,down,large
208,222.35940000000002,223.4336,5.043261310380357,1.1324966372372383,18.114051345482903,up,small
209,223.4336,224.5078,2.679888382235512,-2.363372928144845,37.80166506575859,down,medium
210,224.5078,225.58200000000002,5.457573909206248,2.777685526970736,44.42851007478311,up,large
211,225.58200000000002,226.6562,3.391578882198144,-2.0659950270081042,33.04516655345932,down,medium
212,226.6562,227.7304,6.083380925332072,2.6918020431339285,43.05482137249782,up,large
213,227.7304,228.80460000000002,4.610527122409134,-1.4728538029229385,23.55799437570163,down,small
214,228.80460000000002,229.8788,3.2493022414355908,-1.361224880973543,21.77251267328782,down,small
215,229.8788,230.953,2.190583608991351,-1.05871863244424,16.933987296685466,down,small
216,230.953,232.02720000000002,3.6661255016263965,1.4755418926350456,23.60098981910105,up,small
217,232.02720000000002,233.1014,4.370479910349306,0.7043544087229092,11.266004247173143,up,small
218,233.1014,234.1756,6.8321947089546065,2.4617147986053007,39.37462310586124,up,medium
219,234.1756,235.24980000000002,4.033340354466998,-2.7988543544876086,44.76710112746805,down,large
220,235.24980000000002,236.324,5.536586456989672,1.5032461025226738,24.044112971867996,up,small
221,236.324,237.3982,4.609275312348502,-0.9273111446411697,14.83215149163389,down,small
222,237.3982,238.47240000000002,3.0022833086201755,-1.6069920037283265,25.70350737493404,down,medium
223,238.47240000000002,239.5466,4.1671461224266935,1.164862813806518,18.631741698774505,up,small
224,239.5466,240.6208,2.0271342798158707,-2.140011842610823,34.229050332158714,down,medium
225,240.6208,241.69500000000002,2.7656554769136825,0.7385211970978118,11.81249501684382,up,small
226,241.69500000000002,242.7692,3.728720767238462,0.9630652903247796,15.404031715761313,up,small
227,242.7692,243.8434,1.8393657982826688,-1.8893549689557934,30.219845068148484,down,medium
228,243.8434,244.91760000000002,3.6865476847329726,1.8471818864503038,29.545295266600863,up,medium
229,244.91760000000002,245.9918,4.8641856706503415,1.177637985917369,18.836077955461207,up,small
230,245.9918,247.066,3.5352898643055735,-1.328895806344768,21.255415757921966,down,small
231,247.066,248.14020000000002,1.488132120427804,-2.0471577438777695,32.74386807484776,down,medium
232,248.14020000000002,249.2144,3.5857602859089934,2.0976281654811895,33.55113211280799,up,medium
233,249.2144,250.2886,4.577127060583907,0.9913667746749133,15.85670815100649,up,small
234,250.2886,251.36280000000002,6.064970853786023,1.4878437932021162,23.797756194551454,up,small
235,251.36280000000002,252.437,3.7581496053251584,-2.3068212484608646,36.8971325525602,down,medium
236,252.437,253.5112,4.521264132300666,0.7631145269755075,12.205860282146288,up,small
237,253.5112,254.58540000000002,1.0942527280956171,-3.427011404205049,54.81434425162152,down,large
238,254.58540000000002,255.6596,2.667595416568502,1.5733426884728847,25.165293481633338,up,medium
239,255.6596,256.73380000000003,1.7217156174653154,-0.9458797991031864,15.129153309813278,down,small
240,256.73380000000003,257.808,3.8662894898835085,2.144573872418193,34.30201906288442,up,medium
241,257.808,258.8822,7.12149141156174,3.2552019216782315,52.06628683069721,up,large
242,258.8822,259.95640000000003,5.145958812554703,-1.9755325990070371,31.598238578780382,down,medium
243,259.95640000000003,261.0306,5.7378672087204565,0.5919083961657536,9.467453348139923,up,xsmall
244,261.0306,262.1048,3.2404031280070797,-2.4974640807133768,39.946425538095916,down,medium
245,262.1048,263.17900000000003,4.020098583387482,0.7796954553804025,12.47106882988622,up,small
246,263.17900000000003,264.2532,2.722451645639767,-1.2976469377477153,20.755596516395435,down,small
247,264.2532,265.3274,3.8694077420877484,1.1469560964479815,18.34532742874817,up,small
248,265.3274,266.40160000000003,5.812736835532219,1.9433290934444702,31.0831501148641,up,medium
249,266.40160000000003,267.4758,4.75976153274272,-1.0529753027894984,16.842123917281693,down,small
250,267.4758,268.55,5.305382561147898,0.5456210284051775,8.727096398111572,up,xsmall
251,268.55,269.62420000000003,4.299263896606804,-1.006118664541094,16.092661602604185,down,small
252,269.62420000000003,270.6984,6.019556749136754,1.7202928525299503,27.515731204301122,up,medium
253,270.6984,271.7726,5.320401374495423,-0.6991553746413315,11.182846763782853,down,small
254,271.7726,272.84680000000003,1.8527372084355638,-3.467664166059859,55.46457683630288,down,large
255,272.84680000000003,273.921,2.929571133606402,1.0768339251708383,17.223737686928185,up,small
256,273.921,274.9952,3.3776077305000882,0.44803659689368613,7.166253438585307,up,xsmall
257,274.9952,276.06940000000003,2.9547479883448458,-0.42285974215524247,6.763554812863562,down,xsmall
258,276.06940000000003,277.1436,3.8355976418896467,0.8808496535448009,14.089009474576388,up,small
259,277.1436,278.2178,2.8588405033680133,-0.9767571385216334,15.623030018358847,down,small
260,278.2178,279.29200000000003,4.676760989820067,1.8179204864520533,29.077265177520797,up,medium
261,279.29200000000003,280.3662,3.0833383765082534,-1.5934226133118132,25.486467759407013,down,medium
262,280.3662,281.4404,6.463513467059453,3.3801750905512,54.0652070246637,up,large
263,281.4404,282.51460000000003,4.908667242913214,-1.5548462241462389,24.869446329857137,down,small
264,282.51460000000003,283.5888,2.4425556816788756,-2.4661115612343387,39.444948421979255,down,medium
265,283.5888,284.663,3.279190050683118,0.8366343690042424,13.3817950704995,up,small
266,284.663,285.73720000000003,6.1191172455575895,2.8399271948744715,45.42405278207734,up,large
267,285.73720000000003,286.8114,6.6839261194853625,0.564808873927773,9.034002050258493,up,xsmall
268,286.8114,287.8856,5.961037965032494,-0.7228881544528685,11.562447707345887,down,small
269,287.8856,288.95980000000003,4.917012867136795,-1.044025097895699,16.698967226420002,down,small
270,288.95980000000003,290.034,3.481663187436786,-1.4353496797000092,22.958123619895442,down,small
271,290.034,291.1082,5.275523704614405,1.793860517177619,28.69243090563187,up,medium
272,291.1082,292.18240000000003,4.214365357853003,-1.0611583467614016,16.973010026604726,down,small
273,292.18240000000003,293.2566,4.6803420426569735,0.46597668480397036,7.4532014637398305,up,xsmall
274,293.2566,294.3308,3.7076389019759253,-0.9727031406810482,15.558187154703214,down,small
275,294.3308,295.40500000000003,5.96390120105141,2.256262299075485,36.08845253089177,up,medium
276,295.40500000000003,296.4792,7.176972227423298,1.213071026371888,19.40282216733411,up,small
277,296.4792,297.5534,6.741078271822357,-0.4358939556009407,6.97203438255071,down,xsmall
278,297.5534,298.62760000000003,3.0821531773452775,-3.65892509447708,58.52375614317133,down,large
279,298.62760000000003,299.7018,3.964173826694671,0.8820206493493936,14.107739312204412,up,small
280,299.7018,300.776,5.460651643914893,1.4964778172202222,23.93585563718083,up,small
281,300.776,301.85020000000003,6.6622206936505455,1.2015690497356522,19.21885041102798,up,small
282,301.85020000000003,302.9244,4.878193194215999,-1.7840274994345462,28.535153804382738,down,medium
283,302.9244,303.9986,2.765743527440377,-2.112449666775622,33.788198984917614,down,medium
284,303.9986,305.07280000000003,4.097950700542439,1.332207173102062,21.308380389774364,up,small
285,305.07280000000003,306.147,4.9919882397463,0.8940375392038611,14.299946999785597,up,small
286,306.147,307.2212,3.512638034096109,-1.4793502056501913,23.661903004383706,down,small
287,307.2212,308.29540000000003,2.880306032149363,-0.6323320019467458,10.114020628439107,down,small
288,308.29540000000003,309.3696,2.2078339803447484,-0.6724720518046148,10.756052489928306,down,small
289,309.3696,310.4438,3.489849458003768,1.2820154776590194,20.505574519559968,up,small
290,310.4438,311.51800000000003,2.8010452480564663,-0.6888042099473015,11.01728200836722,down,small
291,311.51800000000003,312.5922,4.716269036384349,1.915223788327883,30.633611526207197,up,medium
292,312.5922,313.6664,1.3565801302879184,-3.359688906096431,53.73753470769153,down,large
293,313.6664,314.74060000000003,4.376004264627481,3.0194241343395625,48.29506949940696,up,large
294,314.74060000000003,315.8148,5.301181163158433,0.9251768985309523,14.798014663008345,up,small
295,315.8148,316.889,6.3690678766513305,1.0678867134928973,17.080628871939997,up,small
296,316.889,317.96320000000003,4.443433079751177,-1.9256347969001535,30.800133472176437,down,medium
297,317.96320000000003,319.0374,3.4893059270930973,-0.9541271526580797,15.261068037721113,down,small
298,319.0374,320.1116,1.879087637639048,-1.6102182894540493,25.755111153143496,down,medium
299,320.1116,321.18580000000003,1.0573781323466245,-0.8217095052924235,13.143074937731821,down,small
300,321.18580000000003,322.26,2.523988317681008,1.4666101853343834,23.458128993446227,up,small
301,322.26,323.3342,3.222493138432417,0.6985048207514093,11.172441287795037,up,small
302,323.3342,324.40840000000003,2.0924686194508393,-1.1300245189815779,18.07451032121604,down,small
303,324.40840000000003,325.4826,3.204196265821585,1.1117276463707455,17.781855597981792,up,small
304,325.4826,326.5568,2.628323960754488,-0.5758723050670969,9.210959361322848,down,xsmall
305,326.5568,327.63100000000003,1.346388572593289,-1.281935388161199,20.504293504475203,down,small
306,327.63100000000003,328.7052,3.1592956162441244,1.8129070436508354,28.99707618858,up,medium
307,328.7052,329.7794,1.4215542176292812,-1.7377413986148431,27.7948171188137,down,medium
308,329.7794,330.85360000000003,2.677904524194271,1.2563503065649897,20.095065373924008,up,small
309,330.85360000000003,331.9278,4.414885369834454,1.7369808456401827,27.78265223003525,up,medium
310,331.9278,333.002,3.6725058302432902,-0.7423795395911634,11.874208413365269,down,small
311,333.002,334.07620000000003,3.1593363539783086,-0.5131694762649817,8.208040480080635,down,xsmall
312,334.07620000000003,335.1504,1.9291156718611862,-1.2302206821171224,19.677127392190556,down,small
313,335.1504,336.2246,3.460764187465267,1.5316485156040809,24.498403741461207,up,small
314,336.2246,337.29880000000003,5.080892694589405,1.620128507124138,25.91362305138527,up,medium
315,337.29880000000003,338.373,3.055124821836444,-2.025767872752961,32.40174147500791,down,medium
316,338.373,339.4472,1.100480957087332,-1.954643864749112,31.26412756030242,down,medium
317,339.4472,340.5214,3.5386217655492436,2.4381408084619114,38.99756197045956,up,medium
318,340.5214,341.5956,5.956826933999849,2.418205168450606,38.67869549889916,up,medium
319,341.5956,342.6698,4.4378909181582085,-1.518936015841641,24.295069916128142,down,small
320,342.6698,343.744,5.369402732759564,0.9315118146013557,14.899340345748165,up,small
321,343.744,344.8182,6.426238271308284,1.0568355385487198,16.903867596202264,up,small
322,344.8182,345.8924,5.0528710927064875,-1.3733671786017965,21.96672623247938,down,small
323,345.8924,346.9666,6.370825054062781,1.3179539613562934,21.08040319239324,up,small
324,346.9666,348.0408,5.712016670072698,-0.6588083839900829,10.537504926763928,down,small
325,348.0408,349.115,6.119877159289513,0.40786048921681495,6.523644839679558,up,xsmall
326,349.115,350.1892,4.813963648079169,-1.3059135112103437,20.88781866278393,down,small
327,350.1892,351.2634,5.664653191744674,0.8506895436655046,13.606604705347449,up,small
328,351.2634,352.3376,3.319679846566373,-2.344973345178301,37.50736751145899,down,medium
329,352.3376,353.4118,4.5847418408044085,1.2650619942380357,20.23440703077902,up,small
330,353.4118,354.486,6.474145347007232,1.8894035062028234,30.22062141145579,up,medium
331,354.486,355.5602,4.678923992218602,-1.7952213547886302,28.714197224001573,down,medium
332,355.5602,356.6344,4.239332022960845,-0.4395919692577568,7.031183352228252,down,xsmall
333,356.6344,357.7086,6.170950656383729,1.9316186334228842,30.895843709586188,up,medium
334,357.7086,358.7828,3.2555071937192754,-2.9154434626644536,46.631919990852474,down,large
335,358.7828,359.857,2.693498542316341,-0.5620086514029343,8.989213065526982,down,xsmall
336,359.857,360.9312,4.104375182521136,1.410876640204795,22.566682374579432,up,small
337,360.9312,362.0054,3.4652859232450597,-0.6390892592760764,10.22210157295894,down,small
338,362.0054,363.0796,3.0934856745315917,-0.37180024871346795,5.946868691715371,down,xsmall
339,363.0796,364.1538,6.5167750900074015,3.42328941547581,54.75481180557981,up,large
340,364.1538,365.228,5.832362405716911,-0.684412684290491,10.947040456545459,down,small
341,365.228,366.3022,4.794117100925185,-1.038245304791726,16.60652062162739,down,small
342,366.3022,367.3764,2.414267008576728,-2.3798500923484567,38.065213926389475,down,medium
343,367.3764,368.4506,1.1283199310362895,-1.2859470775404385,20.56845965297251,down,small
344,368.4506,369.5248,2.6901501397365815,1.561830208700292,24.98115372981622,up,small
345,369.5248,370.599,1.3984743974202583,-1.2916757423163232,20.660088470647935,down,small
346,370.599,371.6732,3.470280121453198,2.0718057240329397,33.13810746012522,up,medium
347,371.6732,372.7474,1.596094825340016,-1.874185296113182,29.977209263564035,down,medium
348,372.7474,373.8216,2.8142855239352764,1.2181906985952604,19.484710274085973,up,small
349,373.8216,374.8958,3.7629253108142033,0.9486397868789269,15.173298747988381,up,small
350,374.8958,375.97,5.39069126071846,1.6277659499042563,26.035782381592856,up,medium
351,375.97,377.0442,6.863010766551476,1.472319505833016,23.549448403376083,up,small
352,377.0442,378.1184,5.012904044388625,-1.8501067221628507,29.592077413701467,down,medium
353,378.1184,379.1926,6.201938762953101,1.1890347185644758,19.018366355755315,up,small
354,379.1926,380.2668,4.807707418938418,-1.394231344014683,22.300444277322022,down,small
355,380.2668,381.341,5.236279978784744,0.4285725598463257,6.854930159669107,up,xsmall
356,381.341,382.4152,3.57577004799514,-1.6605099307896034,26.55951563740158,down,medium
357,382.4152,383.4894,2.148435693888105,-1.4273343541070354,22.82992013163071,down,small
358,383.4894,384.5636,2.6320421771055433,0.4836064832174385,7.735186472058384,up,xsmall
359,384.5636,385.6378,3.5512131245853316,0.9191709474797882,14.70195070825379,up,small
360,385.6378,386.712,4.9941081407426395,1.442895016157308,23.078809728368032,up,small
361,386.712,387.7862,1.2891893857629646,-3.704918754979675,59.259415305871514,down,large
362,387.7862,388.8604,3.2770888652406773,1.9878994794777127,31.796044294456287,up,medium
363,388.8604,389.9346,2.6524214781586943,-0.624667387081983,9.99142668631283,down,xsmall
364,389.9346,391.0088,1.8778298893769336,-0.7745915887817607,12.389433530858902,down,small
365,391.0088,392.083,3.165734012443509,1.2879041230665753,20.599762194613938,up,small
366,392.083,393.1572,4.543144810087509,1.377410797644,22.031403089384437,up,small
367,393.1572,394.2314,5.680351954592048,1.137207144504539,18.189394942715396,up,small
368,394.2314,395.3056,4.248676936647346,-1.431675017944702,22.89934815909116,down,small
369,395.3056,396.3798,2.1580883222683993,-2.0905886143789467,33.43853593731183,down,medium
370,396.3798,397.454,1.3482184119746359,-0.8098699102937634,12.95370304499169,down,small
371,397.454,398.5282,2.506214405002913,1.157995993028277,18.52190830936972,up,small
372,398.5282,399.6024,4.019070217244414,1.5128558122415008,24.197818307087946,up,small
373,399.6024,400.6766,6.183421907650684,2.16435169040627,34.6183612035654,up,medium
374,400.6766,401.7508,4.185718274813675,-1.9977036328370081,31.952859715809335,down,medium
375,401.7508,402.825,5.207606712298359,1.0218884374846837,16.344895885174466,up,small
376,402.825,403.8992,1.1985751551531845,-4.009031557145175,64.12363717825008,down,xlarge
377,403.8992,404.9734,2.4780462270258843,1.2794710718726998,20.464877271072265,up,small
378,404.9734,406.0476,2.8433957300921655,0.3653495030662812,5.843690338660965,up,xsmall
379,406.0476,407.1218,5.022270967648295,2.178875237556129,34.85066236026718,up,medium
380,407.1218,408.196,3.4785267109534317,-1.543744256694863,24.691872638388443,down,small
381,408.196,409.2702,2.6329662926351887,-0.845560418318243,13.52456539781858,down,small
382,409.2702,410.3444,0.9610812055228297,-1.671885087112359,26.74145892881475,down,medium
383,410.3444,411.4186,2.499416072951079,1.5383348674282493,24.60535056697445,up,small
384,411.4186,412.4928,1.0972190594403992,-1.4021970135106798,22.427853526504105,down,small
385,412.4928,413.567,2.8064913132493503,1.709272253808951,27.339458988979455,up,medium
386,413.567,414.6412,3.8691803222310313,1.062689008981681,16.997492654754836,up,small
387,414.6412,415.71540000000005,3.128064529025364,-0.7411157932056671,11.853995049226375,down,small
388,415.71540000000005,416.7896,3.7386012297378555,0.6105367007124913,9.76540925718534,up,xsmall
389,416.7896,417.8638,5.037029220893366,1.2984279911555108,20.768089305395577,up,small
390,417.8638,418.93800000000005,1.7688571169842628,-3.2681721039091034,52.273742234241226,down,large
391,418.93800000000005,420.0122,5.359161309548421,3.590304192564158,57.42617889679968,up,large
392,420.0122,421.0864,7.1443863996689325,1.7852250901205116,28.554309021681547,up,medium
393,421.0864,422.16060000000004,6.255017975518868,-0.8893684241500646,14.225265462515194,down,small
394,422.16060000000004,423.2348,5.334513659923838,-0.9205043155950303,14.723277657674892,down,small
395,423.2348,424.309,4.538194162835789,-0.7963194970880485,12.73696696605761,down,small
396,424.309,425.38320000000004,1.039863599488997,-3.498330563346792,55.95507956873627,down,large
397,425.38320000000004,426.4574,1.8518812018160007,0.8120176023270036,12.988054938397134,up,small
398,426.4574,427.5316,2.189946693814082,0.33806549199808145,5.407288179793836,up,xsmall
399,427.5316,428.60580000000004,1.5242212888504245,-0.6657254049636576,10.648141257992933,down,small
400,428.60580000000004,429.68,4.019060922704978,2.4948396338545535,39.90444804907644,up,medium
401,429.68,430.7542,2.640352917118639,-1.378708005586339,22.05215166425934,down,small
402,430.7542,431.82840000000004,3.6656824512561696,1.0253295341375308,16.399935520088086,up,small
403,431.82840000000004,432.9026,2.3916729286202063,-1.2740095226359633,20.37752091163841,down,small
404,432.9026,433.9768,1.2317457257425433,-1.159927202877663,18.552797614662513,down,small
405,433.9768,435.05100000000004,2.8998786180468064,1.668132892304263,26.681443342739446,up,medium
406,435.05100000000004,436.1252,2.4423121812303212,-0.4575664368164851,7.318681272805579,down,xsmall
407,436.1252,437.1994,6.0147528147174345,3.5724406334871133,57.14045493463053,up,large
408,437.1994,438.27360000000004,4.50789618694108,-1.5068566277763544,24.101862582488373,down,small
409,438.27360000000004,439.3478,5.182370330756669,0.6744741438155888,10.788075540852002,up,small
410,439.3478,440.422,6.52856102311921,1.3461906923625415,21.53204391118914,up,small
411,440.422,441.49620000000004,5.721786804632736,-0.8067742184864741,12.904188089712152,down,small
412,441.49620000000004,442.5704,6.52332006095829,0.8015332563255537,12.820359975295634,up,small
413,442.5704,443.6446,5.664167066813912,-0.8591529941443783,13.741975859215303,down,small
414,443.6446,444.71880000000004,6.6812310696356665,1.0170640028217548,16.26773004262467,up,small
415,444.71880000000004,445.793,6.084888431526206,-0.5963426381094603,9.538378138206006,down,xsmall
416,445.793,446.8672,5.193935974269147,-0.8909524572570593,14.25060174704761,down,small
417,446.8672,447.94140000000004,6.788106871626516,1.594170897357369,25.49843640918179,up,medium
418,447.94140000000004,449.0156,6.385858692115863,-0.4022481795106527,6.433877097470467,down,xsmall
419,449.0156,450.0898,7.028725421842816,0.6428667297269532,10.282521437754436,up,small
420,450.0898,451.16400000000004,6.245288897832855,-0.7834365240099617,12.53090645501871,down,small
421,451.16400000000004,452.2382,6.781008737932644,0.5357198400997891,8.568728922705525,up,xsmall
422,452.2382,453.3124,5.245000588340814,-1.5360081495918294,24.568135192579895,down,small
423,453.3124,454.38660000000004,2.2987710343422556,-2.946229553998559,47.12433720501139,down,large
424,454.38660000000004,455.4608,3.1236224663262093,0.8248514319839537,13.193329410498261,up,small
425,455.4608,456.535,2.531650467068445,-0.5919719992577641,9.468470666546466,down,xsmall
426,456.535,457.60920000000004,3.653104268118053,1.1214538010496078,17.937423446445184,up,small
427,457.60920000000004,458.6834,5.7934082603131625,2.1403039921951095,34.233723204815746,up,medium
428,458.6834,459.7576,6.362618741606565,0.5692104812934025,9.104404856944237,up,xsmall
429,459.7576,460.83180000000004,2.7510512090577866,-3.6115675325487784,57.76628165701404,down,large
430,460.83180000000004,461.906,4.9764925243253195,2.225441315267533,35.595477218772956,up,medium
431,461.906,462.9802,3.488531207306393,-1.4879613170189265,23.799635963887646,down,small
432,462.9802,464.05440000000004,4.377032619312352,0.8885014120059593,14.211397781164905,up,small
433,464.05440000000004,465.1286,4.8686978950440585,0.49166527573170615,7.864085204810609,up,xsmall
434,465.1286,466.2028,6.096424016264984,1.2277261212209254,19.63722740249312,up,small
435,466.2028,467.27700000000004,5.3821460480224586,-0.7142779682425253,11.424729545560607,down,small
436,467.27700000000004,468.3512,6.359331515332753,0.9771854673102949,15.629881049448432,up,small
437,468.3512,469.4254,5.452124976651372,-0.9072065386813817,14.51058244439617,down,small
438,469.4254,470.49960000000004,1.3280937614481827,-4.124031215203189,65.96303311310925,down,xlarge
439,470.49960000000004,471.5738,2.1703461072279744,0.8422523457797917,13.47165345632066,up,small
440,471.5738,472.648,5.983169669782331,3.8128235625543567,60.98533056298038,up,xlarge
441,472.648,473.72220000000004,4.644024906327429,-1.339144763454902,21.419345724004266,down,small
442,473.72220000000004,474.7964,5.699120019045115,1.0550951127176855,16.8760298421377,up,small
443,474.7964,475.8706,6.785285732481086,1.086165713435971,17.37299772552058,up,small
444,475.8706,476.94480000000004,5.429240471223683,-1.3560452612574023,21.68966571868923,down,small
445,476.94480000000004,478.019,6.727350359606649,1.2981098883829656,20.763001316817455,up,small
446,478.019,479.0932,6.0244062725407925,-0.7029440870658563,11.243446441640204,down,small
447,479.0932,480.16740000000004,5.124361236961812,-0.9000450355789802,14.396035671679739,down,small
448,480.16740000000004,481.2416,2.787682342921554,-2.3366788940402583,37.37469946737222,down,medium
449,481.2416,482.3158,1.8484617011877487,-0.9392206417338054,15.02264145402456,down,small
450,482.3158,483.39000000000004,1.2219673030324898,-0.6264943981552589,10.02064935356138,down,small
451,483.39000000000004,484.4642,2.0375258100180114,0.8155585069855216,13.044690981882725,up,small
452,484.4642,485.5384,1.2725159085963451,-0.7650099014216662,12.236176407517215,down,small
453,485.5384,486.61260000000004,3.4846695490857,2.2121536404893547,35.382943587078316,up,medium
454,486.61260000000004,487.6868,3.974728583635279,0.4900590345495792,7.838393706673136,up,xsmall
455,487.6868,488.761,6.430410509616014,2.4556819259807345,39.278128546063925,up,medium
456,488.761,489.83520000000004,6.946080528447744,0.51567001883173,8.248036145371215,up,xsmall
457,489.83520000000004,490.9094,4.177574052051618,-2.7685064763961256,44.28169304421171,down,large
458,490.9094,491.9836,4.7641340582368965,0.5865600061852785,9.381906947791807,up,xsmall
459,491.9836,493.05780000000004,1.9402147685723339,-2.8239192896645626,45.16800962276756,down,large
460,493.05780000000004,494.132,1.3033691082450245,-0.6368456603273094,10.18621566811795,down,small
461,494.132,495.2062,1.656402950309431,0.3530338420644066,5.646703867879253,up,xsmall
462,495.2062,496.28040000000004,3.7704217315422146,2.1140187812327835,33.813296648706974,up,medium
463,496.28040000000004,497.3546,2.8053510027999358,-0.9650707287422788,15.436108291770765,down,small
464,497.3546,498.4288,2.0257840946011343,-0.7795669081988015,12.46901274409199,down,small
465,498.4288,499.50300000000004,3.1182937133384474,1.0925096187373131,17.47446718916484,up,small
466,499.50300000000004,500.5772,1.4228447403425246,-1.6954489729959228,27.118358448653726,down,medium
467,500.5772,501.6514,4.641781616354583,3.2189368760120587,51.48623486617582,up,large
468,501.6514,502.72560000000004,1.5299905051967162,-3.111791111157867,49.77246034163982,down,large
469,502.72560000000004,503.7998,2.0712569787316473,0.5412664735349311,8.657446186435187,up,xsmall
470,503.7998,504.874,6.2913349339930384,4.220077955261392,67.49928101334568,up,xlarge
471,504.874,505.94820000000004,5.090327694988705,-1.2010072390043334,19.20986436365359,down,small
472,505.94820000000004,507.0224,6.88782777266521,1.7975000776765047,28.750644929041812,up,medium
473,507.0224,508.0966,5.7437744595632685,-1.1440533131019412,18.298898004725107,down,small
474,508.0966,509.17080000000004,6.991864155528111,1.2480896959648424,19.962938602297434,up,small
475,509.17080000000004,510.245,4.727066911507926,-2.264797244020185,36.22496722407119,down,medium
476,510.245,511.3192,7.0124426767603465,2.2853757652524207,36.554116448853165,up,medium
477,511.3192,512.3934,6.100105039848614,-0.9123376369117322,14.592653307785246,down,small
478,512.3934,513.4676000000001,7.170099214756913,1.0699941749082988,17.114337284867684,up,small
479,513.4676000000001,514.5418,5.136001751515256,-2.0340974632416575,32.53497156579844,down,medium
480,514.5418,515.616,3.9551147533615962,-1.1808869981536594,18.888045239544134,down,small
481,515.616,516.6902,2.6102170185031213,-1.344897734858475,21.511363321202293,down,small
482,516.6902,517.7644,3.772903801299018,1.1626867827958969,18.59693652924048,up,small
483,517.7644,518.8386,2.243684761841412,-1.529219039457606,24.4595447689814,down,small
484,518.8386,519.9128000000001,4.081457816006251,1.8377730541648392,29.39480292471125,up,medium
485,519.9128000000001,520.987,6.484233952063816,2.4027761360575646,38.43191129152132,up,medium
486,520.987,522.0612,1.827856872609071,-4.656377079454745,74.47779598439901,down,xlarge
487,522.0612,523.1354,2.958682827456731,1.1308259548476602,18.087329123454378,up,small
488,523.1354,524.2096,4.14393400129619,1.1852511738394584,18.95784933419127,up,small
489,524.2096,525.2838,3.341638778880033,-0.8022952224161566,12.832547466573637,down,small
490,525.2838,526.3580000000001,4.741840859217001,1.4002020803369684,22.395944979713562,up,small
491,526.3580000000001,527.4322,3.77291805635487,-0.9689228028621315,15.497721426944251,down,small
492,527.4322,528.5064,5.635200741283271,1.8622826849284015,29.786829439856646,up,medium
493,528.5064,529.5806,6.643078064867719,1.0078773235844478,16.12079099315869,up,small
494,529.5806,530.6548,2.8326256728432684,-3.810452392024451,60.94740417687438,down,xlarge
495,530.6548,531.729,4.831607431266957,1.9989817584236889,31.973303072320828,up,medium
496,531.729,532.8032000000001,2.4804373280650016,-2.3511701032019556,37.60648338458851,down,medium
497,532.8032000000001,533.8774,3.2716185083275997,0.7911811802625981,12.65478064272103,up,small
498,533.8774,534.9516,0.9936629084279307,-2.277955599899669,36.435432426515035,down,medium
499,534.9516,536.0258,2.3086708323165523,1.3150079238886216,21.03328192756961,up,small
500,536.0258,537.1,6.624057933153782,4.3153871008372295,69.02373124117727,up,xlarge
501,537.1,538.1742,4.212468428189884,-2.4115895049638985,38.572879318839675,down,medium
502,538.1742,539.2484000000001,3.3758403966934805,-0.8366280314964034,13.381693703361952,down,small
503,539.2484000000001,540.3226,2.876862022747688,-0.49897837394579225,7.981056710233954,down,xsmall
504,540.3226,541.3968,1.8659644848617227,-1.0108975378859655,16.169098701219983,down,small
505,541.3968,542.471,2.7323651800328737,0.8664006951711509,13.857901350045848,up,small
506,542.471,543.5452,3.3766178562137843,0.6442526761809106,10.304689366915197,up,small
507,543.5452,544.6194,4.638847017165661,1.2622291609518768,20.189096443611312,up,small
508,544.6194,545.6936000000001,3.067181853413622,-1.571665163752039,25.1384618179201,down,medium
509,545.6936000000001,546.7678,6.295294634191588,3.228112780777966,51.63300158018248,up,large
510,546.7678,547.842,3.1209271668784027,-3.1743674673131856,50.77335631884634,down,large
511,547.842,548.9162,5.545242126145132,2.424314959266729,38.77642034938826,up,medium
512,548.9162,549.9904,3.2168211001552316,-2.3284210259899,37.242616562266804,down,medium
513,549.9904,551.0646,4.4213598009932,1.204538700837968,19.266349371092662,up,small
514,551.0646,552.1388000000001,2.152386713730353,-2.2689730872628466,36.291758979932645,down,medium
515,552.1388000000001,553.2130000000001,0.9561722501129863,-1.1962144636173666,19.133204904726917,down,small
516,553.2130000000001,554.2872,3.6639959653336747,2.7078237152206883,43.311084730178116,up,large
517,554.2872,555.3614,5.312401171617903,1.6484052062842287,26.365903052601162,up,medium
518,555.3614,556.4356,3.8501030414609536,-1.4622981301569498,23.389158555636246,down,small
519,556.4356,557.5098,5.27404547161813,1.4239424301571768,22.775667004012075,up,small
520,557.5098,558.5840000000001,3.974186314036058,-1.2998591575820724,20.790980518739847,down,small
521,558.5840000000001,559.6582000000001,5.7336389727997625,1.7594526587637045,28.142084270150264,up,medium
522,559.6582000000001,560.7324,4.906810015148596,-0.8268289576511663,13.224959527794047,down,small
523,560.7324,561.8066,3.043576024947674,-1.8632339902009223,29.80204537250057,down,medium
524,561.8066,562.8808,4.130974785372318,1.0873987604246445,17.392720059106235,up,small
525,562.8808,563.955,2.981796597249601,-1.1491781881227174,18.380869329153928,down,small
526,563.955,565.0292000000001,4.70836563164513,1.7265690343955287,27.616117445485926,up,medium
527,565.0292000000001,566.1034000000001,3.0278431399694212,-1.6805224916757084,26.87961244257167,down,medium
528,566.1034000000001,567.1776,4.000839379968102,0.9729962399986811,15.562875218150255,up,small
529,567.1776,568.2518,1.7859644822414564,-2.214874897726646,35.426469538237704,down,medium
530,568.2518,569.326,3.5466509873613816,1.7606865051199252,28.161819389455818,up,medium
531,569.326,570.4002,1.9069519443187724,-1.6396990430426093,26.22664975789331,down,medium
532,570.4002,571.4744000000001,3.601535035629457,1.6945830913106845,27.10450884876107,up,medium
533,571.4744000000001,572.5486000000001,1.655381415564154,-1.946153620065303,31.12832783862429,down,medium
534,572.5486000000001,573.6228,3.290962954490188,1.6355815389260342,26.16079112438352,up,medium
535,573.6228,574.697,2.628075493469627,-0.6628874610205613,10.602748926916119,down,small
536,574.697,575.7712,1.1151459340533325,-1.5129295594162944,24.19899787801723,down,small
537,575.7712,576.8454,5.627997048154749,4.512851114101417,72.18212761741597,up,xlarge
538,576.8454,577.9196000000001,3.9282277650387276,-1.6997692831160216,27.187460922577884,down,medium
539,577.9196000000001,578.9938000000001,2.046290232572714,-1.8819375324660137,30.10120469341368,down,medium
540,578.9938000000001,580.068,1.2996159703936625,-0.7466742621790514,11.942901619961797,down,small
541,580.068,581.1422,2.21475544478545,0.9151394743917876,14.637468123394088,up,small
542,581.1422,582.2164,2.592384174606677,0.3776287298212271,6.040094051138675,up,xsmall
543,582.2164,583.2906,3.1471160542764487,0.5547318796697716,8.872822594712492,up,xsmall
544,583.2906,584.3648000000001,2.3596849096402823,-0.7874311446361664,12.594799592313421,down,small
545,584.3648000000001,585.4390000000001,4.837906281003132,2.47822137136285,39.63864235027826,up,medium
546,585.4390000000001,586.5132,5.630161054206095,0.7922547732029628,12.671952541520975,up,small
547,586.5132,587.5874,6.782227073374576,1.1520660191684815,18.427059594202007,up,small
548,587.5874,588.6616,5.901720221449912,-0.8805068519246646,14.083526432998788,down,small
549,588.6616,589.7358,4.779981384272415,-1.1217388371774968,17.941982540826686,down,small
550,589.7358,590.8100000000001,5.579186779719346,0.7992053954469309,12.783126318175572,up,small
551,590.8100000000001,591.8842000000001,4.157105882257535,-1.4220808974618109,22.745892170501385,down,small
552,591.8842000000001,592.9584,4.987332835832193,0.830226953574658,13.279309775385094,up,small
553,592.9584,594.0326,6.895963144263142,1.9086303084309488,30.528150168114475,up,medium
554,594.0326,595.1068,5.722855899318985,-1.1731072449441573,18.763609683217986,down,small
555,595.1068,596.181,6.766661377843077,1.0438054785240922,16.695454459632938,up,small
556,596.181,597.2552000000001,4.9936046368093265,-1.7730567410337503,28.359678774756425,down,medium
557,597.2552000000001,598.3294000000001,3.266326384024505,-1.7272782527848216,27.627461248104318,down,medium
558,598.3294000000001,599.4036,1.4652803237262044,-1.8010460602983005,28.80736219350813,down,medium
559,599.4036,600.4778,0.99740202785037,-0.4678782958758344,7.483617342659274,down,xsmall
560,600.4778,601.552,3.150399538544855,2.152997510694485,34.436753428740694,up,medium
561,601.552,602.6262,2.5025068031098536,-0.6478927354350015,10.362911367812305,down,small
562,602.6262,603.7004000000001,1.6339658730053674,-0.8685409301044862,13.892133968668372,down,small
563,603.7004000000001,604.7746000000001,2.3697431463727696,0.7357772733674022,11.768606519777745,up,small
564,604.7746000000001,605.8488,1.1137091651349007,-1.256033981237869,20.090005815220753,down,small
565,605.8488,606.923,2.482818720268526,1.3691095551336254,21.898626418690686,up,small
566,606.923,607.9972,2.8665504910880784,0.38373177081955223,6.13771093967703,up,xsmall
567,607.9972,609.0714,6.3522665925277595,3.485716101439681,55.753313838783654,up,large
568,609.0714,610.1456000000001,3.979103923361636,-2.3731626691661236,37.95824996472221,down,medium
569,610.1456000000001,611.2198000000001,4.486526396829797,0.5074224734681612,8.116118349522969,up,xsmall
570,611.2198000000001,612.294,3.4018732085749313,-1.0846531882548658,17.34880519559068,down,small
571,612.294,613.3682,2.4761054786964225,-0.9257677298785087,14.807464889184969,down,small
572,613.3682,614.4424,1.3601255386686535,-1.115979940027769,17.849870162534764,down,small
573,614.4424,615.5166,1.724173430226217,0.36404789155756356,5.822871329645361,up,xsmall
574,615.5166,616.5908000000001,2.7537127658363834,1.0295393356101663,16.46727043087037,up,small
575,616.5908000000001,617.6650000000001,1.601961973970481,-1.1517507918659025,18.422017598176,down,small
576,617.6650000000001,618.7392,3.059812108343043,1.457850134372562,23.318013775710497,up,small
577,618.7392,619.8134,5.106124683296271,2.0463125749532276,32.73034977131257,up,medium
578,619.8134,620.8876,2.877047232029294,-2.2290774512669764,35.65363646801696,down,medium
579,620.8876,621.9618,2.51553250416725,-0.3615147278620441,5.782353896093334,down,xsmall
580,621.9618,623.0360000000001,0.9633093248223024,-1.5522231793449477,24.827491266460218,down,small
581,623.0360000000001,624.1102000000001,1.7483514438028207,0.7850421189805183,12.55658761713471,up,small
582,624.1102000000001,625.1844,3.313109431470229,1.5647579876674085,25.02798295366977,up,medium
583,625.1844,626.2586,1.16958336004428,-2.143526071425949,34.285259701002644,down,medium
584,626.2586,627.3328,2.723747266519722,1.5541639064754422,24.858532798711572,up,small
585,627.3328,628.407,4.152815272907566,1.429068006387844,22.85764954414923,up,small
586,628.407,629.4812000000001,3.0755413976987898,-1.0772738752087765,17.230774597515484,down,small
587,629.4812000000001,630.5554000000001,4.754489368540338,1.6789479708415485,26.854428304891506,up,medium
588,630.5554000000001,631.6296,5.964179448870708,1.20969008033037,19.348744629106918,up,small
589,631.6296,632.7038,1.527998229750759,-4.436181219119949,70.95580837841575,down,xlarge
590,632.7038,633.778,2.475572539741647,0.947574309990888,15.156256663780125,up,small
591,633.778,634.8522,4.512327196119333,2.036754656377686,32.57747282480289,up,medium
592,634.8522,635.9264000000001,6.7550364783536665,2.2427092822343333,35.8716748073431,up,medium
593,635.9264000000001,637.0006000000001,3.456466730645762,-3.2985697477079046,52.75994630977512,down,large
594,637.0006000000001,638.0748,2.9681229499067774,-0.48834378073898455,7.810958573910672,down,xsmall
595,638.0748,639.149,1.7094645943035247,-1.2586583556032527,20.131982144722535,down,small
596,639.149,640.2232,2.4413662128015767,0.731901618498052,11.706616215354373,up,small
597,640.2232,641.2974,4.125683270324892,1.684317057523315,26.940305744730203,up,medium
598,641.2974,642.3716000000001,3.0931276840255606,-1.0325555862993312,16.515514741765344,down,small
599,642.3716000000001,643.4458000000001,4.574449748185613,1.481322064160052,23.693442476660447,up,small
600,643.4458000000001,644.52,6.126079060436998,1.5516293122513858,24.817992484149112,up,small
601,644.52,645.5942,4.579872784566272,-1.546206275870726,24.731252129946085,down,small
602,645.5942,646.6684,5.437339731979122,0.85746694741285,13.71500788768976,up,small
603,646.6684,647.7426,4.158863736235595,-1.278475995743527,20.448961232557153,down,small
604,647.7426,648.8168000000001,5.39819617152919,1.239332435293595,19.822868014686918,up,small
605,648.8168000000001,649.8910000000001,2.9640018122877994,-2.434194359241391,38.93443932491489,down,medium
606,649.8910000000001,650.9652,5.22575868085262,2.261756868564821,36.17633704249082,up,medium
607,650.9652,652.0394,2.2085208778901704,-3.01723780296245,48.26009957762435,down,large
608,652.0394,653.1136,3.6023701269118176,1.3938492490216472,22.29433274630716,up,small
609,653.1136,654.1878,4.367044822378639,0.7646746954668213,12.230814857047463,up,small
610,654.1878,655.2620000000001,2.853279011011367,-1.5137658113672718,24.21237355638986,down,small
611,655.2620000000001,656.3362000000001,4.883358290453918,2.030079279442551,32.47070154038789,up,medium
612,656.3362000000001,657.4104,6.582524111315225,1.6991658208613067,27.17780866763289,up,medium
613,657.4104,658.4846,5.624660330852225,-0.9578637804629997,15.320834632774677,down,small
614,658.4846,659.5588,4.063865389387042,-1.5607949414651836,24.964594842808136,down,small
615,659.5588,660.633,2.308298549329966,-1.7555668400570754,28.079931397235047,down,medium
616,660.633,661.7072000000001,5.340882205672962,3.0325836563429958,48.505553353764114,up,large
617,661.7072000000001,662.7814000000001,6.762132338596459,1.4212501329234968,22.732604262168397,up,small
618,662.7814000000001,663.8556,5.715015022346126,-1.0471173162503327,16.748426624537,down,small
619,663.8556,664.9298,4.581424389267892,-1.1335906330782342,18.13154958449215,down,small
620,664.9298,666.004,2.659331938867041,-1.922092450400851,30.74347436674334,down,medium
621,666.004,667.0782,3.2660394867967733,0.6067075479297324,9.704162744095637,up,xsmall
622,667.0782,668.1524000000001,4.140351555168077,0.8743120683713035,13.984442141116489,up,small
623,668.1524000000001,669.2266000000001,5.1083573962842115,0.9680058411161347,15.48305481196043,up,small
624,669.2266000000001,670.3008,4.22686524506771,-0.8814921512165013,14.09928609300673,down,small
625,670.3008,671.375,3.4577262720994404,-0.7691389729682698,12.302220059696891,down,small
626,671.375,672.4492,3.7835315129230036,0.3258052408235632,5.211187977831631,up,xsmall
627,672.4492,673.5234,5.442043342543394,1.65851182962039,26.527556419172996,up,medium
628,673.5234,674.59760000000006,4.44110161709064,-1.000941725452754,16.009857524097253,down,small
629,674.59760000000006,675.6718000000001,1.6117036054530924,-2.8293980116375472,45.25564065659419,down,large
630,675.6718000000001,676.746,3.4640136985871584,1.852310093134066,29.62731988029555,up,medium
631,676.746,677.8202,2.2995219474920656,-1.1644917510950927,18.625806626840383,down,small
632,677.8202,678.8944,5.992954032997035,3.69343208550497,59.075688384473324,up,large
633,678.8944,679.9686,1.1362479443679145,-4.856706088629121,77.68201738237761,down,xlarge
634,679.9686,681.0428,2.487317211242146,1.3510692668742315,21.610075709511385,up,small
635,681.0428,682.1170000000001,1.408490685218871,-1.078826526023275,17.255608928718484,down,small
636,682.1170000000001,683.1912,2.7165291750943306,1.3080384898754596,20.921807260526585,up,small
637,683.1912,684.2654,6.164565471491073,3.448036296396743,55.15063308831306,up,large
638,684.2654,685.3396,1.8428373111848888,-4.321728160306185,69.12515518631642,down,xlarge
639,685.3396,686.4138,4.187261574592832,2.3444242634079435,37.49858506120343,up,medium
640,686.4138,687.488,5.200167305003495,1.0129057304106626,16.201219328608968,up,small
641,687.488,688.5622000000001,6.587615690166609,1.3874483851631139,22.19195224222745,up,small
642,688.5622000000001,689.6364,4.60785797587156,-1.979757714295049,31.665818430897506,down,medium
643,689.6364,690.7106,5.063686646808953,0.4558286709373931,7.290886064126556,up,xsmall
644,690.7106,691.7848,3.9551420677040205,-1.1085445791049322,17.730943090170975,down,small
645,691.7848,692.859,3.406824880201835,-0.5483171875021857,8.770220909666802,down,xsmall
646,692.859,693.9332,2.7905309507302123,-0.6162939294716225,9.857494949911992,down,xsmall
647,693.9332,695.0074000000001,1.2900327737625537,-1.5004981769676586,24.000160466438455,down,small
648,695.0074000000001,696.0816,4.993852026898738,3.703819253136184,59.24182899948209,up,large
649,696.0816,697.1558,3.7518193960869812,-1.2420326308117566,19.8660570879703,down,small
650,697.1558,698.23,4.444772155871611,0.6929527597846299,11.08363721181046,up,small
651,698.23,699.3042,2.4784050461008436,-1.9663671097707676,31.4516384590332,down,medium
652,699.3042,700.3784,3.255190851658873,0.7767858055580295,12.42452957798308,up,small
653,700.3784,701.4526000000001,5.277944949048589,2.022754097389716,32.353536756443134,up,medium
654,701.4526000000001,702.5268,4.205888660226292,-1.0720562888222966,17.147320373814875,down,small
655,702.5268,703.601,6.293705405631769,2.087816745405477,33.39420046181685,up,medium
656,703.601,704.6752,5.974422782724991,-0.319282622906778,5.106860042571843,down,xsmall
657,704.6752,705.7494,5.133040294533567,-0.8413824881914245,13.457740262673234,down,small
658,705.7494,706.8236,1.400988953281073,-3.7320513412524936,59.693395456206055,down,large
659,706.8236,707.8978000000001,2.0013443708754663,0.6003554175943933,9.602561722720218,up,xsmall
660,707.8978000000001,708.972,3.436549632530623,1.4352052616551565,22.955813682899908,up,small
661,708.972,710.0462,2.1027154398110754,-1.3338341927195474,21.33440423472205,down,small
662,710.0462,711.1204,1.456674394352024,-0.6460410454590515,10.333293966579133,down,small
663,711.1204,712.1946,2.386231536936178,0.9295571425841542,14.868075767895162,up,small
664,712.1946,713.2688,4.51182850942379,2.1255969724876116,33.99848744219967,up,medium
665,713.2688,714.3430000000001,3.4112475857764917,-1.100580923647298,17.60356605511926,down,small
666,714.3430000000001,715.4172,1.781713468345328,-1.6295341174311637,26.06406385839084,down,medium
667,715.4172,716.4914,1.4263703179698934,-0.3553431503754345,5.683640780487276,down,xsmall
668,716.4914,717.5656,2.529437751234677,1.1030674332647834,17.64333726626567,up,small
669,717.5656,718.6398,1.343940875577153,-1.185496875657524,18.96177928435781,down,small
670,718.6398,719.714,5.989131169513276,4.645190293936123,74.29886564534779,up,xlarge
671,719.714,720.7882000000001,4.5155758435273645,-1.4735553259859113,23.569215093154465,down,small
672,720.7882000000001,721.8624,5.886251312182166,1.3706754686548015,21.92367288416573,up,small
673,721.8624,722.9366,3.894291548625461,-1.991959763556705,31.86098770520542,down,medium
674,722.9366,724.0108,3.138293185710178,-0.7559983629152831,12.092038698106755,down,small
675,724.0108,725.085,5.491903916068027,2.3536107303578495,37.64552071517599,up,medium
676,725.085,726.1592,6.234656780618332,0.7427528645503045,11.880179669487433,up,small
677,726.1592,727.2334000000001,4.87418590665774,-1.3604708739605922,21.76045248582381,down,small
678,727.2334000000001,728.3076,3.3905154198695033,-1.4836704867882364,23.73100501474586,down,small
679,728.3076,729.3818,4.792944156730602,1.4024287368610988,22.43155989394876,up,small
680,729.3818,730.456,5.789617370102495,0.996673213371893,15.941583549182717,up,small
681,730.456,731.5302,5.463086254312916,-0.32653111578957894,5.222798198977086,down,xsmall
682,731.5302,732.6044,3.521865582057453,-1.9412206722554632,31.049426350554526,down,medium
683,732.6044,733.6786000000001,4.046427316590031,0.52456173453257815,8.390257313592537,up,xsmall
684,733.6786000000001,734.7528,6.48735000948131,2.440922692891279,39.04205764111664,up,medium
685,734.7528,735.827,4.0932114947349465,-2.3941385147463636,38.293754310926985,down,medium
686,735.827,736.9012,2.7119942819802967,-1.3812172127546498,22.092285918074097,down,small
687,736.9012,737.9754,5.676015362680263,2.9640210806999665,47.40890902411192,up,large
688,737.9754,739.0496,7.091007854702277,1.414992492022014,22.632514579900047,up,small
689,739.0496,740.1238000000001,4.588629232713053,-2.502378621989224,40.025032617431144,down,large
690,740.1238000000001,741.198,1.9977790647221005,-2.590850167990953,41.44011684302241,down,large
691,741.198,742.2722,1.1329131387651996,-0.8648659259569009,13.833353031369855,down,small
692,742.2722,743.3464,6.231047874583889,5.0981347358186895,81.54361905753225,up,xlarge
693,743.3464,744.4206,4.6583308539820045,-1.5727170206018846,25.15528605241203,down,medium
694,744.4206,745.4948,1.960333662044789,-2.6979971919372154,43.15391150647775,down,large
695,745.4948,746.5690000000001,3.3025297366416124,1.3421960745968233,21.468150819647324,up,small
696,746.5690000000001,747.6432,2.3157659210948953,-0.9867638155467171,15.783084764192107,down,small
697,747.6432,748.7174,5.122042433378297,2.806276512283402,44.88581701852382,up,large
698,748.7174,749.7916,6.2927182202789105,1.1706757869006132,18.72471901070121,up,small
699,749.7916,750.8658,3.8441087824263565,-2.448609437852554,39.16500554959595,down,medium
700,750.8658,751.94,1.6471127180064182,-2.1969960644199382,35.14050126789908,down,medium
701,751.94,753.0142000000001,4.6437299587015755,2.9966172406951572,47.930277915112676,up,large
702,753.0142000000001,754.0884,3.236016410334382,-1.4077135483671936,22.516089369644277,down,small
703,754.0884,755.1626,6.097567607581717,2.8615511972473353,45.76992426319048,up,large
704,755.1626,756.2368,6.855751322137083,0.7581837145553658,12.1269929491966,up,small
705,756.2368,757.311,3.2135075267001127,-3.64224379543697,58.25694218771532,down,large
706,757.311,758.3852,1.3873010480792656,-1.8262064786208472,29.209797922130047,down,medium
707,758.3852,759.4594000000001,2.0379005422982512,0.6505994942189857,10.406205419185861,up,small
708,759.4594000000001,760.5336,4.306844426680101,2.2689438843818497,36.29129188584298,up,medium
709,760.5336,761.6078,3.546748967132862,-0.7600954595472391,12.157570918087298,down,small
710,761.6078,762.682,5.731111754062932,2.1843627869300706,34.93843458656089,up,medium
711,762.682,763.7562,4.71037963630024,-1.0207321177626927,16.326400788476395,down,small
712,763.7562,764.8304,5.145139830793997,0.4347601944937569,6.953900106267878,up,xsmall
713,764.8304,765.9046000000001,6.53339224119124,1.3882524103972438,22.204812460876422,up,small
714,765.9046000000001,766.9788,5.320004272125516,-1.2133879690657245,19.40789160069131,down,small
715,766.9788,768.053,2.457725956345038,-2.8622783157804776,45.78155437493697,down,large
716,768.053,769.1272,6.208455860754341,3.750729904409303,59.992155241407445,up,large
717,769.1272,770.2014,3.150300968060927,-3.0581548926934143,48.91456003244966,down,large
718,770.2014,771.2756,4.696729871425408,1.5464289033644807,24.734813011029694,up,small
719,771.2756,772.3498000000001,3.5571609114370117,-1.139568959988396,18.227171696779326,down,small
720,772.3498000000001,773.424,2.3334754912989233,-1.2236854201380885,19.572597217749426,down,small
721,773.424,774.4982,1.6093561086555344,-0.7241193826433889,11.582140949628267,down,small
722,774.4982,775.5724,2.336869053508247,0.7275129448527125,11.636420280870908,up,small
723,775.5724,776.6466,4.707337213520448,2.3704681600122015,37.9151518436681,up,medium
724,776.6466,777.7208,5.8054559962895755,1.0981187827691272,17.56418461695817,up,small
725,777.7208,778.7950000000001,3.6357271686533426,-2.169728827636233,34.70436741027068,down,medium
726,778.7950000000001,779.8692,1.9245018141084462,-1.7112253545448963,27.370698434511162,down,medium
727,779.8692,780.9434,2.8680053113973862,0.94350349728894,15.09114484986709,up,small
728,780.9434,782.0176,6.527140758719865,3.6591354473224786,58.52712069377302,up,large
729,782.0176,783.0918,4.777329933287532,-1.7498108254323332,27.98786512433883,down,medium
730,783.0918,784.166,3.5669692782222775,-1.2103606550652541,19.359470334401998,down,small
731,784.166,785.2402000000001,5.175134424540207,1.6081651463179298,25.72227154994783,up,medium
732,785.2402000000001,786.3144,6.661026073460031,1.4858916489198233,23.76653204729967,up,small
733,786.3144,787.3886,3.7073859947180163,-2.9536400787420143,47.242867027781905,down,large
734,787.3886,788.4628,1.4089362340825469,-2.2984497606354695,36.763232322465726,down,medium
735,788.4628,789.537,4.006339574010308,2.5974033399277614,41.544933483563355,up,large
736,789.537,790.6112,7.137504037479853,3.1311644634695446,50.08233313681558,up,large
737,790.6112,791.6854000000001,3.5943694254748015,-3.5431346120050513,56.67171113407239,down,large
738,791.6854000000001,792.7596,1.1874906801118734,-2.406878745362928,38.49753168558191,down,medium
739,792.7596,793.8338,2.1453797046334637,0.9578890245215903,15.321238406312224,up,small
740,793.8338,794.908,3.5519149126288214,1.4065352079953577,22.49724205717017,up,small
741,794.908,795.9822,5.89189412562938,2.339979213000559,37.42748739197851,up,medium
742,795.9822,797.0564,6.7530615220361625,0.8611673964067821,13.774195810084786,up,small
743,797.0564,798.1306000000001,5.773329749334222,-0.9797317727019408,15.670608681733569,down,small
744,798.1306000000001,799.2048,5.250717091654737,-0.5226126576794847,8.35908222924142,down,xsmall
745,799.2048,800.279,6.301654159999971,1.0509370683452337,16.809522775553262,up,small
746,800.279,801.3532,1.1584675048865973,-5.143186655113373,82.26421526283957,down,xlarge
747,801.3532,802.4274,1.8650675290538543,0.706600024167257,11.3019224054472,up,small
748,802.4274,803.5016,3.9204715702566766,2.0554040412028223,32.875765908576014,up,medium
749,803.5016,804.5758000000001,2.714588278068198,-1.2058832921884788,19.287855833859087,down,small
750,804.5758000000001,805.65,6.231000397157072,3.5164121190888746,56.24429034283385,up,large
751,805.65,806.7242,4.100410833811116,-2.130589563345956,34.07834290859264,down,medium
752,806.7242,807.7984,3.576838515341354,-0.5235723184697623,8.374431806677466,down,xsmall
753,807.7984,808.8726,2.1648890230517157,-1.4119494922896383,22.58384242354732,down,small
754,808.8726,809.9468,3.341015739082855,1.1761267160311393,18.811905503715273,up,small
755,809.9468,811.0210000000001,1.974694442985717,-1.366321296097138,21.854028787500667,down,small
756,811.0210000000001,812.0952,5.341429996810635,3.3667355538249177,53.850244392268365,up,large
757,812.0952,813.1694,1.7742446782387686,-3.567185318571866,57.056397250853465,down,large
758,813.1694,814.2436,3.134791106090984,1.3605464278522152,21.761660954818073,up,small
759,814.2436,815.3178,1.5520983573353269,-1.582692748755657,25.3148457773988,down,medium
760,815.3178,816.392,4.49797512730204,2.9458767699667137,47.11869449680672,up,large
761,816.392,817.4662000000001,2.420686710366338,-2.077288416935702,33.22580200815887,down,medium
762,817.4662000000001,818.5404,4.779995948665318,2.35930923829898,37.73666718046713,up,medium
763,818.5404,819.6146,6.141998755612557,1.3620028069472383,21.784955439621218,up,small
764,819.6146,820.6888,4.7244383986692755,-1.417560356943281,22.673587052437863,down,small
765,820.6888,821.763,6.255557988719236,1.5311195900499603,24.489943685748678,up,small
766,821.763,822.8372,5.403739966351518,-0.8518180223677181,13.62465449064663,down,small
767,822.8372,823.9114000000001,4.52748497168419,-0.8762549946673275,14.01551884856926,down,small
768,823.9114000000001,824.9856,3.8123789733454876,-0.7151059983387027,11.437973717052678,down,small
769,824.9856,826.0598,6.121171593748318,2.308792620402831,36.92866424228331,up,medium
770,826.0598,827.134,1.3832877696445234,-4.737883824103795,75.78147964140113,down,xlarge
771,827.134,828.2082,6.33208372349589,4.948795953851366,79.15497588148962,up,xlarge
772,828.2082,829.2824,1.7745251846612833,-4.5575585388346065,72.89721370289604,down,xlarge
773,829.2824,830.3566000000001,3.3640549652194958,1.5895297805582125,25.42420269824963,up,medium
774,830.3566000000001,831.4308000000001,1.547883048088241,-1.8161719171312547,29.049297170008337,down,medium
775,831.4308000000001,832.505,4.887333726882083,3.3394506787938423,53.41382841449231,up,large
776,832.505,833.5792,3.568146699413229,-1.3191870274688542,21.10012583186155,down,small
777,833.5792,834.6534,5.014728105716946,1.446581406303717,23.13777278238154,up,small
778,834.6534,835.7276,1.497766253870115,-3.516961851846831,56.25308320550248,down,large
779,835.7276,836.8018000000001,2.2150609431386865,0.7172946892685714,11.472981379397487,up,small
780,836.8018000000001,837.8760000000001,3.3587517196977537,1.1436907765590671,18.293099307107553,up,small
781,837.8760000000001,838.9502,2.6494451862482045,-0.7093065334495492,11.345212466092383,down,small
782,838.9502,840.0244,5.28402169046789,2.6345765042196856,42.13951061917469,up,large
783,840.0244,841.0986,4.600888204204004,-0.6831334862638858,10.926579946577414,down,small
784,841.0986,842.1728,2.6942023791260192,-1.906685825077985,30.497048555855432,down,medium
785,842.1728,843.2470000000001,1.2413724812951148,-1.4528298978309044,23.23771612228532,down,small
786,843.2470000000001,844.3212000000001,2.696397169560396,1.4550246882652813,23.272821344953236,up,small
787,844.3212000000001,845.3954,1.5836460838473172,-1.112751085713079,17.798225300271806,down,small
788,845.3954,846.4696,3.9711940640865,2.387547980239183,38.188340063739034,up,medium
789,846.4696,847.5438,5.097048824289358,1.1258547602028575,18.00781588510691,up,small
790,847.5438,848.618,6.132159293209298,1.0351104689199406,16.556379565067864,up,small
791,848.618,849.6922000000001,4.081339074409778,-2.0508202187995206,32.802448609749824,down,medium
792,849.6922000000001,850.7664000000001,4.397759258976261,0.3164201845664829,5.061075928637629,up,xsmall
793,850.7664000000001,851.8406,6.621325837190071,2.22356657821381,35.565491184259635,up,medium
794,851.8406,852.9148,5.689270227360376,-0.9320556098296944,14.908038238848832,down,small
795,852.9148,853.989,2.468860899445835,-3.2204093279145414,51.50978643223643,down,large
796,853.989,855.0632,5.356663172157024,2.887802272711189,46.18980482900516,up,large
797,855.0632,856.1374000000001,4.363086833508006,-0.9935763386490182,15.892049673411101,down,small
798,856.1374000000001,857.2116000000001,1.3657758978057317,-2.997310935702274,47.94137342441827,down,large
799,857.2116000000001,858.2858,6.287585002549655,4.921809104743923,78.72332676721271,up,xlarge
800,858.2858,859.36,2.4126936325287023,-3.8748913700209524,61.978092408255456,down,xlarge
801,859.36,860.4342,1.5578159558088083,-0.854877676719894,13.673593034225844,down,small
802,860.4342,861.5084,5.632864054876448,4.07504809906764,65.17955822094035,up,xlarge
803,861.5084,862.5826000000001,4.527630538541016,-1.1052335163354323,17.67798332054097,down,small
804,862.5826000000001,863.6568000000001,1.1877771014985425,-3.339853437042473,53.420270450040704,down,large
805,863.6568000000001,864.731,1.9964393761129178,0.8086622746143752,12.934387160084126,up,small
806,864.731,865.8052,3.948643047201278,1.9522036710883603,31.22509716338079,up,medium
807,865.8052,866.8794,2.563353147933879,-1.385289899267399,22.157427703206427,down,small
808,866.8794,867.9536,5.666006568538823,3.1026534206049434,49.62630485612898,up,large
809,867.9536,869.0278000000001,4.415992302729389,-1.2500142658094333,19.993721702075934,down,small
810,869.0278000000001,870.1020000000001,6.712673274251963,2.2966809715225738,36.7349409035274,up,medium
811,870.1020000000001,871.1762,4.223894962196484,-2.488778312055479,39.80749845057011,down,medium
812,871.1762,872.2504,4.608406033330657,0.38451107113417304,6.150175688311543,up,xsmall
813,872.2504,873.3246,5.944398081520006,1.3359920481893495,21.368918690209952,up,small
814,873.3246,874.3988,2.5315027091076776,-3.4128953724123288,54.588561219442646,down,large
815,874.3988,875.4730000000001,4.02280127545361,1.4912985663459328,23.853014582131973,up,small
816,875.4730000000001,876.5472000000001,6.786181455925616,2.763380180472006,44.19969899272545,up,large
817,876.5472000000001,877.6214,4.344913483695269,-2.4412679722303476,39.04758031330018,down,medium
818,877.6214,878.6956,3.077368569871327,-1.2675449138239419,20.274120820106933,down,small
819,878.6956,879.7698,5.40181163252291,2.324443062651583,37.17898985487409,up,medium
820,879.7698,880.844,1.7193653810737346,-3.6824462514491754,58.89997222283856,down,large
821,880.844,881.9182000000001,5.7117553012908395,3.992389920217105,63.85745761013822,up,xlarge
822,881.9182000000001,882.9924000000001,2.316150724101318,-3.3956045771895216,54.3119984976016,down,large
823,882.9924000000001,884.0666,1.6825126085068711,-0.6336381155944468,10.134911648243994,down,small
824,884.0666,885.1408,4.221107222350871,2.538594613844,40.604299976304176,up,large
825,885.1408,886.215,6.7431274023906,2.5220201800397293,40.339195308368666,up,large
826,886.215,887.2892,1.7350696941828607,-5.0080577082077395,80.10285548301628,down,xlarge
827,887.2892,888.3634000000001,3.607284045174935,1.8722143509920741,29.945684400752985,up,medium
828,888.3634000000001,889.4376000000001,4.745466557168325,1.1381825119933904,18.204995745572408,up,small
829,889.4376000000001,890.5118,6.535161201037614,1.7896946438692884,28.625798616824408,up,medium
830,890.5118,891.586,3.2258242426842902,-3.3093369583533234,52.93216563481837,down,large
831,891.586,892.6602,6.300319139828211,3.074494897143921,49.17591505097224,up,large
832,892.6602,893.7344,1.7166476599489435,-4.583671479879268,73.31488483701834,down,xlarge
833,893.7344,894.8086000000001,5.023855524869957,3.307207864921013,52.898111222218716,up,large
834,894.8086000000001,895.8828000000001,2.812596818199201,-2.2112587066707556,35.3686293042735,down,medium
835,895.8828000000001,896.957,6.419678798575299,3.6070819803760985,57.694536170363435,up,large
836,896.957,898.0312,4.607348701575641,-1.8123300969996583,28.987848045273083,down,medium
837,898.0312,899.1054,2.072600908243035,-2.534747793332606,40.54277087152005,down,large
