branch,voltage_bin,voltage_bin_lower_v,voltage_bin_upper_v,voltage_bin_center_v,n_holds,n_unique_voltage_values,u_min_v,u_median_v,u_max_v,s_terminal_mean_mm,s_terminal_median_mm,s_terminal_sd_mm,s_terminal_mad_mm,s_terminal_p95_abs_dev_mm,p_terminal_mean_bar,p_terminal_median_bar,p_terminal_sd_bar,p_terminal_mad_bar,p_terminal_p95_abs_dev_bar,mean_terminal_s_sd_mm,mean_terminal_p_sd_bar,mean_terminal_slope_mm_s,mean_terminal_p_slope_bar_s,branch_s_span_mm,branch_p_span_bar,s_repeatability_sd_pct_branch_span,p_repeatability_sd_pct_branch_span,s_repeatability_p95_pct_branch_span,p_repeatability_p95_pct_branch_span,sufficient_repeats,repeatability_assessment
down,"[0.90, 1.00)",0.9,1,0.95,6,6,0.956,0.9784999999999999,0.998,2.5533333333333332,2.52,0.14895189380020205,0.14826000000000011,0.22999999999999987,0.24333333333333335,0.24,0.015055453054181624,0.014825999999999992,0.020000000000000018,0.14895189380020205,0.015055453054181624,-0.21278195488721827,-0.05764411027568909,24.42,3.48,0.6099586150704424,0.43262796132705816,0.9418509418509412,0.5747126436781614,TRUE,likely_sufficient
down,"[1.00, 1.10)",1,1.1,1.05,5,5,1.036,1.057,1.097,2.654,2.6900000000000004,0.25899806949087484,0.2520419999999992,0.38600000000000034,0.296,0.3,0.0167332005306815,0.029651999999999942,0.020000000000000007,0.25899806949087484,0.0167332005306815,-0.21984962406014974,-0.044511278195488585,24.42,3.48,1.0605981551632875,0.48083909570923844,1.580671580671582,0.5747126436781612,TRUE,likely_sufficient
down,"[1.10, 1.20)",1.1,1.2000000000000002,1.1500000000000001,13,13,1.1,1.147,1.199,3.02,3,0.3403919309658599,0.38547599999999965,0.552,0.3384615384615385,0.34,0.02230327100305911,0.029651999999999942,0.04000000000000001,0.3403919309658599,0.02230327100305911,-0.24904569115095376,-0.04765760555234246,24.42,3.48,1.3939063512115475,0.6408985920419284,2.2604422604422605,1.149425287356322,TRUE,likely_sufficient
down,"[1.20, 1.30)",1.2000000000000002,1.3000000000000003,1.2500000000000002,7,7,1.221,1.241,1.29,3.237142857142857,3.24,0.19847034083327458,0.20756400000000017,0.312,0.38857142857142857,0.4,0.02267786838055364,0.029651999999999942,0.040000000000000036,0.19847034083327458,0.02267786838055364,-0.23286788399570144,-0.052846401718582084,24.42,3.48,0.8127368584491178,0.6516628844986679,1.2776412776412776,1.1494252873563229,TRUE,likely_sufficient
down,"[1.30, 1.40)",1.3,1.4000000000000001,1.35,14,14,1.3,1.3535,1.398,3.4578571428571427,3.3499999999999996,0.3500808383882119,0.2816939999999992,0.6330000000000001,0.44857142857142857,0.46,0.020326997151247236,0.014825999999999971,0.047000000000000014,0.3500808383882119,0.020326997151247236,-0.20902255639097594,0.03963480128893735,24.42,3.48,1.4335824667821946,0.5841091135415872,2.5921375921375924,1.3505747126436785,TRUE,likely_sufficient
down,"[1.40, 1.50)",1.4000000000000001,1.5000000000000002,1.4500000000000002,12,12,1.401,1.4415,1.498,3.69,3.6,0.29560415792376493,0.2520420000000002,0.5029999999999997,0.5016666666666667,0.49,0.02480224818744293,0.014826000000000013,0.050000000000000044,0.29560415792376493,0.02480224818744293,-0.17456140350877203,0.010025062656641657,24.42,3.48,1.2105002371980544,0.71270828124836,2.0597870597870584,1.4367816091954035,TRUE,likely_sufficient
down,"[1.50, 1.60)",1.5,1.6,1.55,12,11,1.524,1.55,1.596,3.75,3.84,0.3879550114498986,0.400302,0.7219999999999998,0.5733333333333334,0.5700000000000001,0.015569978883230421,0.014826000000000013,0.029999999999999916,0.3879550114498986,0.015569978883230421,-0.055263157894737264,-0.001503759398495718,24.42,3.48,1.588677360564695,0.44741318629972476,2.956592956592955,0.862068965517239,TRUE,likely_sufficient
down,"[1.60, 1.70)",1.6,1.7000000000000002,1.6500000000000001,10,10,1.602,1.6404999999999998,1.683,4.1,4.17,0.4001388647846033,0.5189099999999998,0.5794999999999999,0.623,0.62,0.018885620632287076,0.029652000000000026,0.025500000000000012,0.4001388647846033,0.018885620632287076,-0.06947368421052567,0.015037593984962305,24.42,3.48,1.6385702898632402,0.5426902480542263,2.3730548730548726,0.7327586206896555,TRUE,likely_sufficient
down,"[1.70, 1.80)",1.7000000000000002,1.8000000000000003,1.7500000000000002,11,11,1.709,1.737,1.786,4.623636363636364,4.82,0.3684636407373929,0.29651999999999895,0.7900000000000005,0.6872727272727273,0.7,0.020538212722098787,0.02965199999999986,0.039999999999999925,0.3684636407373929,0.020538212722098787,-0.16732740943267524,-0.008885850991113576,24.42,3.48,1.5088601176797414,0.5901785264970916,3.2350532350532366,1.1494252873563198,TRUE,likely_sufficient
down,"[1.80, 1.90)",1.8,1.9000000000000001,1.85,10,10,1.828,1.8595000000000002,1.892,4.859,4.95,0.2719660926578082,0.17049899999999965,0.5299999999999998,0.758,0.76,0.022010098692292257,0.029652000000000026,0.031000000000000007,0.2719660926578082,0.022010098692292257,-0.08360902255639042,0.001804511278195868,24.42,3.48,1.1137022631359876,0.6324741003532257,2.1703521703521695,0.8908045977011496,TRUE,likely_sufficient
down,"[1.90, 2.00)",1.9000000000000001,2,1.9500000000000002,8,8,1.907,1.95,1.998,5.21,5.3100000000000005,0.34887574537976374,0.31134600000000057,0.5630000000000004,0.81,0.81,0.02390457218668784,0.029651999999999942,0.030000000000000027,0.34887574537976374,0.02390457218668784,-0.07180451127819412,0.012593984962406112,24.42,3.48,1.4286476059777384,0.6869129938703402,2.305487305487307,0.8620689655172421,TRUE,likely_sufficient
down,"[2.00, 2.10)",2,2.1,2.05,10,10,2.013,2.0365,2.092,5.11,5.13,0.44703964527147305,0.34099799999999997,0.8520000000000001,0.872,0.86,0.019321835661585934,0,0.041999999999999996,0.44703964527147305,0.019321835661585934,-0.06857142857142802,5.188613682584672e-16,24.42,3.48,1.8306291780158601,0.555225162689251,3.4889434889434887,1.2068965517241377,TRUE,likely_sufficient
down,"[2.10, 2.20)",2.1,2.2,2.1500000000000004,10,10,2.103,2.1500000000000004,2.191,5.5600000000000005,5.71,0.4306068069854705,0.31134600000000057,0.7649999999999997,0.9359999999999999,0.94,0.015776212754932285,0,0.030999999999999944,0.4306068069854705,0.015776212754932285,-0.02857142857142542,0.001654135338346166,24.42,3.48,1.7633366379421394,0.45333944698081274,3.1326781326781314,0.8908045977011478,TRUE,likely_sufficient
down,"[2.20, 2.30)",2.2,2.3000000000000003,2.25,5,5,2.208,2.244,2.299,6.266,6.12,0.2930528962491243,0.1334340000000011,0.5479999999999996,0.988,0.98,0.02280350850198278,0.029652000000000026,0.03600000000000003,0.2930528962491243,0.02280350850198278,-0.12932330827068067,9.15362142501705e-16,24.42,3.48,1.2000528101929742,0.6552732328155971,2.2440622440622424,1.0344827586206906,TRUE,likely_sufficient
down,"[2.30, 2.40)",2.3000000000000003,2.4000000000000004,2.3500000000000005,10,9,2.3,2.3255,2.392,6.233,6.195,0.33326832699459724,0.33358500000000013,0.5105000000000003,1.042,1.04,0.023944379994757316,0.029652000000000026,0.040000000000000036,0.33326832699459724,0.023944379994757316,-0.0927819548872176,9.652576509279322e-16,24.42,3.48,1.3647351637780394,0.6880568964010723,2.0904995904995913,1.1494252873563229,TRUE,likely_sufficient
down,"[2.40, 2.50)",2.4000000000000004,2.5000000000000004,2.45,11,11,2.413,2.458,2.487,6.867272727272727,6.94,0.39633548690701187,0.2816939999999992,0.7199999999999998,1.1090909090909091,1.12,0.01868397465987653,0.029651999999999696,0.040000000000000036,0.39633548690701187,0.01868397465987653,-0.12002734107997287,0.013123718386876761,24.42,3.48,1.6229954418796555,0.5368958235596704,2.948402948402947,1.1494252873563229,TRUE,likely_sufficient
down,"[2.50, 2.60)",2.5,2.6,2.55,8,7,2.503,2.5220000000000002,2.563,6.7575,6.68,0.4361438163856373,0.400302,0.7489999999999999,1.1624999999999999,1.16,0.007071067811865481,0,0.013000000000000001,0.4361438163856373,0.007071067811865481,-0.07218045112782244,0.004511278195489431,24.42,3.48,1.7860107141098989,0.20319160378923798,3.0671580671580667,0.3735632183908046,TRUE,likely_sufficient
down,"[2.60, 2.70)",2.6,2.7,2.6500000000000004,16,14,2.608,2.6455,2.694,7.156875,7,0.4503586533715842,0.39288900000000015,0.825,1.2375,1.24,0.017701224063135686,0.029652000000000026,0.025000000000000022,0.4503586533715842,0.017701224063135686,-0.0634398496240632,6.853882774163103e-16,24.42,3.48,1.844220529777167,0.5086558638832094,3.378378378378378,0.7183908045977018,TRUE,likely_sufficient
down,"[2.70, 2.80)",2.7,2.8000000000000003,2.75,7,7,2.712,2.751,2.791,8.051428571428572,8.14,0.36384193323605857,0.2075639999999982,0.5820000000000006,1.2942857142857143,1.3,0.02225394561056749,0.029652000000000026,0.034000000000000016,0.36384193323605857,0.02225394561056749,-0.1091299677765898,8.901672683970012e-16,24.42,3.48,1.4899342065358663,0.6394811957059624,2.3832923832923854,0.977011494252874,TRUE,likely_sufficient
down,"[2.80, 2.90)",2.8000000000000003,2.9000000000000004,2.8500000000000005,11,10,2.801,2.853,2.88,7.929090909090909,7.9,0.4553999241426056,0.5337360000000004,0.73,1.3472727272727274,1.36,0.020538212722098804,0.029651999999999696,0.040000000000000036,0.4553999241426056,0.020538212722098804,-0.0426520847573467,3.3854655319698526e-17,24.42,3.48,1.864864554228524,0.5901785264970921,2.989352989352989,1.1494252873563229,TRUE,likely_sufficient
down,"[2.90, 3.00)",2.9000000000000004,3.0000000000000004,2.95,5,5,2.955,2.968,2.999,8.356,8.46,0.48112368472150713,0.5040839999999998,0.6720000000000006,1.424,1.42,0.008944271909999166,0,0.01600000000000001,0.48112368472150713,0.008944271909999166,-0.04571428571428795,0.015338345864661611,24.42,3.48,1.9702034591380306,0.2570193077585967,2.751842751842754,0.459770114942529,TRUE,likely_sufficient
down,"[3.00, 3.10)",3,3.1,3.05,13,12,3.002,3.067,3.093,8.78,8.78,0.49030602688525043,0.38547599999999965,0.856,1.4776923076923076,1.48,0.019215378456610473,0.029652000000000026,0.027999999999999997,0.49030602688525043,0.019215378456610473,-0.08432620011566835,0.011567379988432866,24.42,3.48,2.0078051879002885,0.5521660476037492,3.505323505323505,0.8045977011494252,TRUE,likely_sufficient
down,"[3.10, 3.20)",3.1,3.2,3.1500000000000004,8,7,3.121,3.138,3.159,8.875,8.85,0.5814022458062674,0.6819959999999999,0.8440000000000001,1.53,1.53,0.010690449676496985,0.014826000000000013,0.010000000000000009,0.5814022458062674,0.010690449676496985,-0.07650375939850261,-3.3076592229421414e-16,24.42,3.48,2.3808445774212426,0.3071968297843961,3.456183456183456,0.2873563218390807,TRUE,likely_sufficient
down,"[3.20, 3.30)",3.2,3.3000000000000003,3.25,14,14,3.212,3.2435,3.285,9.695714285714287,9.67,0.5334317674730766,0.5189099999999994,0.9925000000000002,1.592857142857143,1.6,0.014898926873369854,0,0.027000000000000017,0.5334317674730766,0.014898926873369854,-0.09452201933404171,5.497009311517731e-16,24.42,3.48,2.184405272207521,0.42813008256809926,4.0642915642915645,0.7758620689655177,TRUE,likely_sufficient
down,"[3.30, 3.40)",3.3000000000000003,3.4000000000000004,3.3500000000000005,8,8,3.32,3.363,3.392,10.245,10.34,0.380037592125531,0.44477999999999973,0.6430000000000002,1.6624999999999999,1.66,0.01669045920792562,0.029652000000000026,0.020000000000000018,0.380037592125531,0.01669045920792562,-0.10300751879699255,4.995308417071811e-16,24.42,3.48,1.5562554960095454,0.47961089677947183,2.633087633087634,0.5747126436781614,TRUE,likely_sufficient
down,"[3.40, 3.50)",3.4000000000000004,3.5000000000000004,3.45,10,9,3.402,3.4615,3.489,10.538,10.58,0.33591665633010803,0.41512799999999905,0.5539999999999997,1.712,1.72,0.02347575581554537,0.014826000000000013,0.040000000000000036,0.33591665633010803,0.02347575581554537,-0.05037593984962406,0.016240601503758643,24.42,3.48,1.3755800832518756,0.674590684354752,2.2686322686322673,1.1494252873563229,TRUE,likely_sufficient
down,"[3.50, 3.60)",3.5,3.6,3.55,13,13,3.513,3.557,3.594,11.005384615384616,11,0.4763159907843981,0.5337359999999991,0.7519999999999993,1.78,1.78,0.018257418583505554,0.029652000000000026,0.027999999999999997,0.4763159907843981,0.018257418583505554,-0.05390399074609646,1.3410186755963616e-15,24.42,3.48,1.950515932778043,0.5246384650432631,3.0794430794430765,0.8045977011494252,TRUE,likely_sufficient
down,"[3.60, 3.70)",3.6,3.7,3.6500000000000004,3,3,3.634,3.636,3.673,10.976666666666667,10.92,0.5870547958524258,0.7413,0.6529999999999999,1.8333333333333335,1.82,0.023094010767585053,0,0.036000000000000025,0.5870547958524258,0.023094010767585053,-0.08621553884712269,-6.388599414714918e-16,24.42,3.48,2.4039917930074766,0.663620999068536,2.674037674037674,1.0344827586206904,TRUE,likely_sufficient
down,"[3.70, 3.80)",3.7,3.8000000000000003,3.75,9,9,3.707,3.76,3.795,11.866666666666667,11.8,0.2917190429162965,0.20756400000000083,0.5679999999999996,1.9,1.9,0.019999999999999962,0.029652000000000026,0.03199999999999989,0.2917190429162965,0.019999999999999962,-0.06131996658312109,-1.7779090329640092e-16,24.42,3.48,1.1945906753329094,0.5747126436781599,2.3259623259623243,0.9195402298850543,TRUE,likely_sufficient
down,"[3.80, 3.90)",3.8000000000000003,3.9000000000000004,3.8500000000000005,4,4,3.812,3.847,3.894,12.52,12.629999999999999,0.2988868236194653,0.10378200000000173,0.48399999999999915,1.955,1.95,0.01914854215512678,0.014826000000000013,0.027000000000000017,0.2988868236194653,0.01914854215512678,-0.0458646616541311,0.010526315789476036,24.42,3.48,1.2239427666644769,0.550245464227781,1.9819819819819784,0.7758620689655177,TRUE,likely_sufficient
down,"[3.90, 4.00)",3.9000000000000004,4,3.95,8,6,3.911,3.955,3.982,12.605,12.530000000000001,0.6947764285828111,0.4596059999999994,1.186,2.0175,2.02,0.01669045920792562,0.029652000000000026,0.020000000000000018,0.6947764285828111,0.01669045920792562,-0.07819548872180104,-4.0894326182582492e-16,24.42,3.48,2.8451123201589317,0.47961089677947183,4.856674856674856,0.5747126436781614,TRUE,likely_sufficient
down,"[4.00, 4.10)",4,4.1,4.05,4,4,4.033,4.0725,4.093,13.605,13.649999999999999,0.36528527664461585,0.29652000000000156,0.5029999999999997,2.085,2.09,0.01914854215512678,0.014826000000000342,0.026999999999999864,0.36528527664461585,0.01914854215512678,-0.10939849624059525,-1.139590322453866e-15,24.42,3.48,1.4958447037044056,0.550245464227781,2.0597870597870584,0.7758620689655134,TRUE,likely_sufficient
down,"[4.10, 4.20)",4.1000000000000005,4.2,4.15,7,7,4.1,4.178,4.189,13.994285714285715,14,0.2634930196961041,0.26686799999999955,0.40000000000000036,2.145714285714286,2.16,0.02225394561056749,0,0.048000000000000015,0.2634930196961041,0.02225394561056749,-0.07883995703544837,2.6038258067879646e-15,24.42,3.48,1.079004994660541,0.6394811957059624,1.6380016380016393,1.3793103448275867,TRUE,likely_sufficient
down,"[4.20, 4.30)",4.2,4.3,4.25,10,10,4.206,4.2255,4.299,14.129,14.129999999999999,0.3427486931655125,0.38547599999999965,0.5429999999999998,2.188,2.18,0.013984117975602034,0,0.031000000000000007,0.3427486931655125,0.013984117975602034,-0.04315789473684367,0.00721804511278052,24.42,3.48,1.4035573020700756,0.4018424705632769,2.2235872235872227,0.8908045977011496,TRUE,likely_sufficient
down,"[4.30, 4.40)",4.3,4.3999999999999995,4.35,2,2,4.345,4.354,4.363,15.19,15.19,0.24041630560342606,0.2520419999999999,0.16999999999999993,2.26,2.26,0,0,0,0.24041630560342606,0,-1.0154812997703822e-15,5.435795509933227e-16,24.42,3.48,0.9845057559517855,0,0.6961506961506958,0,FALSE,insufficient_repeats
down,"[4.40, 4.50)",4.4,4.5,4.45,6,6,4.416,4.4395,4.456,14.84,15.08,0.7424284477308234,0.5189099999999994,1.3150000000000004,2.3033333333333332,2.3,0.008164965809277268,0,0.015000000000000013,0.7424284477308234,0.008164965809277268,-0.04160401002506499,0.013533834586465104,24.42,3.48,3.0402475337052555,0.23462545428957668,5.384930384930386,0.43103448275862105,TRUE,possibly_sufficient
down,"[4.50, 4.60)",4.5,4.6,4.55,10,9,4.508,4.5275,4.589,15.786,15.809999999999999,0.6088276530440376,0.7709520000000006,0.9429999999999994,2.37,2.36,0.021602468994692887,0,0.040000000000000036,0.6088276530440376,0.021602468994692887,-0.05353383458645217,-9.290659508873333e-16,24.42,3.48,2.493151732367066,0.6207606032957727,3.8615888615888587,1.1494252873563229,TRUE,likely_sufficient
down,"[4.60, 4.70)",4.6000000000000005,4.7,4.65,10,10,4.601,4.609999999999999,4.691,16.198,16.34,0.4021553044395769,0.4447799999999984,0.6590000000000001,2.4299999999999997,2.42,0.019436506316151018,0.014826000000000013,0.040000000000000036,0.4021553044395769,0.019436506316151018,-0.0392481203007579,1.889595253097748e-15,24.42,3.48,1.6468276185076858,0.5585202964411212,2.6986076986076992,1.1494252873563229,TRUE,likely_sufficient
down,"[4.70, 4.80)",4.7,4.8,4.75,10,10,4.701,4.7435,4.794,16.729,16.8,0.6082844729236481,0.6523440000000018,1.0240000000000005,2.492,2.49,0.019321835661585934,0.014826000000000342,0.030000000000000047,0.6082844729236481,0.019321835661585934,-0.07398496240601403,-0.004661654135336233,24.42,3.48,2.490927407549746,0.555225162689251,4.193284193284195,0.8620689655172428,TRUE,likely_sufficient
down,"[4.80, 4.90)",4.800000000000001,4.9,4.8500000000000005,5,5,4.808,4.821,4.878,17.372,17.52,0.5852520824396963,0.1482600000000021,0.9920000000000008,2.556,2.54,0.021908902300206666,0,0.040000000000000036,0.5852520824396963,0.021908902300206666,-0.02827067669173228,0.003909774436089289,24.42,3.48,2.3966096742002305,0.6295661580519156,4.062244062244065,1.1494252873563229,TRUE,likely_sufficient
down,"[4.90, 5.00)",4.9,5,4.95,7,7,4.907,4.958,4.994,17.862857142857145,17.66,0.59904686198756,0.3854760000000023,1.1179999999999999,2.6171428571428574,2.62,0.024299715851758257,0.029652000000000026,0.034000000000000016,0.59904686198756,0.024299715851758257,-0.05284640171858552,0.014393125671323247,24.42,3.48,2.453099352938411,0.6982676968896051,4.578214578214578,0.977011494252874,TRUE,likely_sufficient
down,"[5.00, 5.10)",5,5.1,5.05,3,3,5.013,5.053,5.09,18.18,18.18,0,0,0,2.68,2.68,0.020000000000000018,0.029652000000000026,0.020000000000000018,0,0.020000000000000018,-0.03308270676694622,-1.4650161985331814e-15,24.42,3.48,0,0.5747126436781614,0,0.5747126436781614,TRUE,likely_sufficient
down,"[5.10, 5.20)",5.1000000000000005,5.2,5.15,9,7,5.124,5.136,5.197,19.06888888888889,19.1,0.7825031061351203,0.8599080000000027,1.2359999999999998,2.7377777777777776,2.74,0.018559214542766555,0.029651999999999366,0.020000000000000018,0.7825031061351203,0.018559214542766555,-0.03091060985797805,3.787125570577358e-16,24.42,3.48,3.2043534239767415,0.5333107627231769,5.06142506142506,0.5747126436781614,TRUE,possibly_sufficient
down,"[5.20, 5.30)",5.2,5.3,5.25,2,2,5.245,5.248,5.251,20.37,20.37,0.3535533905932738,0.37065,0.25,2.79,2.79,0.014142135623730963,0.014826000000000013,0.010000000000000208,0.3535533905932738,0.014142135623730963,-0.014285714285709133,-0.006015037593979712,24.42,3.48,1.4478025822820384,0.40638320757847596,1.0237510237510237,0.28735632183908644,FALSE,insufficient_repeats
down,"[5.30, 5.40)",5.300000000000001,5.4,5.3500000000000005,5,4,5.32,5.335,5.382,20.088,20.2,0.3827793097856778,0.14825999999999684,0.6559999999999988,2.852,2.84,0.017888543819998333,0,0.03600000000000003,0.3827793097856778,0.017888543819998333,-0.015338345864669714,-8.067283839391796e-16,24.42,3.48,1.5674828410551915,0.5140386155171934,2.6863226863226815,1.0344827586206906,TRUE,likely_sufficient
down,"[5.40, 5.50)",5.4,5.5,5.45,4,4,5.404,5.4405,5.463,20.675,20.72,0.3552933060632203,0.3706500000000026,0.4329999999999978,2.905,2.91,0.01914854215512678,0.014826000000000013,0.02700000000000024,0.3552933060632203,0.01914854215512678,-0.004135338345869556,1.932624854639582e-15,24.42,3.48,1.4549275432564301,0.550245464227781,1.7731367731367638,0.775862068965524,TRUE,likely_sufficient
down,"[5.50, 5.60)",5.5,5.6,5.55,1,1,5.598,5.598,5.598,20.48,20.48,NA,NA,0,3.02,3.02,NA,NA,0,NA,NA,-1.4862852073811393e-14,-9.334593163592112e-16,24.42,3.48,NA,NA,0,0,FALSE,insufficient_repeats
down,"[5.60, 5.70)",5.6000000000000005,5.7,5.65,5,5,5.603,5.66,5.689,21.32,21.38,0.5907622195096766,0.5040839999999998,0.8679999999999984,3.036,3.04,0.016733200530681527,0.029652000000000026,0.020000000000000018,0.5907622195096766,0.016733200530681527,-0.014736842105262406,-8.24688327650898e-16,24.42,3.48,2.4191737080658333,0.4808390957092393,3.5544635544635477,0.5747126436781614,TRUE,likely_sufficient
down,"[5.70, 5.80)",5.7,5.8,5.75,7,7,5.712,5.723,5.773,21.747142857142858,22.14,0.9753753856116845,0.6523439999999966,1.8779999999999992,3.0942857142857143,3.08,0.019023794624226854,0,0.040000000000000036,0.9753753856116845,0.019023794624226854,-0.028786251342634742,1.2028969633173676e-15,24.42,3.48,3.9941661982460457,0.5466607650639901,7.690417690417687,1.1494252873563229,TRUE,possibly_sufficient
down,"[5.80, 5.90)",5.800000000000001,5.9,5.8500000000000005,4,4,5.807,5.846,5.895,22.055,22.060000000000002,0.12151817422372069,0.14825999999999948,0.11700000000000105,3.1550000000000002,3.1500000000000004,0.01914854215512678,0.014826000000000342,0.026999999999999864,0.12151817422372069,0.01914854215512678,-0.0075187969924746245,1.4289919009934625e-16,24.42,3.48,0.4976174210635573,0.550245464227781,0.47911547911548336,0.7758620689655134,TRUE,likely_sufficient
down,"[5.90, 6.00)",5.9,6,5.95,4,4,5.902,5.9455,5.974,22.695,22.75,0.23741665204165244,0.1334340000000024,0.35700000000000065,3.21,3.21,0.025819888974716137,0.029652000000000026,0.03000000000000018,0.23741665204165244,0.025819888974716137,7.81275516860276e-15,-0.010526315789472763,24.42,3.48,0.972222162332729,0.7419508326067856,1.4619164619164646,0.8620689655172464,TRUE,likely_sufficient
down,"[6.00, 6.10)",6,6.1,6.05,3,3,6.024,6.049,6.085,23.886666666666667,23.88,0.13012814197295328,0.17791199999999618,0.13800000000000026,3.28,3.28,0.020000000000000018,0.029652000000000026,0.020000000000000018,0.13012814197295328,0.020000000000000018,-1.3243952494618614e-14,7.460110407496201e-16,24.42,3.48,0.5328752742545179,0.5747126436781614,0.5651105651105661,0.5747126436781614,TRUE,likely_sufficient
down,"[6.10, 6.20)",6.1000000000000005,6.2,6.15,2,2,6.1,6.109,6.118,23.89,23.89,0.7495331880577419,0.7857780000000016,0.5300000000000011,3.3099999999999996,3.3099999999999996,0.014142135623730963,0.014826000000000013,0.010000000000000208,0.7495331880577419,0.014142135623730963,1.3667775998207165e-14,1.6901053276611434e-15,24.42,3.48,3.0693414744379273,0.40638320757847596,2.170352170352175,0.28735632183908644,FALSE,insufficient_repeats
down,"[6.20, 6.30)",6.2,6.3,6.25,3,3,6.245,6.255,6.291,24.633333333333333,24.38,0.4562163229580172,0.029651999999999366,0.704000000000001,3.4066666666666667,3.4,0.011547005383792526,0,0.018000000000000013,0.4562163229580172,0.011547005383792526,7.950966465304764e-15,1.818585753666652e-15,24.42,3.48,1.8682077107207908,0.331810499534268,2.8828828828828863,0.5172413793103452,TRUE,likely_sufficient
down,"[6.30, 6.40)",6.300000000000001,6.4,6.3500000000000005,1,1,6.386,6.386,6.386,25.3,25.3,NA,NA,0,3.48,3.48,NA,NA,0,NA,NA,-1.841525239804832e-14,-5.084367378921277e-15,24.42,3.48,NA,NA,0,0,FALSE,insufficient_repeats
down,"[6.50, 6.60)",6.5,6.6,6.55,1,1,6.548,6.548,6.548,24.5,24.5,NA,NA,0,3.58,3.58,NA,NA,0,NA,NA,2.182394546539952e-14,-2.5013092287083402e-15,24.42,3.48,NA,NA,0,0,FALSE,insufficient_repeats
down,"[6.60, 6.70)",6.6000000000000005,6.7,6.65,1,1,6.695,6.695,6.695,26.1,26.1,NA,NA,0,3.68,3.68,NA,NA,0,NA,NA,-3.835322923977905e-14,0.14436090225564546,24.42,3.48,NA,NA,0,0,FALSE,insufficient_repeats
down,"[6.70, 6.80)",6.7,6.8,6.75,1,1,6.741,6.741,6.741,26.68,26.68,NA,NA,0,3.7,3.7,NA,NA,0,NA,NA,-4.6692950875443975e-14,-5.492005754967949e-15,24.42,3.48,NA,NA,0,0,FALSE,insufficient_repeats
up,"[1.60, 1.70)",1.6,1.7000000000000002,1.6500000000000001,1,1,1.656,1.656,1.656,3.82,3.82,NA,NA,0,0.64,0.64,NA,NA,0,NA,NA,3.906031595634824e-15,-0.031578947368421664,24.54,3.32,NA,NA,0,0,FALSE,insufficient_repeats
up,"[1.70, 1.80)",1.7000000000000002,1.8000000000000003,1.7500000000000002,2,2,1.724,1.736,1.748,3.8200000000000003,3.8200000000000003,0.16970562748477125,0.17791199999999982,0.12000000000000009,0.68,0.68,0,0,0,0.16970562748477125,0,-4.8259879705110065e-15,4.418765013928366e-16,24.54,3.32,0.6915469742655715,0,0.4889975550122253,0,FALSE,insufficient_repeats
up,"[1.80, 1.90)",1.8,1.9000000000000001,1.85,2,2,1.852,1.8585,1.865,4.39,4.39,0.3535533905932738,0.37065,0.25,0.75,0.75,0.014142135623730963,0.014826000000000013,0.010000000000000009,0.3535533905932738,0.014142135623730963,0.03759398496240519,-4.259590522933156e-16,24.54,3.32,1.4407228630532753,0.4259679404738242,1.0187449062754688,0.30120481927710874,FALSE,insufficient_repeats
up,"[1.90, 2.00)",1.9000000000000001,2,1.9500000000000002,1,1,1.996,1.996,1.996,4.82,4.82,NA,NA,0,0.84,0.84,NA,NA,0,NA,NA,0.07669172932331407,7.454086006919028e-16,24.54,3.32,NA,NA,0,0,FALSE,insufficient_repeats
up,"[2.00, 2.10)",2,2.1,2.05,5,4,2.001,2.038,2.071,4.816,4.74,0.1532318504750236,0.1186080000000001,0.2519999999999998,0.864,0.86,0.016733200530681527,0.029652000000000026,0.020000000000000018,0.1532318504750236,0.016733200530681527,9.353467328315883e-16,6.547998209829086e-16,24.54,3.32,0.6244166686023782,0.5040120641771545,1.0268948655256716,0.6024096385542175,TRUE,likely_sufficient
up,"[2.10, 2.20)",2.1,2.2,2.1500000000000004,3,3,2.145,2.17,2.19,5.16,5.22,0.25534290669607407,0.2372160000000002,0.32199999999999984,0.94,0.94,0.019999999999999962,0.02965199999999986,0.020000000000000004,0.25534290669607407,0.019999999999999962,-1.5287611980604064e-15,7.408925795717318e-16,24.54,3.32,1.0405171422007908,0.6024096385542158,1.3121434392828029,0.602409638554217,TRUE,likely_sufficient
up,"[2.20, 2.30)",2.2,2.3000000000000003,2.25,2,1,2.215,2.215,2.215,5.279999999999999,5.279999999999999,0.3394112549695425,0.35582399999999964,0.24000000000000019,0.96,0.96,0,0,0,0.3394112549695425,0,2.1477728623487498e-15,-4.1693077020943045e-16,24.54,3.32,1.383093948531143,0,0.9779951100244506,0,FALSE,insufficient_repeats
up,"[2.30, 2.40)",2.3000000000000003,2.4000000000000004,2.3500000000000005,4,4,2.309,2.3535000000000004,2.386,5.615,5.6,0.1754042948923049,0.16308599999999981,0.23100000000000012,1.0475,1.05,0.02217355782608347,0.02223900000000002,0.028500000000000022,0.1754042948923049,0.02217355782608347,3.0902954675207938e-15,0.0075187969924815235,24.54,3.32,0.7147689278415033,0.6678782477735985,0.9413202933985335,0.8584337349397597,TRUE,likely_sufficient
up,"[2.40, 2.50)",2.4000000000000004,2.5000000000000004,2.45,9,9,2.439,2.483,2.499,5.7555555555555555,5.84,0.2183524164688308,0.26686799999999955,0.39999999999999974,1.1222222222222222,1.12,0.01563471919941135,0.029651999999999696,0.020000000000000018,0.2183524164688308,0.01563471919941135,0.011027568922309456,1.4253219963131833e-16,24.54,3.32,0.8897816482022446,0.47092527709070336,1.6299918500407486,0.6024096385542175,TRUE,likely_sufficient
up,"[2.50, 2.60)",2.5,2.6,2.55,7,7,2.506,2.57,2.592,5.817142857142857,5.86,0.4202266961896594,0.29651999999999895,0.7440000000000002,1.177142857142857,1.18,0.024299715851758257,0.029652000000000026,0.034000000000000016,0.4202266961896594,0.024299715851758257,3.0477682400483305e-15,-1.780831090440028e-16,24.54,3.32,1.7124152248967377,0.7319191521613934,3.0317848410757957,1.0240963855421692,TRUE,likely_sufficient
up,"[2.60, 2.70)",2.6,2.7,2.6500000000000004,5,5,2.632,2.678,2.696,6.4799999999999995,6.54,0.30495901363953803,0.38547599999999965,0.424,1.244,1.24,0.016733200530681527,0.029652000000000026,0.020000000000000018,0.30495901363953803,0.016733200530681527,0.0021052631578956497,9.833417543505265e-16,24.54,3.32,1.2427017670722822,0.5040120641771545,1.7277913610431948,0.6024096385542175,TRUE,likely_sufficient
up,"[2.70, 2.80)",2.7,2.8000000000000003,2.75,6,6,2.705,2.728,2.766,6.546666666666667,6.55,0.34863543518504636,0.4892580000000001,0.45499999999999985,1.2833333333333334,1.28,0.015055453054181633,0.014826000000000013,0.020000000000000018,0.34863543518504636,0.015055453054181633,0.013283208020047108,6.797652603560025e-16,24.54,3.32,1.420682294967589,0.4534775016319769,1.8541157294213524,0.6024096385542175,TRUE,likely_sufficient
up,"[2.80, 2.90)",2.8000000000000003,2.9000000000000004,2.8500000000000005,6,6,2.806,2.855,2.88,6.836666666666667,6.78,0.39646773723301443,0.2372160000000002,0.6749999999999996,1.3466666666666667,1.35,0.024221202832779894,0.02965199999999986,0.030000000000000027,0.39646773723301443,0.024221202832779894,-0.0077694235588955775,-7.773446885203492e-17,24.54,3.32,1.6155979512347778,0.7295543021921655,2.750611246943764,0.9036144578313261,TRUE,likely_sufficient
up,"[2.90, 3.00)",2.9000000000000004,3.0000000000000004,2.95,4,4,2.9,2.9445,2.975,7.295,7.279999999999999,0.4897278155601672,0.5782139999999995,0.5510000000000003,1.4049999999999998,1.41,0.01914854215512678,0.014826000000000013,0.027000000000000017,0.4897278155601672,0.01914854215512678,4.7308772997600054e-15,-7.031624695275616e-17,24.54,3.32,1.99563087025333,0.5767633179255054,2.245313773431134,0.8132530120481932,TRUE,likely_sufficient
up,"[3.00, 3.10)",3,3.1,3.05,4,3,3.012,3.017,3.06,7.62,7.640000000000001,0.25922962793631465,0.29652000000000023,0.28800000000000053,1.4649999999999999,1.46,0.010000000000000009,0,0.017000000000000008,0.25922962793631465,0.010000000000000009,1.1147694501738367e-14,3.3757496070341837e-16,24.54,3.32,1.056355452063222,0.30120481927710874,1.1735941320293422,0.5120481927710846,TRUE,likely_sufficient
up,"[3.10, 3.20)",3.1,3.2,3.1500000000000004,7,7,3.118,3.147,3.166,8.09142857142857,7.92,0.37997493651680836,0.29651999999999895,0.748,1.5314285714285714,1.54,0.010690449676496985,0,0.020000000000000018,0.37997493651680836,0.010690449676496985,0.018045112781958007,-2.7573900137892477e-16,24.54,3.32,1.5483901243553724,0.32200149628002966,3.048084759576202,0.6024096385542175,TRUE,likely_sufficient
up,"[3.20, 3.30)",3.2,3.3000000000000003,3.25,9,9,3.204,3.266,3.291,8.594444444444445,8.58,0.537473513559299,0.6819960000000013,0.7840000000000003,1.5933333333333335,1.6,0.017320508075688787,0,0.03200000000000002,0.537473513559299,0.017320508075688787,0.03458646616541941,-0.012865497076022766,24.54,3.32,2.1901936167860594,0.5217020504725539,3.1947840260798706,0.9638554216867476,TRUE,likely_sufficient
up,"[3.30, 3.40)",3.3000000000000003,3.4000000000000004,3.3500000000000005,11,11,3.303,3.341,3.38,8.763636363636364,9.02,0.5447801892006119,0.41512800000000166,1.0099999999999998,1.6472727272727272,1.64,0.02240129866365294,0.029651999999999696,0.040000000000000036,0.5447801892006119,0.02240129866365294,0.02624743677374894,-0.002734107997265709,24.54,3.32,2.219968171151638,0.6747379115558115,4.115729421352892,1.204819277108435,TRUE,likely_sufficient
up,"[3.40, 3.50)",3.4000000000000004,3.5000000000000004,3.45,9,9,3.409,3.461,3.49,9.106666666666667,9.02,0.35986108430893154,0.4447799999999984,0.6120000000000004,1.711111111111111,1.72,0.017638342073763955,0.029652000000000026,0.03200000000000002,0.35986108430893154,0.017638342073763955,0.01988304093567209,-5.533748785408201e-16,24.54,3.32,1.466426586425964,0.531275363667589,2.493887530562349,0.9638554216867476,TRUE,likely_sufficient
up,"[3.50, 3.60)",3.5,3.6,3.55,5,5,3.539,3.551,3.586,9.566,9.74,0.3190297791742961,0.08895600000000073,0.5999999999999999,1.78,1.78,0.014142135623730963,0,0.020000000000000018,0.3190297791742961,0.014142135623730963,0.030075187969919103,1.789987986653567e-15,24.54,3.32,1.3000398499360069,0.4259679404738242,2.4449877750611244,0.6024096385542175,TRUE,likely_sufficient
up,"[3.60, 3.70)",3.6,3.7,3.6500000000000004,9,7,3.602,3.664,3.687,9.994444444444445,9.96,0.30639480703461297,0.31134600000000123,0.49600000000000044,1.828888888888889,1.84,0.022607766610417582,0,0.040000000000000036,0.30639480703461297,0.022607766610417582,0.035588972431084824,0.010359231411866078,24.54,3.32,1.2485525959030683,0.6809568256149874,2.0211898940505315,1.204819277108435,TRUE,likely_sufficient
up,"[3.70, 3.80)",3.7,3.8000000000000003,3.75,9,9,3.723,3.745,3.784,10.415555555555555,10.22,0.6424778422465461,0.4447799999999984,1.2599999999999993,1.8933333333333333,1.9,0.014142135623730963,0.029652000000000026,0.020000000000000018,0.6424778422465461,0.014142135623730963,0.031244778613201577,-1.6926231236116984e-16,24.54,3.32,2.618084116734092,0.4259679404738242,5.134474327628359,0.6024096385542175,TRUE,likely_sufficient
up,"[3.80, 3.90)",3.8000000000000003,3.9000000000000004,3.8500000000000005,4,3,3.836,3.8675,3.869,10.59,10.52,0.3316624790355397,0.2816939999999992,0.45799999999999974,1.955,1.96,0.010000000000000009,0,0.017000000000000008,0.3316624790355397,0.010000000000000009,0.02067669172933181,3.3691572281846976e-15,24.54,3.32,1.3515178444806017,0.30120481927710874,1.8663406682966577,0.5120481927710846,TRUE,likely_sufficient
up,"[3.90, 4.00)",3.9000000000000004,4,3.95,7,7,3.92,3.964,3.976,11.494285714285715,11.4,0.3955947902781813,0.20756400000000083,0.7079999999999997,2.02,2.02,0.011547005383792526,0,0.020000000000000018,0.3955947902781813,0.011547005383792526,0.035660580021487684,-1.8760214297982656e-15,24.54,3.32,1.6120407101800378,0.3478013669817026,2.885085574572126,0.6024096385542175,TRUE,likely_sufficient
up,"[4.00, 4.10)",4,4.1,4.05,12,10,4.001,4.0344999999999995,4.098,11.71,11.99,0.8719257683166298,0.9043859999999991,1.6339999999999995,2.0733333333333333,2.0700000000000003,0.023094010767585053,0.029652000000000026,0.03000000000000025,0.8719257683166298,0.023094010767585053,0.05488721804511196,-2.9439509404131727e-18,24.54,3.32,3.553079740491564,0.6956027339634052,6.658516707416461,0.9036144578313329,TRUE,possibly_sufficient
up,"[4.10, 4.20)",4.1000000000000005,4.2,4.15,9,9,4.104,4.144,4.187,12.242222222222223,12.46,0.5215787998418304,0.38547599999999965,1.0080000000000002,2.137777777777778,2.14,0.015634719199411444,0.029652000000000026,0.020000000000000018,0.5215787998418304,0.015634719199411444,0.06382623224728547,1.3515359802539124e-15,24.54,3.32,2.125422982240548,0.4709252770907062,4.107579462102691,0.6024096385542175,TRUE,likely_sufficient
up,"[4.20, 4.30)",4.2,4.3,4.25,2,2,4.221,4.249499999999999,4.278,12.855,12.855,0.007071067811865324,0.007412999999999842,0.005000000000000693,2.2,2.2,0.028284271247461926,0.029652000000000026,0.020000000000000018,0.007071067811865324,0.028284271247461926,0.07518796992482282,1.069630761976619e-15,24.54,3.32,0.028814457261064894,0.8519358809476484,0.020374898125512197,0.6024096385542175,FALSE,insufficient_repeats
up,"[4.30, 4.40)",4.3,4.3999999999999995,4.35,7,7,4.307,4.37,4.398,13.285714285714286,13.08,0.780402826384279,0.5040839999999998,1.2819999999999994,2.26,2.26,0.02309401076758486,0.029652000000000026,0.033999999999999704,0.780402826384279,0.02309401076758486,0.05628356605801167,-0.006015037593984475,24.54,3.32,3.180125616887853,0.6956027339633994,5.224123879380601,1.0240963855421599,TRUE,possibly_sufficient
up,"[4.40, 4.50)",4.4,4.5,4.45,5,5,4.415,4.445,4.498,13.792,14,0.6692682571286345,0.26686799999999955,1.1559999999999997,2.316,2.3,0.021908902300206666,0,0.040000000000000036,0.6692682571286345,0.021908902300206666,0.07879699248121043,0.026466165413533724,24.54,3.32,2.727254511526628,0.6599066957893575,4.710676446617765,1.204819277108435,TRUE,likely_sufficient
up,"[4.50, 4.60)",4.5,4.6,4.55,10,8,4.512,4.5375,4.585,13.728,13.64,0.5595394931945775,0.444780000000001,1.0589999999999997,2.376,2.37,0.022705848487901886,0.029652000000000026,0.030000000000000047,0.5595394931945775,0.022705848487901886,0.07654135338345425,0.004962406015036826,24.54,3.32,2.280112034207732,0.6839110990331894,4.315403422982884,0.9036144578313268,TRUE,likely_sufficient
up,"[4.60, 4.70)",4.6000000000000005,4.7,4.65,11,11,4.608,4.642,4.697,14.557272727272727,14.46,0.8411193840245379,1.0378200000000015,1.2799999999999994,2.441818181818182,2.44,0.016624188291872684,0.029652000000000026,0.020000000000000018,0.8411193840245379,0.016624188291872684,0.06165413533834993,8.568307398733764e-16,24.54,3.32,3.427544352178231,0.5007285630082133,5.215973920130398,0.6024096385542175,TRUE,possibly_sufficient
up,"[4.70, 4.80)",4.7,4.8,4.75,12,12,4.707,4.7455,4.793,15.079166666666667,15.09,0.7734275347536779,0.5411490000000003,1.4650000000000003,2.4916666666666667,2.5,0.019924098397912454,0.029652000000000026,0.040000000000000036,0.7734275347536779,0.019924098397912454,0.08822055137844124,-0.0028822055137817507,24.54,3.32,3.1517014456140093,0.6001234457202547,5.969845150774248,1.204819277108435,TRUE,possibly_sufficient
up,"[4.80, 4.90)",4.800000000000001,4.9,4.8500000000000005,14,13,4.813,4.8715,4.895,15.474285714285713,15.54,0.8256439378375595,0.8895599999999981,1.5679999999999992,2.5642857142857145,2.5700000000000003,0.017851647506079635,0.014826000000000013,0.03000000000000025,0.8256439378375595,0.017851647506079635,0.0778732545649868,-6.958407855926619e-16,24.54,3.32,3.3644822242769337,0.5377002260867361,6.389568052159737,0.9036144578313329,TRUE,possibly_sufficient
up,"[4.90, 5.00)",4.9,5,4.95,6,4,4.976,4.992,4.994,16.67,16.59,0.40254192328253224,0.37065,0.6200000000000001,2.6366666666666667,2.64,0.008164965809277268,0,0.015000000000000013,0.40254192328253224,0.008164965809277268,0.08696741854636122,1.7296680701560985e-15,24.54,3.32,1.640350135625641,0.2459327050987129,2.526487367563163,0.45180722891566305,TRUE,likely_sufficient
up,"[5.00, 5.10)",5,5.1,5.05,10,9,5.015,5.0445,5.097,16.572,16.78,0.7087359639997584,0.7635390000000009,1.2545000000000002,2.676,2.68,0.015776212754932323,0.029652000000000026,0.020000000000000018,0.7087359639997584,0.015776212754932323,0.11954887218045677,-2.7187410491056687e-15,24.54,3.32,2.888084612875951,0.47518713117266037,5.112061939690302,0.6024096385542175,TRUE,likely_sufficient
up,"[5.10, 5.20)",5.1000000000000005,5.2,5.15,7,7,5.106,5.145,5.182,17.325714285714284,17.4,0.5952830459217737,0.889560000000002,0.8559999999999982,2.737142857142857,2.74,0.017994708216848575,0.029651999999999366,0.020000000000000018,0.5952830459217737,0.017994708216848575,0.07883995703544117,0.020408163265306974,24.54,3.32,2.4257662832998115,0.5420092836400173,3.4881825590871975,0.6024096385542175,TRUE,likely_sufficient
up,"[5.20, 5.30)",5.2,5.3,5.25,11,11,5.2,5.265,5.284,17.78818181818182,17.86,0.5365224726293993,0.20756400000000083,1.1050000000000022,2.7909090909090906,2.8,0.016403990645294502,0.029652000000000026,0.030000000000000027,0.5365224726293993,0.016403990645294502,0.09090909090909376,0.0023239917976798836,24.54,3.32,2.1863181443740807,0.4940961037739308,4.502852485737581,0.9036144578313261,TRUE,likely_sufficient
up,"[5.30, 5.40)",5.300000000000001,5.4,5.3500000000000005,10,9,5.301,5.349,5.398,18.266000000000002,18.310000000000002,0.4349252809391514,0.5040840000000024,0.6719999999999999,2.852,2.86,0.02149935399546282,0.029652000000000026,0.040000000000000036,0.4349252809391514,0.02149935399546282,0.10180451127819816,0.002556390977443173,24.54,3.32,1.7723116582687506,0.6475709034777958,2.7383863080684594,1.204819277108435,TRUE,likely_sufficient
up,"[5.40, 5.50)",5.4,5.5,5.45,8,8,5.402,5.439500000000001,5.492,18.7525,19.1,0.7126559979601459,0.22238999999999787,1.4860000000000002,2.9125,2.92,0.018322507626258103,0.014826000000000013,0.033000000000000015,0.7126559979601459,0.018322507626258103,0.10037593984963013,0.009210526315790744,24.54,3.32,2.9040586713942376,0.5518827598270513,6.055419722901386,0.9939759036144583,TRUE,likely_sufficient
up,"[5.50, 5.60)",5.5,5.6,5.55,3,3,5.537,5.545,5.579,19.8,19.56,0.5230678732248799,0.17791199999999618,0.7679999999999996,2.98,2.98,0.020000000000000018,0.029652000000000026,0.020000000000000018,0.5230678732248799,0.020000000000000018,0.04461152882207299,9.093237349655385e-16,24.54,3.32,2.131490925936756,0.6024096385542175,3.129584352078238,0.6024096385542175,TRUE,likely_sufficient
up,"[5.60, 5.70)",5.6000000000000005,5.7,5.65,10,10,5.628,5.663,5.699,19.918,19.96,0.6269821900713505,0.7264740000000003,0.961000000000001,3.036,3.04,0.015776212754932323,0.029652000000000026,0.020000000000000018,0.6269821900713505,0.015776212754932323,0.13172932330827186,0.014436090225562716,24.54,3.32,2.554939649842504,0.47518713117266037,3.9160554197229054,0.6024096385542175,TRUE,likely_sufficient
up,"[5.70, 5.80)",5.7,5.8,5.75,10,9,5.709,5.736000000000001,5.793,20.456,20.490000000000002,0.4023044728671166,0.5485619999999962,0.5699999999999987,3.0940000000000003,3.09,0.016465452046971307,0.014826000000000013,0.03000000000000025,0.4023044728671166,0.016465452046971307,0.10571428571426789,0.004360902255640382,24.54,3.32,1.6393825300208504,0.4959473508123888,2.3227383863080635,0.9036144578313329,TRUE,likely_sufficient
up,"[5.80, 5.90)",5.800000000000001,5.9,5.8500000000000005,6,6,5.805,5.8705,5.897,20.91,21.08,0.6303967004989793,0.5930400000000031,1.0249999999999977,3.1633333333333336,3.17,0.019663841605003517,0.014826000000000342,0.029999999999999805,0.6303967004989793,0.019663841605003517,0.10375939849625182,-0.007017543859650081,24.54,3.32,2.5688537102647895,0.5922843856928771,4.176854115729412,0.9036144578313194,TRUE,likely_sufficient
up,"[5.90, 6.00)",5.9,6,5.95,7,6,5.944,5.964,5.993,21.465714285714284,21.6,0.47098680600264387,0.6226920000000025,0.7580000000000017,3.2285714285714286,3.22,0.010690449676496985,0,0.020000000000000018,0.47098680600264387,0.010690449676496985,0.15145005370569797,2.9314703917418437e-15,24.54,3.32,1.919261638152583,0.32200149628002966,3.0888345558272277,0.6024096385542175,TRUE,likely_sufficient
up,"[6.00, 6.10)",6,6.1,6.05,7,7,6.015,6.083,6.098,21.897142857142857,21.86,0.5441113331452887,0.41512800000000166,0.8280000000000001,3.2857142857142856,3.3,0.019023794624226854,0,0.040000000000000036,0.5441113331452887,0.019023794624226854,0.14135338345865228,1.570321731009501e-15,24.54,3.32,2.21724259635407,0.5730058621755078,3.3740831295843527,1.204819277108435,TRUE,likely_sufficient
up,"[6.10, 6.20)",6.1000000000000005,6.2,6.15,12,11,6.119,6.139,6.183,22.446666666666665,22.28,0.35224819073884317,0.28910700000000306,0.6889999999999995,3.3383333333333334,3.34,0.018006732747570416,0.029652000000000026,0.020000000000000018,0.35224819073884317,0.018006732747570416,0.1417293233082818,1.1954397001593998e-15,24.54,3.32,1.4354042002397849,0.5423714683003137,2.8076609616951895,0.6024096385542175,TRUE,likely_sufficient
up,"[6.20, 6.30)",6.2,6.3,6.25,13,12,6.202,6.235,6.295,23.233076923076922,23.22,0.267936081164414,0.17791200000000146,0.4719999999999982,3.4,3.4,0.018257418583505554,0.029652000000000026,0.020000000000000018,0.267936081164414,0.018257418583505554,0.13545401966455173,-3.470213996526656e-4,24.54,3.32,1.091834071574629,0.5499222464911312,1.9233903830480774,0.6024096385542175,TRUE,likely_sufficient
up,"[6.30, 6.40)",6.300000000000001,6.4,6.3500000000000005,12,11,6.3,6.361000000000001,6.379,23.615,23.68,0.5453355930900794,0.5337360000000018,0.9829999999999983,3.455,3.46,0.021105794120443472,0.029652000000000026,0.040000000000000036,0.5453355930900794,0.021105794120443472,0.15313283208021236,8.254707051216401e-16,24.54,3.32,2.2222314306849205,0.6357166903748034,4.005704971475136,1.204819277108435,TRUE,likely_sufficient
up,"[6.40, 6.50)",6.4,6.5,6.45,10,9,6.42,6.469,6.487,23.908,23.98,0.6620808946881876,0.5040839999999998,1.1964999999999986,3.523,3.5250000000000004,0.017669811040931453,0.022238999999999523,0.025000000000000355,0.6620808946881876,0.017669811040931453,0.14977443609022556,-1.5671719136169263e-15,24.54,3.32,2.697966156023585,0.5322232241244413,4.875713121434387,0.7530120481927818,TRUE,likely_sufficient
up,"[6.50, 6.60)",6.5,6.6,6.55,14,14,6.5,6.531000000000001,6.588,24.425714285714285,24.54,0.745878050309879,0.37065,1.2650000000000001,3.567142857142857,3.56,0.018575654633281317,0.014826000000000013,0.040000000000000036,0.745878050309879,0.018575654633281317,0.12330827067668901,7.192969736362055e-16,24.54,3.32,3.0394378578234678,0.5595076696771482,5.154849225753872,1.204819277108435,TRUE,possibly_sufficient
up,"[6.60, 6.70)",6.6000000000000005,6.7,6.65,12,12,6.617,6.6615,6.697,25.024166666666666,25.03,0.44931176326250466,0.6375179999999996,0.6350000000000005,3.6433333333333335,3.64,0.01874873733122186,0.029652000000000026,0.029000000000000012,0.44931176326250466,0.01874873733122186,0.1255639097744349,9.955728600839216e-16,24.54,3.32,1.8309362806133034,0.5647210039524657,2.587612061939692,0.8734939759036149,TRUE,likely_sufficient
up,"[6.70, 6.80)",6.7,6.8,6.75,13,13,6.704,6.762,6.788,25.998461538461537,26.02,0.36701149286832435,0.29651999999999895,0.6920000000000008,3.703076923076923,3.7,0.01601281538050873,0.029652000000000026,0.020000000000000018,0.36701149286832435,0.01601281538050873,0.11694621168305452,0.0017351069982668539,24.54,3.32,1.4955643556166436,0.48231371628038344,2.819885900570501,0.6024096385542175,TRUE,likely_sufficient
up,"[6.80, 6.90)",6.800000000000001,6.9,6.8500000000000005,7,7,6.804,6.856,6.896,25.754285714285714,25.92,0.8228984777977809,0.8895599999999968,1.352000000000002,3.76,3.76,0.016329931618554352,0.029651999999999366,0.020000000000000018,0.8228984777977809,0.016329931618554352,0.1458646616541359,2.5867852161509875e-15,24.54,3.32,3.3532945305533044,0.49186541019742025,5.509372453137743,0.6024096385542175,TRUE,possibly_sufficient
up,"[6.90, 7.00)",6.9,7,6.95,4,4,6.906,6.968,6.992,26.485,26.729999999999997,0.8271033792700879,0.4447800000000037,1.2829999999999968,3.8249999999999997,3.83,0.01914854215512678,0.014826000000000013,0.02700000000000024,0.8271033792700879,0.01914854215512678,0.10563909774437648,-2.5059701197951265e-17,24.54,3.32,3.3704294183785164,0.5767633179255054,5.228198859005691,0.8132530120482,TRUE,possibly_sufficient
up,"[7.00, 7.10)",7,7.1,7.05,7,7,7.012,7.061,7.094,26.94142857142857,27.12,0.6431803420355375,0.5930399999999979,1.1189999999999984,3.8828571428571426,3.88,0.017994708216848763,0.029652000000000026,0.020000000000000018,0.6431803420355375,0.017994708216848763,0.0698174006444897,-0.0036519871106340273,24.54,3.32,2.62094678906087,0.542009283640023,4.559902200488992,0.6024096385542175,TRUE,likely_sufficient
up,"[7.10, 7.20)",7.1000000000000005,7.2,7.15,7,7,7.107,7.138,7.177,27.274285714285714,27.1,0.5839765161618842,0.5633880000000038,0.9719999999999971,3.934285714285714,3.94,0.015118578920369103,0.029652000000000026,0.020000000000000018,0.5839765161618842,0.015118578920369103,0.1548872180451066,6.44468313641783e-4,24.54,3.32,2.3796924048976535,0.4553788831436477,3.9608801955990103,0.6024096385542175,TRUE,likely_sufficient
