branch,s_ref_mm,u_ff_v,p_ff_bar
down,2.74,0.902,0.2
down,2.873668341708543,1,0.26
down,3.0073366834170856,1.101,0.3
down,3.1410050251256285,1.1759999999999997,0.3600000000000001
down,3.274673366834171,1.1759999999999997,0.41999999999999993
down,3.408341708542714,1.2069999999999999,0.41999999999999993
down,3.542010050251257,1.221,0.43999999999999995
down,3.6756783919597993,1.2539999999999996,0.45999999999999996
down,3.8093467336683418,1.2780000000000005,0.45999999999999996
down,3.9430150753768847,1.327,0.45999999999999996
down,4.076683417085428,1.327,0.49999999999999956
down,4.21035175879397,1.3559999999999999,0.5
down,4.344020100502513,1.4034999999999993,0.5
down,4.477688442211056,1.4034999999999993,0.54
down,4.611356783919598,1.4849999999999994,0.54
down,4.745025125628141,1.4849999999999994,0.5999999999999996
down,4.878693467336683,1.5625,0.5999999999999996
down,5.012361809045227,1.5625,0.6400000000000006
down,5.146030150753769,1.6334999999999997,0.6400000000000006
down,5.2796984924623125,1.6334999999999997,0.6799999999999997
down,5.413366834170855,1.6974999999999998,0.6799999999999997
down,5.547035175879397,1.6974999999999998,0.7200000000000006
down,5.68070351758794,1.7880000000000003,0.7200000000000006
down,5.814371859296482,1.7880000000000003,0.7799999999999994
down,5.948040201005026,1.8765,0.7799999999999994
down,6.081708542713568,1.8765,0.8399999999999999
down,6.215376884422112,1.9589999999999996,0.8399999999999999
down,6.349045226130654,1.9589999999999996,0.8800000000000008
down,6.4827135678391965,2.0174999999999983,0.8800000000000008
down,6.616381909547739,2.0174999999999983,0.9200000000000017
down,6.750050251256281,2.0854999999999997,0.9200000000000017
down,6.883718592964825,2.0854999999999997,0.9600000000000009
down,7.017386934673367,2.1709999999999994,0.9600000000000009
down,7.15105527638191,2.173000000000002,1
down,7.284723618090453,2.256999999999998,1.0199999999999996
down,7.418391959798996,2.2650000000000006,1.0599999999999987
down,7.552060301507538,2.343499999999999,1.0599999999999987
down,7.68572864321608,2.353999999999999,1.1000000000000014
down,7.819396984924624,2.4239999999999995,1.120000000000001
down,7.953065326633166,2.4239999999999995,1.1600000000000001
down,8.086733668341708,2.4834999999999994,1.1600000000000001
down,8.220402010050252,2.4834999999999994,1.1999999999999993
down,8.354070351758795,2.5449999999999946,1.1999999999999993
down,8.487738693467337,2.5449999999999946,1.240000000000002
down,8.62140703517588,2.603999999999999,1.240000000000002
down,8.755075376884424,2.603999999999999,1.259999999999998
down,8.888743718592966,2.661999999999999,1.259999999999998
down,9.022412060301509,2.661999999999999,1.2999999999999972
down,9.156080402010051,2.719000000000001,1.2999999999999972
down,9.289748743718594,2.719000000000001,1.3400000000000034
down,9.423417085427136,2.7794999999999987,1.3400000000000034
down,9.55708542713568,2.7794999999999987,1.3800000000000026
down,9.69075376884422,2.8359999999999985,1.3800000000000026
down,9.824422110552764,2.8359999999999985,1.3999999999999986
down,9.958090452261306,2.899499999999996,1.3999999999999986
down,10.091758793969849,2.899499999999996,1.4399999999999977
down,10.225427135678393,2.952999999999996,1.4399999999999977
down,10.359095477386935,2.952999999999996,1.4799999999999969
down,10.492763819095478,3.0010000000000048,1.4799999999999969
down,10.626432160804022,3.0010000000000048,1.5
down,10.760100502512564,3.0529999999999973,1.5
down,10.893768844221109,3.064000000000007,1.5399999999999991
down,11.02743718592965,3.1055000000000064,1.5399999999999991
down,11.161105527638192,3.1055000000000064,1.5600000000000023
down,11.294773869346734,3.163499999999999,1.5799999999999983
down,11.428442211055277,3.163499999999999,1.6000000000000014
down,11.56211055276382,3.2135000000000105,1.6000000000000014
down,11.695778894472362,3.2135000000000105,1.6400000000000006
down,11.829447236180906,3.269999999999996,1.6400000000000006
down,11.963115577889448,3.269999999999996,1.6599999999999966
down,12.096783919597993,3.3204999999999956,1.6599999999999966
down,12.230452261306532,3.3204999999999956,1.6800000000000068
down,12.364120603015076,3.3627500000000055,1.6800000000000068
down,12.497788944723618,3.3627500000000055,1.7199999999999989
down,12.63145728643216,3.4279999999999973,1.7199999999999989
down,12.765125628140703,3.4345,1.7399999999999949
down,12.898793969849248,3.4345,1.7800000000000011
down,13.03246231155779,3.5200000000000102,1.7800000000000011
down,13.166130653266332,3.5560000000000116,1.7999999999999972
down,13.299798994974877,3.562999999999988,1.8199999999999932
down,13.433467336683416,3.625,1.8400000000000034
down,13.56713567839196,3.625,1.8799999999999955
down,13.700804020100504,3.6669999999999874,1.8799999999999955
down,13.834472361809048,3.6669999999999874,1.9000000000000057
down,13.968140703517587,3.6970000000000027,1.9000000000000057
down,14.101809045226132,3.6970000000000027,1.9200000000000017
down,14.235477386934674,3.7349999999999994,1.9200000000000017
down,14.369145728643216,3.7349999999999994,1.9399999999999977
down,14.50281407035176,3.790999999999997,1.9599999999999937
down,14.636482412060303,3.8125,1.9599999999999937
down,14.770150753768846,3.8125,2
down,14.903819095477388,3.826999999999998,2
down,15.03748743718593,3.826999999999998,2
down,15.171155778894471,3.884749999999997,2
down,15.304824120603016,3.884749999999997,2.019999999999996
down,15.438492462311558,3.945999999999998,2.019999999999996
down,15.572160804020102,3.969999999999999,2.0600000000000023
down,15.705829145728645,3.9941666666666813,2.0799999999999983
down,15.839497487437187,3.9941666666666813,2.0999999999999943
down,15.97316582914573,3.9941666666666813,2.0999999999999943
down,16.10683417085427,4.052499999999981,2.0999999999999943
down,16.240502512562813,4.052499999999981,2.1399999999999864
down,16.374170854271355,4.099500000000006,2.1399999999999864
down,16.507839195979898,4.099500000000006,2.1599999999999966
down,16.641507537688444,4.152999999999992,2.1599999999999966
down,16.775175879396986,4.152999999999992,2.180000000000007
down,16.90884422110553,4.188500000000005,2.180000000000007
down,17.04251256281407,4.188500000000005,2.219999999999999
down,17.176180904522614,4.237000000000023,2.219999999999999
down,17.309849246231156,4.237000000000023,2.240000000000009
down,17.4435175879397,4.287499999999994,2.240000000000009
down,17.577185929648245,4.287499999999994,2.280000000000001
down,17.710854271356787,4.343500000000006,2.280000000000001
down,17.84452261306533,4.343500000000006,2.3000000000000114
down,17.978190954773872,4.405000000000001,2.3000000000000114
down,18.111859296482415,4.405000000000001,2.3400000000000034
down,18.245527638190957,4.4424999999999955,2.3400000000000034
down,18.3791959798995,4.4424999999999955,2.3600000000000136
down,18.51286432160804,4.485500000000002,2.3600000000000136
down,18.646532663316584,4.485500000000002,2.3799999999999955
down,18.780201005025127,4.520999999999987,2.3799999999999955
down,18.91386934673367,4.520999999999987,2.4199999999999875
down,19.047537688442212,4.561499999999995,2.4199999999999875
down,19.18120603015075,4.561499999999995,2.4399999999999977
down,19.314874371859297,4.60499999999999,2.4399999999999977
down,19.44854271356784,4.60499999999999,2.460000000000008
down,19.58221105527638,4.653500000000008,2.460000000000008
down,19.715879396984924,4.653500000000008,2.5
down,19.849547738693467,4.701999999999998,2.5200000000000102
down,19.98321608040201,4.701999999999998,2.5200000000000102
down,20.11688442211055,4.75,2.539999999999992
down,20.250552763819098,4.75,2.5600000000000023
down,20.384221105527637,4.802499999999981,2.5600000000000023
down,20.51788944723618,4.802499999999981,2.5800000000000125
down,20.65155778894472,4.8489999999999895,2.5800000000000125
down,20.785226130653264,4.8489999999999895,2.6200000000000045
down,20.918894472361817,4.906499999999994,2.6200000000000045
down,21.052562814070356,4.906499999999994,2.6399999999999864
down,21.1862311557789,4.970000000000027,2.6399999999999864
down,21.31989949748744,4.978999999999985,2.680000000000007
down,21.453567839195983,5.043999999999983,2.680000000000007
down,21.58723618090453,5.081999999999994,2.719999999999999
down,21.72090452261307,5.1159999999999854,2.740000000000009
down,21.85457286432161,5.144499999999994,2.759999999999991
down,21.988241206030153,5.144499999999994,2.780000000000001
down,22.121909547738696,5.186500000000024,2.780000000000001
down,22.25557788944724,5.186500000000024,2.819999999999993
down,22.38924623115578,5.235500000000002,2.819999999999993
down,22.522914572864323,5.235500000000002,2.8400000000000034
down,22.656582914572866,5.277499999999975,2.8400000000000034
down,22.790251256281408,5.277499999999975,2.8600000000000136
down,22.92391959798995,5.312999999999988,2.8600000000000136
down,23.057587939698493,5.312999999999988,2.8799999999999955
down,23.191256281407036,5.322999999999979,2.8999999999999773
down,23.324924623115574,5.371999999999957,2.8999999999999773
down,23.45859296482412,5.371999999999957,2.920000000000016
down,23.592261306532663,5.411999999999978,2.920000000000016
down,23.725929648241205,5.411999999999978,2.9599999999999795
down,23.859597989949748,5.484000000000037,2.9599999999999795
down,23.99326633165829,5.484000000000037,2.980000000000018
down,24.126934673366833,5.544999999999959,3
down,24.260603015075375,5.578999999999951,3.019999999999982
down,24.39427135678392,5.607999999999947,3.0400000000000205
down,24.52793969849246,5.662000000000035,3.0600000000000023
down,24.66160804020101,5.678999999999974,3.1000000000000227
down,24.795276381909552,5.743000000000052,3.1200000000000045
down,24.928944723618095,5.755999999999972,3.1399999999999864
down,25.062613065326637,5.820499999999981,3.180000000000007
down,25.19628140703518,5.820499999999981,3.1999999999999886
down,25.32994974874372,5.883999999999958,3.2200000000000273
down,25.463618090452265,5.883999999999958,3.240000000000009
down,25.597286432160807,5.931500000000028,3.240000000000009
down,25.73095477386935,5.931500000000028,3.2799999999999727
down,25.864623115577892,5.979000000000042,3.2799999999999727
down,25.998291457286435,5.979000000000042,3.3000000000000114
down,26.131959798994977,6.025500000000022,3.3000000000000114
down,26.26562814070352,6.025500000000022,3.319999999999993
down,26.399296482412066,6.1159999999999854,3.339999999999975
down,26.532964824120604,6.1159999999999854,3.3799999999999955
down,26.666633165829147,6.190499999999986,3.3999999999999773
down,26.80030150753769,6.190499999999986,3.420000000000016
down,26.933969849246232,6.254000000000019,3.420000000000016
down,27.067638190954774,6.256999999999948,3.4599999999999795
down,27.201306532663317,6.30600000000004,3.4599999999999795
down,27.33497487437186,6.30600000000004,3.5
down,27.4686432160804,6.357999999999947,3.5
down,27.602311557788944,6.385999999999967,3.519999999999982
down,27.735979899497487,6.456000000000017,3.5400000000000205
down,27.86964824120603,6.52800000000002,3.579999999999984
down,28.00331658291457,6.5890000000000555,3.6200000000000045
down,28.13698492462311,6.6480000000000246,3.680000000000007
down,28.270653266331657,6.701999999999998,3.6999999999999886
down,28.40432160804021,6.793000000000006,3.740000000000009
down,28.53798994974875,6.796000000000049,3.7799999999999727
down,28.67165829145729,6.903999999999996,3.819999999999993
down,28.805326633165834,6.97199999999998,3.8999999999999773
down,28.938994974874376,7.114000000000033,3.920000000000016
