sequence_id,t_ms,keep_for_summary,is_max_row,exclude_reason
1,0.199,TRUE,FALSE,NA
2,0.277,TRUE,FALSE,NA
3,0.235,TRUE,FALSE,NA
4,0.261,TRUE,FALSE,NA
5,0.191,TRUE,FALSE,NA
6,0.276,TRUE,FALSE,NA
7,0.171,TRUE,FALSE,NA
8,0.252,TRUE,FALSE,NA
9,0.187,TRUE,FALSE,NA
10,0.278,TRUE,FALSE,NA
11,0.365,TRUE,FALSE,NA
12,0.255,TRUE,FALSE,NA
13,0.191,TRUE,FALSE,NA
14,0.274,TRUE,FALSE,NA
15,0.172,TRUE,FALSE,NA
16,0.286,TRUE,FALSE,NA
17,0.191,TRUE,FALSE,NA
18,0.279,TRUE,FALSE,NA
19,0.171,TRUE,FALSE,NA
20,0.251,TRUE,FALSE,NA
21,0.193,TRUE,FALSE,NA
22,0.276,TRUE,FALSE,NA
23,0.17,TRUE,FALSE,NA
24,0.25,TRUE,FALSE,NA
25,0.19,TRUE,FALSE,NA
26,0.272,TRUE,FALSE,NA
27,0.206,TRUE,FALSE,NA
28,0.317,TRUE,FALSE,NA
29,0.19,TRUE,FALSE,NA
30,0.279,TRUE,FALSE,NA
31,0.17,TRUE,FALSE,NA
32,0.281,TRUE,FALSE,NA
33,0.291,TRUE,FALSE,NA
34,0.215,TRUE,FALSE,NA
35,0.28,TRUE,FALSE,NA
36,0.173,TRUE,FALSE,NA
37,0.255,TRUE,FALSE,NA
38,0.217,TRUE,FALSE,NA
39,0.276,TRUE,FALSE,NA
40,0.173,TRUE,FALSE,NA
41,0.252,TRUE,FALSE,NA
42,0.255,TRUE,FALSE,NA
43,0.281,TRUE,FALSE,NA
44,0.172,TRUE,FALSE,NA
45,0.255,TRUE,FALSE,NA
46,0.191,TRUE,FALSE,NA
47,0.275,TRUE,FALSE,NA
48,0.166,TRUE,FALSE,NA
49,0.252,TRUE,FALSE,NA
50,0.199,TRUE,FALSE,NA
51,0.284,TRUE,FALSE,NA
52,0.17,TRUE,FALSE,NA
53,0.286,TRUE,FALSE,NA
54,0.17,TRUE,FALSE,NA
55,0.251,TRUE,FALSE,NA
56,0.281,TRUE,FALSE,NA
57,1.319,TRUE,TRUE,NA
58,0.228,TRUE,FALSE,NA
59,0.292,TRUE,FALSE,NA
60,0.217,TRUE,FALSE,NA
61,0.247,TRUE,FALSE,NA
62,0.208,TRUE,FALSE,NA
63,0.232,TRUE,FALSE,NA
64,0.266,TRUE,FALSE,NA
65,0.289,TRUE,FALSE,NA
66,0.161,TRUE,FALSE,NA
67,0.248,TRUE,FALSE,NA
68,0.205,TRUE,FALSE,NA
69,0.231,TRUE,FALSE,NA
70,0.283,TRUE,FALSE,NA
71,0.164,TRUE,FALSE,NA
72,0.249,TRUE,FALSE,NA
73,0.205,TRUE,FALSE,NA
74,0.282,TRUE,FALSE,NA
75,0.164,TRUE,FALSE,NA
76,0.244,TRUE,FALSE,NA
77,0.205,TRUE,FALSE,NA
78,0.485,TRUE,FALSE,NA
79,0.259,TRUE,FALSE,NA
80,0.171,TRUE,FALSE,NA
81,0.247,TRUE,FALSE,NA
82,0.207,TRUE,FALSE,NA
83,0.285,TRUE,FALSE,NA
84,0.165,TRUE,FALSE,NA
85,0.246,TRUE,FALSE,NA
86,0.205,TRUE,FALSE,NA
87,0.229,TRUE,FALSE,NA
88,0.286,TRUE,FALSE,NA
89,0.164,TRUE,FALSE,NA
90,0.247,TRUE,FALSE,NA
91,0.206,TRUE,FALSE,NA
92,0.232,TRUE,FALSE,NA
93,0.229,TRUE,FALSE,NA
94,0.227,TRUE,FALSE,NA
95,0.231,TRUE,FALSE,NA
96,0.227,TRUE,FALSE,NA
97,0.229,TRUE,FALSE,NA
98,0.281,TRUE,FALSE,NA
99,0.213,TRUE,FALSE,NA
100,0.333,TRUE,FALSE,NA
101,0.895,TRUE,FALSE,NA
102,0.244,TRUE,FALSE,NA
103,0.247,TRUE,FALSE,NA
104,0.21,TRUE,FALSE,NA
105,0.235,TRUE,FALSE,NA
106,0.227,TRUE,FALSE,NA
107,0.285,TRUE,FALSE,NA
108,0.164,TRUE,FALSE,NA
109,0.246,TRUE,FALSE,NA
110,0.206,TRUE,FALSE,NA
111,0.232,TRUE,FALSE,NA
112,0.282,TRUE,FALSE,NA
113,0.164,TRUE,FALSE,NA
114,0.246,TRUE,FALSE,NA
115,0.204,TRUE,FALSE,NA
116,0.282,TRUE,FALSE,NA
117,0.166,TRUE,FALSE,NA
118,0.246,TRUE,FALSE,NA
119,0.205,TRUE,FALSE,NA
120,0.294,TRUE,FALSE,NA
121,0.286,TRUE,FALSE,NA
122,0.166,TRUE,FALSE,NA
123,0.416,TRUE,FALSE,NA
124,0.278,TRUE,FALSE,NA
125,0.258,TRUE,FALSE,NA
126,0.118,TRUE,FALSE,NA
127,0.254,TRUE,FALSE,NA
128,0.261,TRUE,FALSE,NA
129,0.279,TRUE,FALSE,NA
130,0.175,TRUE,FALSE,NA
131,0.248,TRUE,FALSE,NA
132,0.205,TRUE,FALSE,NA
133,0.283,TRUE,FALSE,NA
134,0.17,TRUE,FALSE,NA
135,0.253,TRUE,FALSE,NA
136,0.203,TRUE,FALSE,NA
137,0.274,TRUE,FALSE,NA
138,0.171,TRUE,FALSE,NA
139,0.253,TRUE,FALSE,NA
140,0.202,TRUE,FALSE,NA
141,0.283,TRUE,FALSE,NA
142,0.171,TRUE,FALSE,NA
143,0.253,TRUE,FALSE,NA
144,0.202,TRUE,FALSE,NA
145,0.37,TRUE,FALSE,NA
146,0.837,TRUE,FALSE,NA
147,0.284,TRUE,FALSE,NA
148,0.261,TRUE,FALSE,NA
149,0.206,TRUE,FALSE,NA
150,0.284,TRUE,FALSE,NA
151,0.173,TRUE,FALSE,NA
152,0.255,TRUE,FALSE,NA
153,0.202,TRUE,FALSE,NA
154,0.277,TRUE,FALSE,NA
155,0.171,TRUE,FALSE,NA
156,0.257,TRUE,FALSE,NA
157,0.201,TRUE,FALSE,NA
158,0.278,TRUE,FALSE,NA
159,0.241,TRUE,FALSE,NA
160,0.257,TRUE,FALSE,NA
161,0.247,TRUE,FALSE,NA
162,0.279,TRUE,FALSE,NA
163,0.17,TRUE,FALSE,NA
164,0.257,TRUE,FALSE,NA
165,0.244,TRUE,FALSE,NA
166,0.275,TRUE,FALSE,NA
167,0.171,TRUE,FALSE,NA
168,0.31,TRUE,FALSE,NA
169,0.276,TRUE,FALSE,NA
170,0.275,TRUE,FALSE,NA
171,0.174,TRUE,FALSE,NA
172,0.286,TRUE,FALSE,NA
173,0.172,TRUE,FALSE,NA
174,0.255,TRUE,FALSE,NA
175,0.204,TRUE,FALSE,NA
176,0.28,TRUE,FALSE,NA
177,0.222,TRUE,FALSE,NA
178,0.235,TRUE,FALSE,NA
179,0.286,TRUE,FALSE,NA
180,0.172,TRUE,FALSE,NA
181,0.253,TRUE,FALSE,NA
182,0.2,TRUE,FALSE,NA
183,0.305,TRUE,FALSE,NA
184,0.208,TRUE,FALSE,NA
185,0.231,TRUE,FALSE,NA
186,0.248,TRUE,FALSE,NA
187,0.203,TRUE,FALSE,NA
188,0.279,TRUE,FALSE,NA
189,0.29,TRUE,FALSE,NA
190,0.348,TRUE,FALSE,NA
191,0.892,TRUE,FALSE,NA
192,0.267,TRUE,FALSE,NA
193,0.285,TRUE,FALSE,NA
194,0.174,TRUE,FALSE,NA
195,0.261,TRUE,FALSE,NA
196,0.247,TRUE,FALSE,NA
197,0.35,TRUE,FALSE,NA
198,0.229,TRUE,FALSE,NA
199,0.236,TRUE,FALSE,NA
200,0.25,TRUE,FALSE,NA
201,0.202,TRUE,FALSE,NA
202,0.281,TRUE,FALSE,NA
203,0.173,TRUE,FALSE,NA
204,0.255,TRUE,FALSE,NA
205,0.244,TRUE,FALSE,NA
206,0.279,TRUE,FALSE,NA
207,0.223,TRUE,FALSE,NA
208,0.233,TRUE,FALSE,NA
209,0.248,TRUE,FALSE,NA
210,0.203,TRUE,FALSE,NA
211,0.313,TRUE,FALSE,NA
212,0.313,TRUE,FALSE,NA
213,0.26,TRUE,FALSE,NA
214,0.246,TRUE,FALSE,NA
215,0.281,TRUE,FALSE,NA
216,0.224,TRUE,FALSE,NA
217,0.254,TRUE,FALSE,NA
218,0.202,TRUE,FALSE,NA
219,0.275,TRUE,FALSE,NA
220,0.224,TRUE,FALSE,NA
221,0.232,TRUE,FALSE,NA
222,0.282,TRUE,FALSE,NA
223,0.172,TRUE,FALSE,NA
224,0.253,TRUE,FALSE,NA
225,0.203,TRUE,FALSE,NA
226,0.281,TRUE,FALSE,NA
227,0.171,TRUE,FALSE,NA
228,0.257,TRUE,FALSE,NA
229,0.232,TRUE,FALSE,NA
230,0.244,TRUE,FALSE,NA
231,0.201,TRUE,FALSE,NA
232,0.363,TRUE,FALSE,NA
233,0.856,TRUE,FALSE,NA
234,0.427,TRUE,FALSE,NA
235,0.203,TRUE,FALSE,NA
236,0.287,TRUE,FALSE,NA
237,0.218,TRUE,FALSE,NA
238,0.271,TRUE,FALSE,NA
239,0.196,TRUE,FALSE,NA
240,0.199,TRUE,FALSE,NA
241,0.327,TRUE,FALSE,NA
242,0.29,TRUE,FALSE,NA
243,0.223,TRUE,FALSE,NA
244,0.226,TRUE,FALSE,NA
245,0.226,TRUE,FALSE,NA
246,0.225,TRUE,FALSE,NA
247,0.236,TRUE,FALSE,NA
248,0.249,TRUE,FALSE,NA
249,0.277,TRUE,FALSE,NA
250,0.228,TRUE,FALSE,NA
251,0.24,TRUE,FALSE,NA
252,0.248,TRUE,FALSE,NA
253,0.272,TRUE,FALSE,NA
254,0.366,TRUE,FALSE,NA
255,0.286,TRUE,FALSE,NA
256,0.21,TRUE,FALSE,NA
257,0.261,TRUE,FALSE,NA
258,0.206,TRUE,FALSE,NA
259,0.283,TRUE,FALSE,NA
260,0.171,TRUE,FALSE,NA
261,0.248,TRUE,FALSE,NA
262,0.202,TRUE,FALSE,NA
263,0.275,TRUE,FALSE,NA
264,0.261,TRUE,FALSE,NA
265,0.14,TRUE,FALSE,NA
266,0.252,TRUE,FALSE,NA
267,0.201,TRUE,FALSE,NA
268,0.274,TRUE,FALSE,NA
269,0.172,TRUE,FALSE,NA
270,0.255,TRUE,FALSE,NA
271,0.243,TRUE,FALSE,NA
272,0.279,TRUE,FALSE,NA
273,0.169,TRUE,FALSE,NA
274,0.256,TRUE,FALSE,NA
275,0.295,TRUE,FALSE,NA
276,0.356,TRUE,FALSE,NA
277,0.812,TRUE,FALSE,NA
278,0.49,TRUE,FALSE,NA
279,0.268,TRUE,FALSE,NA
280,0.227,TRUE,FALSE,NA
281,0.207,TRUE,FALSE,NA
282,0.247,TRUE,FALSE,NA
283,0.277,TRUE,FALSE,NA
284,0.23,TRUE,FALSE,NA
285,0.241,TRUE,FALSE,NA
286,0.256,TRUE,FALSE,NA
287,0.249,TRUE,FALSE,NA
288,0.277,TRUE,FALSE,NA
289,0.224,TRUE,FALSE,NA
290,0.224,TRUE,FALSE,NA
291,0.225,TRUE,FALSE,NA
292,0.195,TRUE,FALSE,NA
293,0.251,TRUE,FALSE,NA
294,0.282,TRUE,FALSE,NA
295,0.221,TRUE,FALSE,NA
296,0.223,TRUE,FALSE,NA
297,0.238,TRUE,FALSE,NA
298,0.388,TRUE,FALSE,NA
299,0.152,TRUE,FALSE,NA
300,0.293,TRUE,FALSE,NA
301,0.222,TRUE,FALSE,NA
302,0.224,TRUE,FALSE,NA
303,0.243,TRUE,FALSE,NA
304,0.207,TRUE,FALSE,NA
305,0.232,TRUE,FALSE,NA
306,0.282,TRUE,FALSE,NA
307,0.211,TRUE,FALSE,NA
308,0.255,TRUE,FALSE,NA
309,0.285,TRUE,FALSE,NA
310,0.258,TRUE,FALSE,NA
311,0.202,TRUE,FALSE,NA
312,0.331,TRUE,FALSE,NA
313,0.232,TRUE,FALSE,NA
314,0.236,TRUE,FALSE,NA
315,0.253,TRUE,FALSE,NA
316,0.205,TRUE,FALSE,NA
317,0.28,TRUE,FALSE,NA
318,0.226,TRUE,FALSE,NA
319,0.283,TRUE,FALSE,NA
320,1.013,TRUE,FALSE,NA
321,0.289,TRUE,FALSE,NA
322,0.296,TRUE,FALSE,NA
323,0.217,TRUE,FALSE,NA
324,0.246,TRUE,FALSE,NA
325,0.203,TRUE,FALSE,NA
326,0.232,TRUE,FALSE,NA
327,0.278,TRUE,FALSE,NA
328,0.291,TRUE,FALSE,NA
329,0.112,TRUE,FALSE,NA
330,0.247,TRUE,FALSE,NA
331,0.206,TRUE,FALSE,NA
332,0.28,TRUE,FALSE,NA
333,0.166,TRUE,FALSE,NA
334,0.255,TRUE,FALSE,NA
335,0.224,TRUE,FALSE,NA
336,0.233,TRUE,FALSE,NA
337,0.287,TRUE,FALSE,NA
338,0.173,TRUE,FALSE,NA
339,0.257,TRUE,FALSE,NA
340,0.201,TRUE,FALSE,NA
341,0.28,TRUE,FALSE,NA
342,0.22,TRUE,FALSE,NA
343,0.396,TRUE,FALSE,NA
344,0.172,TRUE,FALSE,NA
345,0.257,TRUE,FALSE,NA
346,0.208,TRUE,FALSE,NA
347,0.275,TRUE,FALSE,NA
348,0.228,TRUE,FALSE,NA
349,0.228,TRUE,FALSE,NA
350,0.346,TRUE,FALSE,NA
351,0.174,TRUE,FALSE,NA
352,0.257,TRUE,FALSE,NA
353,0.201,TRUE,FALSE,NA
354,0.281,TRUE,FALSE,NA
355,0.228,TRUE,FALSE,NA
356,0.233,TRUE,FALSE,NA
357,0.249,TRUE,FALSE,NA
358,0.202,TRUE,FALSE,NA
359,0.281,TRUE,FALSE,NA
360,0.168,TRUE,FALSE,NA
361,0.259,TRUE,FALSE,NA
362,0.254,TRUE,FALSE,NA
363,0.276,TRUE,FALSE,NA
364,0.277,TRUE,FALSE,NA
365,0.945,TRUE,FALSE,NA
366,0.208,TRUE,FALSE,NA
367,0.272,TRUE,FALSE,NA
368,0.207,TRUE,FALSE,NA
369,0.278,TRUE,FALSE,NA
370,0.225,TRUE,FALSE,NA
371,0.233,TRUE,FALSE,NA
372,0.248,TRUE,FALSE,NA
373,0.199,TRUE,FALSE,NA
374,0.283,TRUE,FALSE,NA
375,0.173,TRUE,FALSE,NA
376,0.254,TRUE,FALSE,NA
377,0.243,TRUE,FALSE,NA
378,0.273,TRUE,FALSE,NA
379,0.232,TRUE,FALSE,NA
380,0.232,TRUE,FALSE,NA
381,0.249,TRUE,FALSE,NA
382,0.202,TRUE,FALSE,NA
383,0.282,TRUE,FALSE,NA
384,0.203,TRUE,FALSE,NA
385,0.262,TRUE,FALSE,NA
386,0.398,TRUE,FALSE,NA
387,0.296,TRUE,FALSE,NA
388,0.225,TRUE,FALSE,NA
389,0.268,TRUE,FALSE,NA
390,0.252,TRUE,FALSE,NA
391,0.305,TRUE,FALSE,NA
392,0.247,TRUE,FALSE,NA
393,0.168,TRUE,FALSE,NA
394,0.259,TRUE,FALSE,NA
395,0.249,TRUE,FALSE,NA
396,0.282,TRUE,FALSE,NA
397,0.167,TRUE,FALSE,NA
398,0.256,TRUE,FALSE,NA
399,0.249,TRUE,FALSE,NA
400,0.28,TRUE,FALSE,NA
401,0.168,TRUE,FALSE,NA
402,0.253,TRUE,FALSE,NA
403,0.245,TRUE,FALSE,NA
404,0.279,TRUE,FALSE,NA
405,0.227,TRUE,FALSE,NA
406,0.253,TRUE,FALSE,NA
407,0.295,TRUE,FALSE,NA
408,0.874,TRUE,FALSE,NA
409,0.289,TRUE,FALSE,NA
410,0.295,TRUE,FALSE,NA
411,0.172,TRUE,FALSE,NA
412,0.256,TRUE,FALSE,NA
413,0.203,TRUE,FALSE,NA
414,0.276,TRUE,FALSE,NA
415,0.227,TRUE,FALSE,NA
416,0.234,TRUE,FALSE,NA
417,0.248,TRUE,FALSE,NA
418,0.26,TRUE,FALSE,NA
419,0.265,TRUE,FALSE,NA
420,0.205,TRUE,FALSE,NA
421,0.281,TRUE,FALSE,NA
422,0.168,TRUE,FALSE,NA
423,0.26,TRUE,FALSE,NA
424,0.244,TRUE,FALSE,NA
425,0.28,TRUE,FALSE,NA
426,0.171,TRUE,FALSE,NA
427,0.322,TRUE,FALSE,NA
428,0.301,TRUE,FALSE,NA
429,0.408,TRUE,FALSE,NA
430,0.114,TRUE,FALSE,NA
431,0.285,TRUE,FALSE,NA
432,0.173,TRUE,FALSE,NA
433,0.254,TRUE,FALSE,NA
434,0.243,TRUE,FALSE,NA
435,0.281,TRUE,FALSE,NA
436,0.167,TRUE,FALSE,NA
437,0.255,TRUE,FALSE,NA
438,0.249,TRUE,FALSE,NA
439,0.278,TRUE,FALSE,NA
440,0.227,TRUE,FALSE,NA
441,0.253,TRUE,FALSE,NA
442,0.206,TRUE,FALSE,NA
443,0.271,TRUE,FALSE,NA
444,0.224,TRUE,FALSE,NA
445,0.233,TRUE,FALSE,NA
446,0.284,TRUE,FALSE,NA
447,0.171,TRUE,FALSE,NA
448,0.287,TRUE,FALSE,NA
449,0.206,TRUE,FALSE,NA
450,0.419,TRUE,FALSE,NA
451,0.936,TRUE,FALSE,NA
452,0.173,TRUE,FALSE,NA
453,0.257,TRUE,FALSE,NA
454,0.206,TRUE,FALSE,NA
455,0.282,TRUE,FALSE,NA
456,0.225,TRUE,FALSE,NA
457,0.254,TRUE,FALSE,NA
458,0.202,TRUE,FALSE,NA
459,0.285,TRUE,FALSE,NA
460,0.23,TRUE,FALSE,NA
461,0.248,TRUE,FALSE,NA
462,0.199,TRUE,FALSE,NA
463,0.273,TRUE,FALSE,NA
464,0.332,TRUE,FALSE,NA
465,0.136,TRUE,FALSE,NA
466,0.289,TRUE,FALSE,NA
467,0.172,TRUE,FALSE,NA
468,0.255,TRUE,FALSE,NA
469,0.202,TRUE,FALSE,NA
470,0.28,TRUE,FALSE,NA
471,0.171,TRUE,FALSE,NA
472,0.25,TRUE,FALSE,NA
473,0.273,TRUE,FALSE,NA
474,0.278,TRUE,FALSE,NA
475,0.112,TRUE,FALSE,NA
476,0.281,TRUE,FALSE,NA
477,0.173,TRUE,FALSE,NA
478,0.255,TRUE,FALSE,NA
479,0.245,TRUE,FALSE,NA
480,0.279,TRUE,FALSE,NA
481,0.168,TRUE,FALSE,NA
482,0.254,TRUE,FALSE,NA
483,0.243,TRUE,FALSE,NA
484,0.281,TRUE,FALSE,NA
485,0.173,TRUE,FALSE,NA
486,0.255,TRUE,FALSE,NA
487,0.246,TRUE,FALSE,NA
488,0.278,TRUE,FALSE,NA
489,0.171,TRUE,FALSE,NA
490,0.258,TRUE,FALSE,NA
491,0.252,TRUE,FALSE,NA
492,0.276,TRUE,FALSE,NA
493,0.232,TRUE,FALSE,NA
494,0.255,TRUE,FALSE,NA
495,0.262,TRUE,FALSE,NA
496,1.085,TRUE,FALSE,NA
497,0.259,TRUE,FALSE,NA
498,0.292,TRUE,FALSE,NA
499,0.168,TRUE,FALSE,NA
500,0.253,TRUE,FALSE,NA
501,0.226,TRUE,FALSE,NA
502,0.234,TRUE,FALSE,NA
503,0.348,TRUE,FALSE,NA
504,0.174,TRUE,FALSE,NA
505,0.256,TRUE,FALSE,NA
506,0.205,TRUE,FALSE,NA
507,0.28,TRUE,FALSE,NA
508,0.173,TRUE,FALSE,NA
509,0.254,TRUE,FALSE,NA
510,0.2,TRUE,FALSE,NA
511,0.279,TRUE,FALSE,NA
512,0.262,TRUE,FALSE,NA
513,0.239,TRUE,FALSE,NA
514,0.202,TRUE,FALSE,NA
515,0.281,TRUE,FALSE,NA
516,0.327,TRUE,FALSE,NA
517,0.307,TRUE,FALSE,NA
518,0.205,TRUE,FALSE,NA
519,0.276,TRUE,FALSE,NA
520,0.23,TRUE,FALSE,NA
521,0.227,TRUE,FALSE,NA
522,0.254,TRUE,FALSE,NA
523,0.2,TRUE,FALSE,NA
524,0.278,TRUE,FALSE,NA
525,0.227,TRUE,FALSE,NA
526,0.254,TRUE,FALSE,NA
527,0.199,TRUE,FALSE,NA
528,0.28,TRUE,FALSE,NA
529,0.225,TRUE,FALSE,NA
530,0.232,TRUE,FALSE,NA
531,0.251,TRUE,FALSE,NA
532,0.202,TRUE,FALSE,NA
533,0.282,TRUE,FALSE,NA
534,0.165,TRUE,FALSE,NA
535,0.255,TRUE,FALSE,NA
536,0.245,TRUE,FALSE,NA
537,0.312,TRUE,FALSE,NA
538,0.953,TRUE,FALSE,NA
539,0.296,TRUE,FALSE,NA
540,0.354,TRUE,FALSE,NA
541,0.229,TRUE,FALSE,NA
542,0.228,TRUE,FALSE,NA
543,0.227,TRUE,FALSE,NA
544,0.222,TRUE,FALSE,NA
545,0.241,TRUE,FALSE,NA
546,0.251,TRUE,FALSE,NA
547,0.273,TRUE,FALSE,NA
548,0.224,TRUE,FALSE,NA
549,0.224,TRUE,FALSE,NA
550,0.233,TRUE,FALSE,NA
551,0.251,TRUE,FALSE,NA
552,0.199,TRUE,FALSE,NA
553,0.281,TRUE,FALSE,NA
554,0.23,TRUE,FALSE,NA
555,0.246,TRUE,FALSE,NA
556,0.201,TRUE,FALSE,NA
557,0.273,TRUE,FALSE,NA
558,0.221,TRUE,FALSE,NA
559,0.4,TRUE,FALSE,NA
560,0.16,TRUE,FALSE,NA
561,0.254,TRUE,FALSE,NA
562,0.201,TRUE,FALSE,NA
563,0.284,TRUE,FALSE,NA
564,0.171,TRUE,FALSE,NA
565,0.255,TRUE,FALSE,NA
566,0.201,TRUE,FALSE,NA
567,0.278,TRUE,FALSE,NA
568,0.229,TRUE,FALSE,NA
569,0.247,TRUE,FALSE,NA
570,0.197,TRUE,FALSE,NA
571,0.274,TRUE,FALSE,NA
572,0.223,TRUE,FALSE,NA
573,0.233,TRUE,FALSE,NA
574,0.286,TRUE,FALSE,NA
575,0.169,TRUE,FALSE,NA
576,0.291,TRUE,FALSE,NA
577,0.205,TRUE,FALSE,NA
578,0.277,TRUE,FALSE,NA
579,0.171,TRUE,FALSE,NA
580,0.337,TRUE,FALSE,NA
581,0.35,TRUE,FALSE,NA
582,0.261,TRUE,FALSE,NA
583,0.431,TRUE,FALSE,NA
584,0.33,TRUE,FALSE,NA
585,0.124,TRUE,FALSE,NA
586,0.257,TRUE,FALSE,NA
587,0.202,TRUE,FALSE,NA
588,0.279,TRUE,FALSE,NA
589,0.172,TRUE,FALSE,NA
590,0.255,TRUE,FALSE,NA
591,0.2,TRUE,FALSE,NA
592,0.272,TRUE,FALSE,NA
593,0.174,TRUE,FALSE,NA
594,0.253,TRUE,FALSE,NA
595,0.202,TRUE,FALSE,NA
596,0.28,TRUE,FALSE,NA
597,0.218,TRUE,FALSE,NA
598,0.234,TRUE,FALSE,NA
599,0.255,TRUE,FALSE,NA
600,0.203,TRUE,FALSE,NA
601,0.274,TRUE,FALSE,NA
602,0.17,TRUE,FALSE,NA
603,0.259,TRUE,FALSE,NA
604,0.247,TRUE,FALSE,NA
605,0.277,TRUE,FALSE,NA
606,0.308,TRUE,FALSE,NA
607,0.291,TRUE,FALSE,NA
608,0.166,TRUE,FALSE,NA
609,0.253,TRUE,FALSE,NA
610,0.201,TRUE,FALSE,NA
611,0.282,TRUE,FALSE,NA
612,0.172,TRUE,FALSE,NA
613,0.25,TRUE,FALSE,NA
614,0.232,TRUE,FALSE,NA
615,0.24,TRUE,FALSE,NA
616,0.206,TRUE,FALSE,NA
617,0.277,TRUE,FALSE,NA
618,0.221,TRUE,FALSE,NA
619,0.222,TRUE,FALSE,NA
620,0.239,TRUE,FALSE,NA
621,0.209,TRUE,FALSE,NA
622,0.232,TRUE,FALSE,NA
623,0.282,TRUE,FALSE,NA
624,0.286,TRUE,FALSE,NA
625,0.176,TRUE,FALSE,NA
626,0.245,TRUE,FALSE,NA
627,0.206,TRUE,FALSE,NA
628,0.376,TRUE,FALSE,NA
629,0.984,TRUE,FALSE,NA
630,0.163,TRUE,FALSE,NA
631,0.258,TRUE,FALSE,NA
632,0.226,TRUE,FALSE,NA
633,0.238,TRUE,FALSE,NA
634,0.257,TRUE,FALSE,NA
635,0.208,TRUE,FALSE,NA
636,0.281,TRUE,FALSE,NA
637,0.169,TRUE,FALSE,NA
638,0.288,TRUE,FALSE,NA
639,0.167,TRUE,FALSE,NA
640,0.298,TRUE,FALSE,NA
641,0.204,TRUE,FALSE,NA
642,0.282,TRUE,FALSE,NA
643,0.221,TRUE,FALSE,NA
644,0.238,TRUE,FALSE,NA
645,0.247,TRUE,FALSE,NA
646,0.202,TRUE,FALSE,NA
647,0.278,TRUE,FALSE,NA
648,0.221,TRUE,FALSE,NA
649,0.232,TRUE,FALSE,NA
650,0.248,TRUE,FALSE,NA
651,0.308,TRUE,FALSE,NA
652,0.283,TRUE,FALSE,NA
653,0.171,TRUE,FALSE,NA
654,0.255,TRUE,FALSE,NA
655,0.245,TRUE,FALSE,NA
656,0.275,TRUE,FALSE,NA
657,0.168,TRUE,FALSE,NA
658,0.255,TRUE,FALSE,NA
659,0.249,TRUE,FALSE,NA
660,0.277,TRUE,FALSE,NA
661,0.226,TRUE,FALSE,NA
662,0.264,TRUE,FALSE,NA
663,0.249,TRUE,FALSE,NA
664,0.281,TRUE,FALSE,NA
665,0.166,TRUE,FALSE,NA
666,0.258,TRUE,FALSE,NA
667,0.247,TRUE,FALSE,NA
668,0.323,TRUE,FALSE,NA
669,0.176,TRUE,FALSE,NA
670,0.261,TRUE,FALSE,NA
671,0.254,TRUE,FALSE,NA
672,0.358,TRUE,FALSE,NA
673,0.797,TRUE,FALSE,NA
674,0.213,TRUE,FALSE,NA
675,0.284,TRUE,FALSE,NA
676,0.179,TRUE,FALSE,NA
677,0.254,TRUE,FALSE,NA
678,0.202,TRUE,FALSE,NA
679,0.272,TRUE,FALSE,NA
680,0.224,TRUE,FALSE,NA
681,0.234,TRUE,FALSE,NA
682,0.252,TRUE,FALSE,NA
683,0.201,TRUE,FALSE,NA
684,0.281,TRUE,FALSE,NA
685,0.17,TRUE,FALSE,NA
686,0.257,TRUE,FALSE,NA
687,0.248,TRUE,FALSE,NA
688,0.271,TRUE,FALSE,NA
689,0.224,TRUE,FALSE,NA
690,0.234,TRUE,FALSE,NA
691,0.286,TRUE,FALSE,NA
692,0.169,TRUE,FALSE,NA
693,0.253,TRUE,FALSE,NA
694,0.23,TRUE,FALSE,NA
695,0.29,TRUE,FALSE,NA
696,0.208,TRUE,FALSE,NA
697,0.28,TRUE,FALSE,NA
698,0.17,TRUE,FALSE,NA
699,0.254,TRUE,FALSE,NA
700,0.265,TRUE,FALSE,NA
701,0.279,TRUE,FALSE,NA
702,0.234,TRUE,FALSE,NA
703,0.247,TRUE,FALSE,NA
704,0.24,TRUE,FALSE,NA
705,0.281,TRUE,FALSE,NA
706,0.175,TRUE,FALSE,NA
707,0.258,TRUE,FALSE,NA
708,0.243,TRUE,FALSE,NA
709,0.274,TRUE,FALSE,NA
710,0.232,TRUE,FALSE,NA
711,0.284,TRUE,FALSE,NA
712,0.174,TRUE,FALSE,NA
713,0.253,TRUE,FALSE,NA
714,0.203,TRUE,FALSE,NA
715,0.319,TRUE,FALSE,NA
716,0.26,TRUE,FALSE,NA
717,0.95,TRUE,FALSE,NA
718,0.097,TRUE,FALSE,NA
719,0.176,TRUE,FALSE,NA
720,0.261,TRUE,FALSE,NA
721,0.201,TRUE,FALSE,NA
722,0.284,TRUE,FALSE,NA
723,0.172,TRUE,FALSE,NA
724,0.251,TRUE,FALSE,NA
725,0.203,TRUE,FALSE,NA
726,0.276,TRUE,FALSE,NA
727,0.221,TRUE,FALSE,NA
728,0.22,TRUE,FALSE,NA
729,0.235,TRUE,FALSE,NA
730,0.255,TRUE,FALSE,NA
731,0.201,TRUE,FALSE,NA
732,0.277,TRUE,FALSE,NA
733,0.232,TRUE,FALSE,NA
734,0.286,TRUE,FALSE,NA
735,0.171,TRUE,FALSE,NA
736,0.252,TRUE,FALSE,NA
737,0.202,TRUE,FALSE,NA
738,0.281,TRUE,FALSE,NA
739,0.172,TRUE,FALSE,NA
740,0.433,TRUE,FALSE,NA
741,0.182,TRUE,FALSE,NA
742,0.135,TRUE,FALSE,NA
743,0.291,TRUE,FALSE,NA
744,0.169,TRUE,FALSE,NA
745,0.251,TRUE,FALSE,NA
746,0.201,TRUE,FALSE,NA
747,0.281,TRUE,FALSE,NA
748,0.168,TRUE,FALSE,NA
749,0.258,TRUE,FALSE,NA
750,0.24,TRUE,FALSE,NA
751,0.275,TRUE,FALSE,NA
752,0.17,TRUE,FALSE,NA
753,0.257,TRUE,FALSE,NA
754,0.248,TRUE,FALSE,NA
755,0.279,TRUE,FALSE,NA
756,0.173,TRUE,FALSE,NA
757,0.312,TRUE,FALSE,NA
758,0.246,TRUE,FALSE,NA
759,0.27,TRUE,FALSE,NA
760,0.227,TRUE,FALSE,NA
761,0.253,TRUE,FALSE,NA
762,0.302,TRUE,FALSE,NA
763,0.652,TRUE,FALSE,NA
764,0.403,TRUE,FALSE,NA
765,0.276,TRUE,FALSE,NA
766,0.172,TRUE,FALSE,NA
767,0.261,TRUE,FALSE,NA
768,0.283,TRUE,FALSE,NA
769,0.277,TRUE,FALSE,NA
770,0.172,TRUE,FALSE,NA
771,0.258,TRUE,FALSE,NA
772,0.251,TRUE,FALSE,NA
773,0.274,TRUE,FALSE,NA
774,0.168,TRUE,FALSE,NA
775,0.398,TRUE,FALSE,NA
776,0.118,TRUE,FALSE,NA
777,0.258,TRUE,FALSE,NA
778,0.292,TRUE,FALSE,NA
779,0.246,TRUE,FALSE,NA
780,0.208,TRUE,FALSE,NA
781,0.286,TRUE,FALSE,NA
782,0.247,TRUE,FALSE,NA
783,0.14,TRUE,FALSE,NA
784,0.356,TRUE,FALSE,NA
785,0.266,TRUE,FALSE,NA
786,0.284,TRUE,FALSE,NA
787,0.228,TRUE,FALSE,NA
788,0.241,TRUE,FALSE,NA
789,0.204,TRUE,FALSE,NA
790,0.275,TRUE,FALSE,NA
791,0.222,TRUE,FALSE,NA
792,0.224,TRUE,FALSE,NA
793,0.242,TRUE,FALSE,NA
794,0.207,TRUE,FALSE,NA
795,0.276,TRUE,FALSE,NA
796,0.226,TRUE,FALSE,NA
797,0.241,TRUE,FALSE,NA
798,0.205,TRUE,FALSE,NA
799,0.234,TRUE,FALSE,NA
800,0.282,TRUE,FALSE,NA
801,0.212,TRUE,FALSE,NA
802,0.303,TRUE,FALSE,NA
803,0.267,TRUE,FALSE,NA
804,0.29,TRUE,FALSE,NA
805,0.113,TRUE,FALSE,NA
806,0.376,TRUE,FALSE,NA
807,0.82,TRUE,FALSE,NA
808,0.222,TRUE,FALSE,NA
809,0.29,TRUE,FALSE,NA
810,0.171,TRUE,FALSE,NA
811,0.256,TRUE,FALSE,NA
812,0.225,TRUE,FALSE,NA
813,0.236,TRUE,FALSE,NA
814,0.25,TRUE,FALSE,NA
815,0.197,TRUE,FALSE,NA
816,0.272,TRUE,FALSE,NA
817,0.297,TRUE,FALSE,NA
818,0.257,TRUE,FALSE,NA
819,0.203,TRUE,FALSE,NA
820,0.275,TRUE,FALSE,NA
821,0.224,TRUE,FALSE,NA
822,0.233,TRUE,FALSE,NA
823,0.246,TRUE,FALSE,NA
824,0.201,TRUE,FALSE,NA
825,0.282,TRUE,FALSE,NA
826,0.226,TRUE,FALSE,NA
827,0.24,TRUE,FALSE,NA
828,0.366,TRUE,FALSE,NA
829,0.247,TRUE,FALSE,NA
830,0.174,TRUE,FALSE,NA
831,0.253,TRUE,FALSE,NA
832,0.243,TRUE,FALSE,NA
833,0.288,TRUE,FALSE,NA
834,0.174,TRUE,FALSE,NA
835,0.252,TRUE,FALSE,NA
836,0.203,TRUE,FALSE,NA
837,0.281,TRUE,FALSE,NA
838,0.172,TRUE,FALSE,NA
839,0.255,TRUE,FALSE,NA
840,0.247,TRUE,FALSE,NA
841,0.277,TRUE,FALSE,NA
842,0.232,TRUE,FALSE,NA
843,0.285,TRUE,FALSE,NA
844,0.167,TRUE,FALSE,NA
845,0.252,TRUE,FALSE,NA
846,0.201,TRUE,FALSE,NA
847,0.288,TRUE,FALSE,NA
848,0.175,TRUE,FALSE,NA
849,0.256,TRUE,FALSE,NA
850,0.373,TRUE,FALSE,NA
851,0.855,TRUE,FALSE,NA
852,0.229,TRUE,FALSE,NA
853,0.285,TRUE,FALSE,NA
854,0.228,TRUE,FALSE,NA
855,0.325,TRUE,FALSE,NA
856,0.211,TRUE,FALSE,NA
857,0.277,TRUE,FALSE,NA
858,0.229,TRUE,FALSE,NA
859,0.241,TRUE,FALSE,NA
860,0.29,TRUE,FALSE,NA
861,0.167,TRUE,FALSE,NA
862,0.251,TRUE,FALSE,NA
863,0.201,TRUE,FALSE,NA
864,0.278,TRUE,FALSE,NA
865,0.17,TRUE,FALSE,NA
866,0.254,TRUE,FALSE,NA
867,0.243,TRUE,FALSE,NA
868,0.273,TRUE,FALSE,NA
869,0.232,TRUE,FALSE,NA
870,0.25,TRUE,FALSE,NA
871,0.33,TRUE,FALSE,NA
872,0.218,TRUE,FALSE,NA
873,0.111,TRUE,FALSE,NA
874,0.281,TRUE,FALSE,NA
875,0.173,TRUE,FALSE,NA
876,0.286,TRUE,FALSE,NA
877,0.173,TRUE,FALSE,NA
878,0.253,TRUE,FALSE,NA
879,0.202,TRUE,FALSE,NA
880,0.274,TRUE,FALSE,NA
881,0.169,TRUE,FALSE,NA
882,0.256,TRUE,FALSE,NA
883,0.248,TRUE,FALSE,NA
884,0.292,TRUE,FALSE,NA
885,0.171,TRUE,FALSE,NA
886,0.255,TRUE,FALSE,NA
887,0.243,TRUE,FALSE,NA
888,0.282,TRUE,FALSE,NA
889,0.17,TRUE,FALSE,NA
890,0.256,TRUE,FALSE,NA
891,0.249,TRUE,FALSE,NA
892,0.346,TRUE,FALSE,NA
893,0.2,TRUE,FALSE,NA
894,0.556,TRUE,FALSE,NA
895,0.29,TRUE,FALSE,NA
896,0.326,TRUE,FALSE,NA
897,0.362,TRUE,FALSE,NA
898,0.259,TRUE,FALSE,NA
899,0.207,TRUE,FALSE,NA
900,0.282,TRUE,FALSE,NA
901,0.221,TRUE,FALSE,NA
902,0.237,TRUE,FALSE,NA
903,0.287,TRUE,FALSE,NA
904,0.172,TRUE,FALSE,NA
905,0.247,TRUE,FALSE,NA
906,0.203,TRUE,FALSE,NA
907,0.28,TRUE,FALSE,NA
908,0.168,TRUE,FALSE,NA
909,0.253,TRUE,FALSE,NA
910,0.199,TRUE,FALSE,NA
911,0.279,TRUE,FALSE,NA
912,0.22,TRUE,FALSE,NA
913,0.234,TRUE,FALSE,NA
914,0.286,TRUE,FALSE,NA
915,0.17,TRUE,FALSE,NA
916,0.256,TRUE,FALSE,NA
917,0.196,TRUE,FALSE,NA
918,0.383,TRUE,FALSE,NA
919,0.277,TRUE,FALSE,NA
920,0.207,TRUE,FALSE,NA
921,0.286,TRUE,FALSE,NA
922,0.17,TRUE,FALSE,NA
923,0.256,TRUE,FALSE,NA
924,0.244,TRUE,FALSE,NA
925,0.279,TRUE,FALSE,NA
926,0.168,TRUE,FALSE,NA
927,0.257,TRUE,FALSE,NA
928,0.244,TRUE,FALSE,NA
929,0.283,TRUE,FALSE,NA
930,0.228,TRUE,FALSE,NA
931,0.247,TRUE,FALSE,NA
932,0.198,TRUE,FALSE,NA
933,0.273,TRUE,FALSE,NA
934,0.227,TRUE,FALSE,NA
935,0.285,TRUE,FALSE,NA
936,0.333,TRUE,FALSE,NA
937,0.174,TRUE,FALSE,NA
938,0.253,TRUE,FALSE,NA
939,0.328,TRUE,FALSE,NA
940,0.272,TRUE,FALSE,NA
941,0.539,TRUE,FALSE,NA
942,0.187,TRUE,FALSE,NA
943,0.291,TRUE,FALSE,NA
944,0.175,TRUE,FALSE,NA
945,0.26,TRUE,FALSE,NA
946,0.21,TRUE,FALSE,NA
947,0.277,TRUE,FALSE,NA
948,0.171,TRUE,FALSE,NA
949,0.289,TRUE,FALSE,NA
950,0.17,TRUE,FALSE,NA
951,0.252,TRUE,FALSE,NA
952,0.198,TRUE,FALSE,NA
953,0.278,TRUE,FALSE,NA
954,0.169,TRUE,FALSE,NA
955,0.254,TRUE,FALSE,NA
956,0.248,TRUE,FALSE,NA
957,0.277,TRUE,FALSE,NA
958,0.233,TRUE,FALSE,NA
959,0.248,TRUE,FALSE,NA
960,0.239,TRUE,FALSE,NA
961,0.285,TRUE,FALSE,NA
962,0.174,TRUE,FALSE,NA
963,0.421,TRUE,FALSE,NA
964,0.3,TRUE,FALSE,NA
965,0.222,TRUE,FALSE,NA
966,0.195,TRUE,FALSE,NA
967,0.222,TRUE,FALSE,NA
968,0.223,TRUE,FALSE,NA
969,0.236,TRUE,FALSE,NA
970,0.25,TRUE,FALSE,NA
971,0.28,TRUE,FALSE,NA
972,0.224,TRUE,FALSE,NA
973,0.251,TRUE,FALSE,NA
974,0.2,TRUE,FALSE,NA
975,0.33,TRUE,FALSE,NA
976,0.228,TRUE,FALSE,NA
977,0.238,TRUE,FALSE,NA
978,0.286,TRUE,FALSE,NA
979,0.175,TRUE,FALSE,NA
980,0.255,TRUE,FALSE,NA
981,0.202,TRUE,FALSE,NA
982,0.282,TRUE,FALSE,NA
983,0.222,TRUE,FALSE,NA
984,0.34,TRUE,FALSE,NA
985,0.944,TRUE,FALSE,NA
986,0.27,TRUE,FALSE,NA
987,0.299,TRUE,FALSE,NA
988,0.123,TRUE,FALSE,NA
989,0.288,TRUE,FALSE,NA
990,0.174,TRUE,FALSE,NA
991,0.254,TRUE,FALSE,NA
992,0.2,TRUE,FALSE,NA
993,0.284,TRUE,FALSE,NA
994,0.172,TRUE,FALSE,NA
995,0.255,TRUE,FALSE,NA
996,0.244,TRUE,FALSE,NA
997,0.275,TRUE,FALSE,NA
998,0.171,TRUE,FALSE,NA
999,0.255,TRUE,FALSE,NA
1000,0.248,TRUE,FALSE,NA
1001,0.274,TRUE,FALSE,NA
1002,0.172,TRUE,FALSE,NA
1003,0.255,TRUE,FALSE,NA
1004,0.242,TRUE,FALSE,NA
1005,0.274,TRUE,FALSE,NA
1006,0.328,TRUE,FALSE,NA
1007,0.295,TRUE,FALSE,NA
1008,0.175,TRUE,FALSE,NA
1009,0.285,TRUE,FALSE,NA
1010,0.175,TRUE,FALSE,NA
1011,0.258,TRUE,FALSE,NA
1012,0.2,TRUE,FALSE,NA
1013,0.276,TRUE,FALSE,NA
1014,0.233,TRUE,FALSE,NA
1015,0.267,TRUE,FALSE,NA
1016,0.251,TRUE,FALSE,NA
1017,0.282,TRUE,FALSE,NA
1018,0.172,TRUE,FALSE,NA
1019,0.256,TRUE,FALSE,NA
1020,0.25,TRUE,FALSE,NA
1021,0.271,TRUE,FALSE,NA
1022,0.173,TRUE,FALSE,NA
1023,0.257,TRUE,FALSE,NA
1024,0.288,TRUE,FALSE,NA
1025,0.303,TRUE,FALSE,NA
1026,0.224,TRUE,FALSE,NA
1027,0.251,TRUE,FALSE,NA
1028,0.924,TRUE,FALSE,NA
1029,0.214,TRUE,FALSE,NA
1030,0.262,TRUE,FALSE,NA
1031,0.22,TRUE,FALSE,NA
1032,0.203,TRUE,FALSE,NA
1033,0.249,TRUE,FALSE,NA
1034,0.276,TRUE,FALSE,NA
1035,0.224,TRUE,FALSE,NA
1036,0.224,TRUE,FALSE,NA
1037,0.224,TRUE,FALSE,NA
1038,0.225,TRUE,FALSE,NA
1039,0.225,TRUE,FALSE,NA
1040,0.233,TRUE,FALSE,NA
1041,0.249,TRUE,FALSE,NA
1042,0.203,TRUE,FALSE,NA
1043,0.279,TRUE,FALSE,NA
1044,0.225,TRUE,FALSE,NA
1045,0.254,TRUE,FALSE,NA
1046,0.2,TRUE,FALSE,NA
1047,0.277,TRUE,FALSE,NA
1048,0.257,TRUE,FALSE,NA
1049,0.14,TRUE,FALSE,NA
1050,0.355,TRUE,FALSE,NA
1051,0.214,TRUE,FALSE,NA
1052,0.331,TRUE,FALSE,NA
1053,0.175,TRUE,FALSE,NA
1054,0.26,TRUE,FALSE,NA
1055,0.251,TRUE,FALSE,NA
1056,0.278,TRUE,FALSE,NA
1057,0.172,TRUE,FALSE,NA
1058,0.257,TRUE,FALSE,NA
1059,0.249,TRUE,FALSE,NA
1060,0.279,TRUE,FALSE,NA
1061,0.167,TRUE,FALSE,NA
1062,0.255,TRUE,FALSE,NA
1063,0.244,TRUE,FALSE,NA
1064,0.281,TRUE,FALSE,NA
1065,0.171,TRUE,FALSE,NA
1066,0.256,TRUE,FALSE,NA
1067,0.252,TRUE,FALSE,NA
1068,0.27,TRUE,FALSE,NA
1069,0.231,TRUE,FALSE,NA
1070,0.309,TRUE,FALSE,NA
1071,0.255,TRUE,FALSE,NA
1072,0.996,TRUE,FALSE,NA
1073,0.164,TRUE,FALSE,NA
1074,0.337,TRUE,FALSE,NA
1075,0.28,TRUE,FALSE,NA
1076,0.228,TRUE,FALSE,NA
1077,0.235,TRUE,FALSE,NA
1078,0.251,TRUE,FALSE,NA
1079,0.197,TRUE,FALSE,NA
1080,0.271,TRUE,FALSE,NA
1081,0.222,TRUE,FALSE,NA
1082,0.235,TRUE,FALSE,NA
1083,0.287,TRUE,FALSE,NA
1084,0.171,TRUE,FALSE,NA
1085,0.254,TRUE,FALSE,NA
1086,0.2,TRUE,FALSE,NA
1087,0.282,TRUE,FALSE,NA
1088,0.212,TRUE,FALSE,NA
1089,0.257,TRUE,FALSE,NA
1090,0.264,TRUE,FALSE,NA
1091,0.295,TRUE,FALSE,NA
1092,0.247,TRUE,FALSE,NA
1093,0.366,TRUE,FALSE,NA
1094,0.256,TRUE,FALSE,NA
1095,0.203,TRUE,FALSE,NA
1096,0.272,TRUE,FALSE,NA
1097,0.301,TRUE,FALSE,NA
1098,0.154,TRUE,FALSE,NA
1099,0.257,TRUE,FALSE,NA
1100,0.201,TRUE,FALSE,NA
1101,0.278,TRUE,FALSE,NA
1102,0.167,TRUE,FALSE,NA
1103,0.257,TRUE,FALSE,NA
1104,0.246,TRUE,FALSE,NA
1105,0.271,TRUE,FALSE,NA
1106,0.229,TRUE,FALSE,NA
1107,0.253,TRUE,FALSE,NA
1108,0.201,TRUE,FALSE,NA
1109,0.279,TRUE,FALSE,NA
1110,0.229,TRUE,FALSE,NA
1111,0.248,TRUE,FALSE,NA
1112,0.203,TRUE,FALSE,NA
1113,0.28,TRUE,FALSE,NA
1114,0.364,TRUE,FALSE,NA
1115,0.28,TRUE,FALSE,NA
1116,0.206,TRUE,FALSE,NA
1117,0.28,TRUE,FALSE,NA
1118,0.224,TRUE,FALSE,NA
1119,0.233,TRUE,FALSE,NA
1120,0.255,TRUE,FALSE,NA
1121,0.201,TRUE,FALSE,NA
1122,0.276,TRUE,FALSE,NA
1123,0.222,TRUE,FALSE,NA
1124,0.231,TRUE,FALSE,NA
1125,0.254,TRUE,FALSE,NA
1126,0.2,TRUE,FALSE,NA
1127,0.279,TRUE,FALSE,NA
1128,0.173,TRUE,FALSE,NA
1129,0.287,TRUE,FALSE,NA
1130,0.173,TRUE,FALSE,NA
1131,0.321,TRUE,FALSE,NA
1132,0.226,TRUE,FALSE,NA
1133,0.24,TRUE,FALSE,NA
1134,0.207,TRUE,FALSE,NA
1135,0.32,TRUE,FALSE,NA
1136,0.868,TRUE,FALSE,NA
1137,0.393,TRUE,FALSE,NA
1138,0.247,TRUE,FALSE,NA
1139,0.295,TRUE,FALSE,NA
1140,0.117,TRUE,FALSE,NA
1141,0.246,TRUE,FALSE,NA
1142,0.208,TRUE,FALSE,NA
1143,0.283,TRUE,FALSE,NA
1144,0.166,TRUE,FALSE,NA
1145,0.25,TRUE,FALSE,NA
1146,0.224,TRUE,FALSE,NA
1147,0.234,TRUE,FALSE,NA
1148,0.288,TRUE,FALSE,NA
1149,0.175,TRUE,FALSE,NA
1150,0.285,TRUE,FALSE,NA
1151,0.171,TRUE,FALSE,NA
1152,0.298,TRUE,FALSE,NA
1153,0.212,TRUE,FALSE,NA
1154,0.28,TRUE,FALSE,NA
1155,0.173,TRUE,FALSE,NA
1156,0.254,TRUE,FALSE,NA
1157,0.202,TRUE,FALSE,NA
1158,0.393,TRUE,FALSE,NA
1159,0.123,TRUE,FALSE,NA
1160,0.283,TRUE,FALSE,NA
1161,0.232,TRUE,FALSE,NA
1162,0.249,TRUE,FALSE,NA
1163,0.2,TRUE,FALSE,NA
1164,0.279,TRUE,FALSE,NA
1165,0.228,TRUE,FALSE,NA
1166,0.253,TRUE,FALSE,NA
1167,0.2,TRUE,FALSE,NA
1168,0.275,TRUE,FALSE,NA
1169,0.283,TRUE,FALSE,NA
1170,0.249,TRUE,FALSE,NA
1171,0.203,TRUE,FALSE,NA
1172,0.278,TRUE,FALSE,NA
1173,0.22,TRUE,FALSE,NA
1174,0.288,TRUE,FALSE,NA
1175,0.17,TRUE,FALSE,NA
1176,0.256,TRUE,FALSE,NA
1177,0.201,TRUE,FALSE,NA
1178,0.283,TRUE,FALSE,NA
1179,0.172,TRUE,FALSE,NA
1180,0.895,TRUE,FALSE,NA
1181,0.366,TRUE,FALSE,NA
1182,0.295,TRUE,FALSE,NA
1183,0.251,TRUE,FALSE,NA
1184,0.23,TRUE,FALSE,NA
1185,0.225,TRUE,FALSE,NA
1186,0.241,TRUE,FALSE,NA
1187,0.252,TRUE,FALSE,NA
1188,0.277,TRUE,FALSE,NA
1189,0.224,TRUE,FALSE,NA
1190,0.224,TRUE,FALSE,NA
1191,0.238,TRUE,FALSE,NA
1192,0.232,TRUE,FALSE,NA
1193,0.246,TRUE,FALSE,NA
1194,0.206,TRUE,FALSE,NA
1195,0.276,TRUE,FALSE,NA
1196,0.229,TRUE,FALSE,NA
1197,0.245,TRUE,FALSE,NA
1198,0.207,TRUE,FALSE,NA
1199,0.278,TRUE,FALSE,NA
1200,0.298,TRUE,FALSE,NA
1201,0.114,TRUE,FALSE,NA
1202,0.326,TRUE,FALSE,NA
1203,0.254,TRUE,FALSE,NA
1204,0.206,TRUE,FALSE,NA
1205,0.287,TRUE,FALSE,NA
1206,0.164,TRUE,FALSE,NA
1207,0.255,TRUE,FALSE,NA
1208,0.367,TRUE,FALSE,NA
1209,0.287,TRUE,FALSE,NA
1210,0.166,TRUE,FALSE,NA
1211,0.243,TRUE,FALSE,NA
1212,0.205,TRUE,FALSE,NA
1213,0.28,TRUE,FALSE,NA
1214,0.297,TRUE,FALSE,NA
1215,0.114,TRUE,FALSE,NA
1216,0.289,TRUE,FALSE,NA
1217,0.217,TRUE,FALSE,NA
1218,0.232,TRUE,FALSE,NA
1219,0.283,TRUE,FALSE,NA
1220,0.165,TRUE,FALSE,NA
1221,0.248,TRUE,FALSE,NA
1222,0.229,TRUE,FALSE,NA
1223,1.116,TRUE,FALSE,NA
1224,0.331,TRUE,FALSE,NA
1225,0.261,TRUE,FALSE,NA
1226,0.18,TRUE,FALSE,NA
1227,0.255,TRUE,FALSE,NA
1228,0.207,TRUE,FALSE,NA
1229,0.276,TRUE,FALSE,NA
1230,0.171,TRUE,FALSE,NA
1231,0.248,TRUE,FALSE,NA
1232,0.204,TRUE,FALSE,NA
1233,0.279,TRUE,FALSE,NA
1234,0.224,TRUE,FALSE,NA
1235,0.233,TRUE,FALSE,NA
1236,0.252,TRUE,FALSE,NA
1237,0.197,TRUE,FALSE,NA
1238,0.28,TRUE,FALSE,NA
1239,0.171,TRUE,FALSE,NA
1240,0.252,TRUE,FALSE,NA
1241,0.245,TRUE,FALSE,NA
1242,0.277,TRUE,FALSE,NA
1243,0.227,TRUE,FALSE,NA
1244,0.255,TRUE,FALSE,NA
1245,0.2,TRUE,FALSE,NA
1246,0.479,TRUE,FALSE,NA
1247,0.113,TRUE,FALSE,NA
1248,0.273,TRUE,FALSE,NA
1249,0.231,TRUE,FALSE,NA
1250,0.254,TRUE,FALSE,NA
1251,0.202,TRUE,FALSE,NA
1252,0.278,TRUE,FALSE,NA
1253,0.225,TRUE,FALSE,NA
1254,0.256,TRUE,FALSE,NA
1255,0.2,TRUE,FALSE,NA
1256,0.274,TRUE,FALSE,NA
1257,0.224,TRUE,FALSE,NA
1258,0.235,TRUE,FALSE,NA
1259,0.249,TRUE,FALSE,NA
1260,0.199,TRUE,FALSE,NA
1261,0.276,TRUE,FALSE,NA
1262,0.17,TRUE,FALSE,NA
1263,0.255,TRUE,FALSE,NA
1264,0.25,TRUE,FALSE,NA
1265,0.271,TRUE,FALSE,NA
1266,0.222,TRUE,FALSE,NA
1267,0.389,TRUE,FALSE,NA
1268,0.886,TRUE,FALSE,NA
1269,0.27,TRUE,FALSE,NA
1270,0.219,TRUE,FALSE,NA
1271,0.248,TRUE,FALSE,NA
1272,0.266,TRUE,FALSE,NA
1273,0.207,TRUE,FALSE,NA
1274,0.276,TRUE,FALSE,NA
1275,0.169,TRUE,FALSE,NA
1276,0.257,TRUE,FALSE,NA
1277,0.245,TRUE,FALSE,NA
1278,0.283,TRUE,FALSE,NA
1279,0.169,TRUE,FALSE,NA
1280,0.37,TRUE,FALSE,NA
1281,0.268,TRUE,FALSE,NA
1282,0.277,TRUE,FALSE,NA
1283,0.226,TRUE,FALSE,NA
1284,0.27,TRUE,FALSE,NA
1285,0.248,TRUE,FALSE,NA
1286,0.28,TRUE,FALSE,NA
1287,0.227,TRUE,FALSE,NA
1288,0.294,TRUE,FALSE,NA
1289,0.274,TRUE,FALSE,NA
1290,0.205,TRUE,FALSE,NA
1291,0.282,TRUE,FALSE,NA
1292,0.225,TRUE,FALSE,NA
1293,0.235,TRUE,FALSE,NA
1294,0.254,TRUE,FALSE,NA
1295,0.197,TRUE,FALSE,NA
1296,0.283,TRUE,FALSE,NA
1297,0.169,TRUE,FALSE,NA
1298,0.256,TRUE,FALSE,NA
1299,0.245,TRUE,FALSE,NA
1300,0.278,TRUE,FALSE,NA
1301,0.228,TRUE,FALSE,NA
1302,0.248,TRUE,FALSE,NA
1303,0.2,TRUE,FALSE,NA
1304,0.272,TRUE,FALSE,NA
1305,0.227,TRUE,FALSE,NA
1306,0.253,TRUE,FALSE,NA
1307,0.198,TRUE,FALSE,NA
1308,0.272,TRUE,FALSE,NA
1309,0.226,TRUE,FALSE,NA
1310,0.336,TRUE,FALSE,NA
1311,0.363,TRUE,FALSE,NA
1312,0.26,TRUE,FALSE,NA
1313,0.199,TRUE,FALSE,NA
1314,0.28,TRUE,FALSE,NA
1315,0.23,TRUE,FALSE,NA
1316,0.249,TRUE,FALSE,NA
1317,0.203,TRUE,FALSE,NA
1318,0.278,TRUE,FALSE,NA
1319,0.231,TRUE,FALSE,NA
1320,0.249,TRUE,FALSE,NA
1321,0.201,TRUE,FALSE,NA
1322,0.278,TRUE,FALSE,NA
1323,0.278,TRUE,FALSE,NA
1324,0.263,TRUE,FALSE,NA
1325,0.204,TRUE,FALSE,NA
1326,0.279,TRUE,FALSE,NA
1327,0.223,TRUE,FALSE,NA
1328,0.236,TRUE,FALSE,NA
1329,0.254,TRUE,FALSE,NA
1330,0.297,TRUE,FALSE,NA
1331,0.251,TRUE,FALSE,NA
1332,0.888,TRUE,FALSE,NA
1333,0.129,TRUE,FALSE,NA
1334,0.288,TRUE,FALSE,NA
1335,0.172,TRUE,FALSE,NA
1336,0.257,TRUE,FALSE,NA
1337,0.203,TRUE,FALSE,NA
1338,0.286,TRUE,FALSE,NA
1339,0.167,TRUE,FALSE,NA
1340,0.272,TRUE,FALSE,NA
1341,0.25,TRUE,FALSE,NA
1342,0.201,TRUE,FALSE,NA
1343,0.286,TRUE,FALSE,NA
1344,0.217,TRUE,FALSE,NA
1345,0.261,TRUE,FALSE,NA
1346,0.204,TRUE,FALSE,NA
1347,0.284,TRUE,FALSE,NA
1348,0.222,TRUE,FALSE,NA
1349,0.233,TRUE,FALSE,NA
1350,0.286,TRUE,FALSE,NA
1351,0.173,TRUE,FALSE,NA
1352,0.253,TRUE,FALSE,NA
1353,0.201,TRUE,FALSE,NA
1354,0.396,TRUE,FALSE,NA
1355,0.186,TRUE,FALSE,NA
1356,0.134,TRUE,FALSE,NA
1357,0.254,TRUE,FALSE,NA
1358,0.229,TRUE,FALSE,NA
1359,0.239,TRUE,FALSE,NA
1360,0.209,TRUE,FALSE,NA
1361,0.278,TRUE,FALSE,NA
1362,0.231,TRUE,FALSE,NA
1363,0.312,TRUE,FALSE,NA
1364,0.211,TRUE,FALSE,NA
1365,0.284,TRUE,FALSE,NA
1366,0.295,TRUE,FALSE,NA
1367,0.111,TRUE,FALSE,NA
1368,0.24,TRUE,FALSE,NA
1369,0.208,TRUE,FALSE,NA
1370,0.33,TRUE,FALSE,NA
1371,0.199,TRUE,FALSE,NA
1372,0.209,TRUE,FALSE,NA
1373,0.285,TRUE,FALSE,NA
1374,0.163,TRUE,FALSE,NA
1375,0.252,TRUE,FALSE,NA
1376,0.302,TRUE,FALSE,NA
1377,0.864,TRUE,FALSE,NA
1378,0.217,TRUE,FALSE,NA
1379,0.231,TRUE,FALSE,NA
1380,0.258,TRUE,FALSE,NA
1381,0.258,TRUE,FALSE,NA
1382,0.243,TRUE,FALSE,NA
1383,0.275,TRUE,FALSE,NA
1384,0.227,TRUE,FALSE,NA
1385,0.225,TRUE,FALSE,NA
1386,0.223,TRUE,FALSE,NA
1387,0.235,TRUE,FALSE,NA
1388,0.203,TRUE,FALSE,NA
1389,0.282,TRUE,FALSE,NA
1390,0.221,TRUE,FALSE,NA
1391,0.232,TRUE,FALSE,NA
1392,0.251,TRUE,FALSE,NA
1393,0.202,TRUE,FALSE,NA
1394,0.278,TRUE,FALSE,NA
1395,0.224,TRUE,FALSE,NA
1396,0.232,TRUE,FALSE,NA
1397,0.253,TRUE,FALSE,NA
1398,0.202,TRUE,FALSE,NA
1399,0.425,TRUE,FALSE,NA
1400,0.236,TRUE,FALSE,NA
1401,0.322,TRUE,FALSE,NA
1402,0.141,TRUE,FALSE,NA
1403,0.289,TRUE,FALSE,NA
1404,0.173,TRUE,FALSE,NA
1405,0.255,TRUE,FALSE,NA
1406,0.204,TRUE,FALSE,NA
1407,0.278,TRUE,FALSE,NA
1408,0.216,TRUE,FALSE,NA
1409,0.26,TRUE,FALSE,NA
1410,0.202,TRUE,FALSE,NA
1411,0.279,TRUE,FALSE,NA
1412,0.223,TRUE,FALSE,NA
1413,0.231,TRUE,FALSE,NA
1414,0.247,TRUE,FALSE,NA
1415,0.2,TRUE,FALSE,NA
1416,0.273,TRUE,FALSE,NA
1417,0.227,TRUE,FALSE,NA
1418,0.253,TRUE,FALSE,NA
1419,0.209,TRUE,FALSE,NA
1420,0.273,TRUE,FALSE,NA
1421,0.323,TRUE,FALSE,NA
1422,0.837,TRUE,FALSE,NA
1423,0.236,TRUE,FALSE,NA
1424,0.26,TRUE,FALSE,NA
1425,0.214,TRUE,FALSE,NA
1426,0.279,TRUE,FALSE,NA
1427,0.167,TRUE,FALSE,NA
1428,0.253,TRUE,FALSE,NA
1429,0.198,TRUE,FALSE,NA
1430,0.277,TRUE,FALSE,NA
1431,0.224,TRUE,FALSE,NA
1432,0.233,TRUE,FALSE,NA
1433,0.285,TRUE,FALSE,NA
1434,0.168,TRUE,FALSE,NA
1435,0.256,TRUE,FALSE,NA
1436,0.204,TRUE,FALSE,NA
1437,0.278,TRUE,FALSE,NA
1438,0.169,TRUE,FALSE,NA
1439,0.255,TRUE,FALSE,NA
1440,0.229,TRUE,FALSE,NA
1441,0.309,TRUE,FALSE,NA
1442,0.214,TRUE,FALSE,NA
1443,0.227,TRUE,FALSE,NA
1444,0.415,TRUE,FALSE,NA
1445,0.116,TRUE,FALSE,NA
1446,0.256,TRUE,FALSE,NA
1447,0.202,TRUE,FALSE,NA
1448,0.279,TRUE,FALSE,NA
1449,0.221,TRUE,FALSE,NA
1450,0.233,TRUE,FALSE,NA
1451,0.285,TRUE,FALSE,NA
1452,0.171,TRUE,FALSE,NA
1453,0.254,TRUE,FALSE,NA
1454,0.198,TRUE,FALSE,NA
1455,0.275,TRUE,FALSE,NA
1456,0.17,TRUE,FALSE,NA
1457,0.251,TRUE,FALSE,NA
1458,0.256,TRUE,FALSE,NA
1459,0.28,TRUE,FALSE,NA
1460,0.171,TRUE,FALSE,NA
1461,0.251,TRUE,FALSE,NA
1462,0.244,TRUE,FALSE,NA
1463,0.281,TRUE,FALSE,NA
1464,0.17,TRUE,FALSE,NA
1465,0.256,TRUE,FALSE,NA
1466,0.344,TRUE,FALSE,NA
1467,0.819,TRUE,FALSE,NA
1468,0.227,TRUE,FALSE,NA
1469,0.287,TRUE,FALSE,NA
1470,0.176,TRUE,FALSE,NA
1471,0.259,TRUE,FALSE,NA
1472,0.296,TRUE,FALSE,NA
1473,0.289,TRUE,FALSE,NA
1474,0.176,TRUE,FALSE,NA
1475,0.257,TRUE,FALSE,NA
1476,0.228,TRUE,FALSE,NA
1477,0.238,TRUE,FALSE,NA
1478,0.204,TRUE,FALSE,NA
1479,0.342,TRUE,FALSE,NA
1480,0.298,TRUE,FALSE,NA
1481,0.117,TRUE,FALSE,NA
1482,0.248,TRUE,FALSE,NA
1483,0.209,TRUE,FALSE,NA
1484,0.23,TRUE,FALSE,NA
1485,0.282,TRUE,FALSE,NA
1486,0.209,TRUE,FALSE,NA
1487,0.256,TRUE,FALSE,NA
1488,0.336,TRUE,FALSE,NA
1489,0.155,TRUE,FALSE,NA
1490,0.259,TRUE,FALSE,NA
1491,0.202,TRUE,FALSE,NA
1492,0.282,TRUE,FALSE,NA
1493,0.224,TRUE,FALSE,NA
1494,0.232,TRUE,FALSE,NA
1495,0.252,TRUE,FALSE,NA
1496,0.203,TRUE,FALSE,NA
1497,0.28,TRUE,FALSE,NA
1498,0.168,TRUE,FALSE,NA
1499,0.258,TRUE,FALSE,NA
1500,0.242,TRUE,FALSE,NA
1501,0.273,TRUE,FALSE,NA
1502,0.228,TRUE,FALSE,NA
1503,0.253,TRUE,FALSE,NA
1504,0.2,TRUE,FALSE,NA
1505,0.282,TRUE,FALSE,NA
1506,0.222,TRUE,FALSE,NA
1507,0.232,TRUE,FALSE,NA
1508,0.283,TRUE,FALSE,NA
1509,0.15,TRUE,FALSE,NA
1510,0.392,TRUE,FALSE,NA
1511,1.004,TRUE,FALSE,NA
1512,0.186,TRUE,FALSE,NA
1513,0.361,TRUE,FALSE,NA
1514,0.21,TRUE,FALSE,NA
1515,0.282,TRUE,FALSE,NA
1516,0.179,TRUE,FALSE,NA
1517,0.311,TRUE,FALSE,NA
1518,0.301,TRUE,FALSE,NA
1519,0.114,TRUE,FALSE,NA
1520,0.246,TRUE,FALSE,NA
1521,0.203,TRUE,FALSE,NA
1522,0.281,TRUE,FALSE,NA
1523,0.297,TRUE,FALSE,NA
1524,0.113,TRUE,FALSE,NA
1525,0.24,TRUE,FALSE,NA
1526,0.269,TRUE,FALSE,NA
1527,0.284,TRUE,FALSE,NA
1528,0.292,TRUE,FALSE,NA
1529,0.112,TRUE,FALSE,NA
1530,0.247,TRUE,FALSE,NA
1531,0.206,TRUE,FALSE,NA
1532,0.404,TRUE,FALSE,NA
1533,0.268,TRUE,FALSE,NA
1534,0.246,TRUE,FALSE,NA
1535,0.274,TRUE,FALSE,NA
1536,0.276,TRUE,FALSE,NA
1537,0.244,TRUE,FALSE,NA
1538,0.207,TRUE,FALSE,NA
1539,0.273,TRUE,FALSE,NA
1540,0.172,TRUE,FALSE,NA
1541,0.257,TRUE,FALSE,NA
1542,0.249,TRUE,FALSE,NA
1543,0.277,TRUE,FALSE,NA
1544,0.226,TRUE,FALSE,NA
1545,0.254,TRUE,FALSE,NA
1546,0.2,TRUE,FALSE,NA
1547,0.279,TRUE,FALSE,NA
1548,0.222,TRUE,FALSE,NA
1549,0.233,TRUE,FALSE,NA
1550,0.248,TRUE,FALSE,NA
1551,0.199,TRUE,FALSE,NA
1552,0.278,TRUE,FALSE,NA
1553,0.341,TRUE,FALSE,NA
1554,0.312,TRUE,FALSE,NA
1555,0.18,TRUE,FALSE,NA
1556,0.256,TRUE,FALSE,NA
1557,0.25,TRUE,FALSE,NA
1558,0.337,TRUE,FALSE,NA
1559,0.17,TRUE,FALSE,NA
1560,0.259,TRUE,FALSE,NA
1561,0.251,TRUE,FALSE,NA
1562,0.302,TRUE,FALSE,NA
1563,0.248,TRUE,FALSE,NA
1564,0.167,TRUE,FALSE,NA
1565,0.258,TRUE,FALSE,NA
1566,0.25,TRUE,FALSE,NA
1567,0.279,TRUE,FALSE,NA
1568,0.172,TRUE,FALSE,NA
1569,0.256,TRUE,FALSE,NA
1570,0.246,TRUE,FALSE,NA
1571,0.28,TRUE,FALSE,NA
1572,0.227,TRUE,FALSE,NA
1573,0.254,TRUE,FALSE,NA
1574,0.242,TRUE,FALSE,NA
1575,1.042,TRUE,FALSE,NA
1576,0.236,TRUE,FALSE,NA
1577,0.235,TRUE,FALSE,NA
1578,0.206,TRUE,FALSE,NA
1579,0.204,TRUE,FALSE,NA
1580,0.221,TRUE,FALSE,NA
1581,0.228,TRUE,FALSE,NA
1582,0.222,TRUE,FALSE,NA
1583,0.236,TRUE,FALSE,NA
1584,0.252,TRUE,FALSE,NA
1585,0.274,TRUE,FALSE,NA
1586,0.222,TRUE,FALSE,NA
1587,0.225,TRUE,FALSE,NA
1588,0.236,TRUE,FALSE,NA
1589,0.284,TRUE,FALSE,NA
1590,0.167,TRUE,FALSE,NA
1591,0.252,TRUE,FALSE,NA
1592,0.2,TRUE,FALSE,NA
1593,0.281,TRUE,FALSE,NA
1594,0.17,TRUE,FALSE,NA
1595,0.254,TRUE,FALSE,NA
1596,0.244,TRUE,FALSE,NA
1597,0.513,TRUE,FALSE,NA
1598,0.118,TRUE,FALSE,NA
1599,0.277,TRUE,FALSE,NA
1600,0.221,TRUE,FALSE,NA
1601,0.263,TRUE,FALSE,NA
1602,0.207,TRUE,FALSE,NA
1603,0.279,TRUE,FALSE,NA
1604,0.223,TRUE,FALSE,NA
1605,0.234,TRUE,FALSE,NA
1606,0.285,TRUE,FALSE,NA
1607,0.173,TRUE,FALSE,NA
1608,0.254,TRUE,FALSE,NA
1609,0.202,TRUE,FALSE,NA
1610,0.282,TRUE,FALSE,NA
1611,0.167,TRUE,FALSE,NA
1612,0.254,TRUE,FALSE,NA
1613,0.245,TRUE,FALSE,NA
1614,0.282,TRUE,FALSE,NA
1615,0.166,TRUE,FALSE,NA
1616,0.255,TRUE,FALSE,NA
1617,0.243,TRUE,FALSE,NA
1618,0.284,TRUE,FALSE,NA
1619,0.73,TRUE,FALSE,NA
1620,0.532,TRUE,FALSE,NA
1621,0.22,TRUE,FALSE,NA
1622,0.393,TRUE,FALSE,NA
1623,0.228,TRUE,FALSE,NA
1624,0.242,TRUE,FALSE,NA
1625,0.203,TRUE,FALSE,NA
1626,0.282,TRUE,FALSE,NA
1627,0.297,TRUE,FALSE,NA
1628,0.116,TRUE,FALSE,NA
1629,0.241,TRUE,FALSE,NA
1630,0.209,TRUE,FALSE,NA
1631,0.283,TRUE,FALSE,NA
1632,0.211,TRUE,FALSE,NA
1633,0.265,TRUE,FALSE,NA
1634,0.318,TRUE,FALSE,NA
1635,0.142,TRUE,FALSE,NA
1636,0.255,TRUE,FALSE,NA
1637,0.206,TRUE,FALSE,NA
1638,0.279,TRUE,FALSE,NA
1639,0.171,TRUE,FALSE,NA
1640,0.303,TRUE,FALSE,NA
1641,0.366,TRUE,FALSE,NA
1642,0.254,TRUE,FALSE,NA
1643,0.282,TRUE,FALSE,NA
1644,0.164,TRUE,FALSE,NA
1645,0.25,TRUE,FALSE,NA
1646,0.226,TRUE,FALSE,NA
1647,0.233,TRUE,FALSE,NA
1648,0.252,TRUE,FALSE,NA
1649,0.201,TRUE,FALSE,NA
1650,0.275,TRUE,FALSE,NA
1651,0.284,TRUE,FALSE,NA
1652,0.252,TRUE,FALSE,NA
1653,0.2,TRUE,FALSE,NA
1654,0.28,TRUE,FALSE,NA
1655,0.225,TRUE,FALSE,NA
1656,0.25,TRUE,FALSE,NA
1657,0.199,TRUE,FALSE,NA
1658,0.279,TRUE,FALSE,NA
1659,0.222,TRUE,FALSE,NA
1660,0.233,TRUE,FALSE,NA
1661,0.282,TRUE,FALSE,NA
1662,0.315,TRUE,FALSE,NA
1663,0.284,TRUE,FALSE,NA
1664,0.335,TRUE,FALSE,NA
1665,0.178,TRUE,FALSE,NA
1666,0.251,TRUE,FALSE,NA
1667,0.202,TRUE,FALSE,NA
1668,0.282,TRUE,FALSE,NA
1669,0.172,TRUE,FALSE,NA
1670,0.252,TRUE,FALSE,NA
1671,0.201,TRUE,FALSE,NA
1672,0.281,TRUE,FALSE,NA
1673,0.172,TRUE,FALSE,NA
1674,0.255,TRUE,FALSE,NA
1675,0.315,TRUE,FALSE,NA
1676,0.277,TRUE,FALSE,NA
1677,0.173,TRUE,FALSE,NA
1678,0.257,TRUE,FALSE,NA
1679,0.242,TRUE,FALSE,NA
1680,0.28,TRUE,FALSE,NA
1681,0.166,TRUE,FALSE,NA
1682,0.256,TRUE,FALSE,NA
1683,0.419,TRUE,FALSE,NA
1684,0.92,TRUE,FALSE,NA
1685,0.141,TRUE,FALSE,NA
1686,0.295,TRUE,FALSE,NA
1687,0.269,TRUE,FALSE,NA
1688,0.261,TRUE,FALSE,NA
1689,0.208,TRUE,FALSE,NA
1690,0.278,TRUE,FALSE,NA
1691,0.169,TRUE,FALSE,NA
1692,0.254,TRUE,FALSE,NA
1693,0.197,TRUE,FALSE,NA
1694,0.274,TRUE,FALSE,NA
1695,0.171,TRUE,FALSE,NA
1696,0.254,TRUE,FALSE,NA
1697,0.247,TRUE,FALSE,NA
1698,0.278,TRUE,FALSE,NA
1699,0.229,TRUE,FALSE,NA
1700,0.252,TRUE,FALSE,NA
1701,0.201,TRUE,FALSE,NA
1702,0.281,TRUE,FALSE,NA
1703,0.222,TRUE,FALSE,NA
1704,0.234,TRUE,FALSE,NA
1705,0.408,TRUE,FALSE,NA
1706,0.225,TRUE,FALSE,NA
1707,0.17,TRUE,FALSE,NA
1708,0.255,TRUE,FALSE,NA
1709,0.202,TRUE,FALSE,NA
1710,0.282,TRUE,FALSE,NA
1711,0.168,TRUE,FALSE,NA
1712,0.255,TRUE,FALSE,NA
1713,0.292,TRUE,FALSE,NA
1714,0.243,TRUE,FALSE,NA
1715,0.207,TRUE,FALSE,NA
1716,0.232,TRUE,FALSE,NA
1717,0.282,TRUE,FALSE,NA
1718,0.164,TRUE,FALSE,NA
1719,0.24,TRUE,FALSE,NA
1720,0.207,TRUE,FALSE,NA
1721,0.275,TRUE,FALSE,NA
1722,0.229,TRUE,FALSE,NA
1723,0.221,TRUE,FALSE,NA
1724,0.246,TRUE,FALSE,NA
1725,0.204,TRUE,FALSE,NA
1726,0.278,TRUE,FALSE,NA
1727,0.453,TRUE,FALSE,NA
1728,0.231,TRUE,FALSE,NA
1729,0.237,TRUE,FALSE,NA
1730,0.215,TRUE,FALSE,NA
1731,0.246,TRUE,FALSE,NA
1732,0.208,TRUE,FALSE,NA
1733,0.282,TRUE,FALSE,NA
1734,0.291,TRUE,FALSE,NA
1735,0.112,TRUE,FALSE,NA
1736,0.246,TRUE,FALSE,NA
1737,0.208,TRUE,FALSE,NA
1738,0.275,TRUE,FALSE,NA
1739,0.226,TRUE,FALSE,NA
1740,0.241,TRUE,FALSE,NA
1741,0.208,TRUE,FALSE,NA
1742,0.282,TRUE,FALSE,NA
1743,0.285,TRUE,FALSE,NA
1744,0.165,TRUE,FALSE,NA
1745,0.247,TRUE,FALSE,NA
1746,0.235,TRUE,FALSE,NA
1747,0.247,TRUE,FALSE,NA
1748,0.204,TRUE,FALSE,NA
1749,0.284,TRUE,FALSE,NA
1750,0.781,TRUE,FALSE,NA
1751,0.319,TRUE,FALSE,NA
1752,0.24,TRUE,FALSE,NA
1753,0.211,TRUE,FALSE,NA
1754,0.2,TRUE,FALSE,NA
1755,0.193,TRUE,FALSE,NA
1756,0.226,TRUE,FALSE,NA
1757,0.246,TRUE,FALSE,NA
1758,0.287,TRUE,FALSE,NA
1759,0.222,TRUE,FALSE,NA
1760,0.295,TRUE,FALSE,NA
1761,0.119,TRUE,FALSE,NA
1762,0.288,TRUE,FALSE,NA
1763,0.171,TRUE,FALSE,NA
1764,0.251,TRUE,FALSE,NA
1765,0.2,TRUE,FALSE,NA
1766,0.284,TRUE,FALSE,NA
1767,0.167,TRUE,FALSE,NA
1768,0.256,TRUE,FALSE,NA
1769,0.254,TRUE,FALSE,NA
1770,0.276,TRUE,FALSE,NA
1771,0.171,TRUE,FALSE,NA
1772,0.268,TRUE,FALSE,NA
1773,0.301,TRUE,FALSE,NA
1774,0.203,TRUE,FALSE,NA
1775,0.281,TRUE,FALSE,NA
1776,0.227,TRUE,FALSE,NA
1777,0.241,TRUE,FALSE,NA
1778,0.288,TRUE,FALSE,NA
1779,0.171,TRUE,FALSE,NA
1780,0.253,TRUE,FALSE,NA
1781,0.2,TRUE,FALSE,NA
1782,0.278,TRUE,FALSE,NA
1783,0.173,TRUE,FALSE,NA
1784,0.257,TRUE,FALSE,NA
1785,0.247,TRUE,FALSE,NA
1786,0.28,TRUE,FALSE,NA
1787,0.17,TRUE,FALSE,NA
1788,0.256,TRUE,FALSE,NA
1789,0.251,TRUE,FALSE,NA
1790,0.275,TRUE,FALSE,NA
1791,0.17,TRUE,FALSE,NA
1792,0.302,TRUE,FALSE,NA
1793,0.254,TRUE,FALSE,NA
1794,0.391,TRUE,FALSE,NA
1795,0.763,TRUE,FALSE,NA
1796,0.266,TRUE,FALSE,NA
1797,0.177,TRUE,FALSE,NA
1798,0.223,TRUE,FALSE,NA
1799,0.226,TRUE,FALSE,NA
1800,0.277,TRUE,FALSE,NA
1801,0.261,TRUE,FALSE,NA
1802,0.253,TRUE,FALSE,NA
1803,0.272,TRUE,FALSE,NA
1804,0.229,TRUE,FALSE,NA
1805,0.253,TRUE,FALSE,NA
1806,0.206,TRUE,FALSE,NA
1807,0.278,TRUE,FALSE,NA
1808,0.224,TRUE,FALSE,NA
1809,0.252,TRUE,FALSE,NA
1810,0.197,TRUE,FALSE,NA
1811,0.276,TRUE,FALSE,NA
1812,0.227,TRUE,FALSE,NA
1813,0.233,TRUE,FALSE,NA
1814,0.247,TRUE,FALSE,NA
1815,0.203,TRUE,FALSE,NA
1816,0.406,TRUE,FALSE,NA
1817,0.22,TRUE,FALSE,NA
1818,0.173,TRUE,FALSE,NA
1819,0.254,TRUE,FALSE,NA
1820,0.25,TRUE,FALSE,NA
1821,0.281,TRUE,FALSE,NA
1822,0.174,TRUE,FALSE,NA
1823,0.287,TRUE,FALSE,NA
1824,0.172,TRUE,FALSE,NA
1825,0.256,TRUE,FALSE,NA
1826,0.232,TRUE,FALSE,NA
1827,0.242,TRUE,FALSE,NA
1828,0.209,TRUE,FALSE,NA
1829,0.275,TRUE,FALSE,NA
1830,0.229,TRUE,FALSE,NA
1831,0.239,TRUE,FALSE,NA
1832,0.208,TRUE,FALSE,NA
1833,0.293,TRUE,FALSE,NA
1834,0.292,TRUE,FALSE,NA
1835,0.162,TRUE,FALSE,NA
1836,0.251,TRUE,FALSE,NA
1837,0.285,TRUE,FALSE,NA
1838,0.299,TRUE,FALSE,NA
1839,0.991,TRUE,FALSE,NA
1840,0.257,TRUE,FALSE,NA
1841,0.182,TRUE,FALSE,NA
1842,0.259,TRUE,FALSE,NA
1843,0.202,TRUE,FALSE,NA
1844,0.282,TRUE,FALSE,NA
1845,0.171,TRUE,FALSE,NA
1846,0.257,TRUE,FALSE,NA
1847,0.245,TRUE,FALSE,NA
1848,0.282,TRUE,FALSE,NA
1849,0.17,TRUE,FALSE,NA
1850,0.256,TRUE,FALSE,NA
1851,0.25,TRUE,FALSE,NA
1852,0.279,TRUE,FALSE,NA
1853,0.168,TRUE,FALSE,NA
1854,0.254,TRUE,FALSE,NA
1855,0.251,TRUE,FALSE,NA
1856,0.327,TRUE,FALSE,NA
1857,0.171,TRUE,FALSE,NA
1858,0.257,TRUE,FALSE,NA
1859,0.245,TRUE,FALSE,NA
1860,0.389,TRUE,FALSE,NA
1861,0.116,TRUE,FALSE,NA
1862,0.281,TRUE,FALSE,NA
1863,0.172,TRUE,FALSE,NA
1864,0.255,TRUE,FALSE,NA
1865,0.249,TRUE,FALSE,NA
1866,0.28,TRUE,FALSE,NA
1867,0.169,TRUE,FALSE,NA
1868,0.256,TRUE,FALSE,NA
1869,0.245,TRUE,FALSE,NA
1870,0.275,TRUE,FALSE,NA
1871,0.225,TRUE,FALSE,NA
1872,0.268,TRUE,FALSE,NA
1873,0.246,TRUE,FALSE,NA
1874,0.275,TRUE,FALSE,NA
1875,0.172,TRUE,FALSE,NA
1876,0.287,TRUE,FALSE,NA
1877,0.174,TRUE,FALSE,NA
1878,0.284,TRUE,FALSE,NA
1879,0.17,TRUE,FALSE,NA
1880,0.252,TRUE,FALSE,NA
1881,0.202,TRUE,FALSE,NA
1882,0.467,TRUE,FALSE,NA
1883,0.823,TRUE,FALSE,NA
1884,0.288,TRUE,FALSE,NA
1885,0.275,TRUE,FALSE,NA
1886,0.252,TRUE,FALSE,NA
1887,0.274,TRUE,FALSE,NA
1888,0.228,TRUE,FALSE,NA
1889,0.232,TRUE,FALSE,NA
1890,0.237,TRUE,FALSE,NA
1891,0.246,TRUE,FALSE,NA
1892,0.281,TRUE,FALSE,NA
1893,0.17,TRUE,FALSE,NA
1894,0.263,TRUE,FALSE,NA
1895,0.25,TRUE,FALSE,NA
1896,0.28,TRUE,FALSE,NA
1897,0.171,TRUE,FALSE,NA
1898,0.258,TRUE,FALSE,NA
1899,0.251,TRUE,FALSE,NA
1900,0.276,TRUE,FALSE,NA
1901,0.226,TRUE,FALSE,NA
1902,0.252,TRUE,FALSE,NA
1903,0.303,TRUE,FALSE,NA
1904,0.269,TRUE,FALSE,NA
1905,0.205,TRUE,FALSE,NA
1906,0.28,TRUE,FALSE,NA
1907,0.17,TRUE,FALSE,NA
1908,0.257,TRUE,FALSE,NA
1909,0.288,TRUE,FALSE,NA
1910,0.244,TRUE,FALSE,NA
1911,0.206,TRUE,FALSE,NA
1912,0.281,TRUE,FALSE,NA
1913,0.229,TRUE,FALSE,NA
1914,0.238,TRUE,FALSE,NA
1915,0.204,TRUE,FALSE,NA
1916,0.277,TRUE,FALSE,NA
1917,0.296,TRUE,FALSE,NA
1918,0.114,TRUE,FALSE,NA
1919,0.245,TRUE,FALSE,NA
1920,0.25,TRUE,FALSE,NA
1921,0.295,TRUE,FALSE,NA
1922,0.165,TRUE,FALSE,NA
1923,0.24,TRUE,FALSE,NA
1924,0.207,TRUE,FALSE,NA
1925,0.383,TRUE,FALSE,NA
1926,0.319,TRUE,FALSE,NA
1927,0.218,TRUE,FALSE,NA
1928,0.25,TRUE,FALSE,NA
1929,0.236,TRUE,FALSE,NA
1930,0.25,TRUE,FALSE,NA
1931,0.202,TRUE,FALSE,NA
1932,0.279,TRUE,FALSE,NA
1933,0.226,TRUE,FALSE,NA
1934,0.252,TRUE,FALSE,NA
1935,0.2,TRUE,FALSE,NA
1936,0.279,TRUE,FALSE,NA
1937,0.226,TRUE,FALSE,NA
1938,0.24,TRUE,FALSE,NA
1939,0.285,TRUE,FALSE,NA
1940,0.172,TRUE,FALSE,NA
1941,0.253,TRUE,FALSE,NA
1942,0.201,TRUE,FALSE,NA
1943,0.281,TRUE,FALSE,NA
1944,0.168,TRUE,FALSE,NA
1945,0.255,TRUE,FALSE,NA
1946,0.245,TRUE,FALSE,NA
1947,1.084,TRUE,FALSE,NA
1948,0.266,TRUE,FALSE,NA
1949,0.214,TRUE,FALSE,NA
1950,0.25,TRUE,FALSE,NA
1951,0.282,TRUE,FALSE,NA
1952,0.275,TRUE,FALSE,NA
1953,0.174,TRUE,FALSE,NA
1954,0.251,TRUE,FALSE,NA
1955,0.213,TRUE,FALSE,NA
1956,0.285,TRUE,FALSE,NA
1957,0.295,TRUE,FALSE,NA
1958,0.117,TRUE,FALSE,NA
1959,0.254,TRUE,FALSE,NA
1960,0.204,TRUE,FALSE,NA
1961,0.276,TRUE,FALSE,NA
1962,0.168,TRUE,FALSE,NA
1963,0.257,TRUE,FALSE,NA
1964,0.249,TRUE,FALSE,NA
1965,0.282,TRUE,FALSE,NA
1966,0.17,TRUE,FALSE,NA
1967,0.254,TRUE,FALSE,NA
1968,0.246,TRUE,FALSE,NA
1969,0.28,TRUE,FALSE,NA
1970,0.306,TRUE,FALSE,NA
1971,0.173,TRUE,FALSE,NA
1972,0.257,TRUE,FALSE,NA
1973,0.232,TRUE,FALSE,NA
1974,0.302,TRUE,FALSE,NA
1975,0.24,TRUE,FALSE,NA
1976,0.204,TRUE,FALSE,NA
1977,0.28,TRUE,FALSE,NA
1978,0.301,TRUE,FALSE,NA
1979,0.114,TRUE,FALSE,NA
1980,0.24,TRUE,FALSE,NA
1981,0.203,TRUE,FALSE,NA
1982,0.283,TRUE,FALSE,NA
1983,0.165,TRUE,FALSE,NA
1984,0.304,TRUE,FALSE,NA
1985,0.253,TRUE,FALSE,NA
1986,0.285,TRUE,FALSE,NA
1987,0.171,TRUE,FALSE,NA
1988,0.276,TRUE,FALSE,NA
1989,0.257,TRUE,FALSE,NA
1990,0.3,TRUE,FALSE,NA
1991,0.254,TRUE,FALSE,NA
1992,0.892,TRUE,FALSE,NA
1993,0.36,TRUE,FALSE,NA
1994,0.277,TRUE,FALSE,NA
1995,0.269,TRUE,FALSE,NA
1996,0.205,TRUE,FALSE,NA
1997,0.283,TRUE,FALSE,NA
1998,0.172,TRUE,FALSE,NA
1999,0.254,TRUE,FALSE,NA
