branch,time_since_step_s,pressure_progress_fraction,selected_model,theta_s,tau_s,tau_fast_s,tau_slow_s,weight_fast,calibrated_horizon_s,runtime_horizon_s,interval
up,0,0,fopdt_double_exponential,0.043595990120877066,NA,0.050051866257682626,0.761795052843296,0.9311930545555789,3.99,3.99,calibrated_open_loop_hold
up,0.01,0,fopdt_double_exponential,0.043595990120877066,NA,0.050051866257682626,0.761795052843296,0.9311930545555789,3.99,3.99,calibrated_open_loop_hold
up,0.02,0,fopdt_double_exponential,0.043595990120877066,NA,0.050051866257682626,0.761795052843296,0.9311930545555789,3.99,3.99,calibrated_open_loop_hold
up,0.03,0,fopdt_double_exponential,0.043595990120877066,NA,0.050051866257682626,0.761795052843296,0.9311930545555789,3.99,3.99,calibrated_open_loop_hold
up,0.04,0,fopdt_double_exponential,0.043595990120877066,NA,0.050051866257682626,0.761795052843296,0.9311930545555789,3.99,3.99,calibrated_open_loop_hold
up,0.05,0.11241266215893557,fopdt_double_exponential,0.043595990120877066,NA,0.050051866257682626,0.761795052843296,0.9311930545555789,3.99,3.99,calibrated_open_loop_hold
up,0.06,0.26168754097558644,fopdt_double_exponential,0.043595990120877066,NA,0.050051866257682626,0.761795052843296,0.9311930545555789,3.99,3.99,calibrated_open_loop_hold
up,0.07,0.38407834640974453,fopdt_double_exponential,0.043595990120877066,NA,0.050051866257682626,0.761795052843296,0.9311930545555789,3.99,3.99,calibrated_open_loop_hold
up,0.08,0.48445182181980756,fopdt_double_exponential,0.043595990120877066,NA,0.050051866257682626,0.761795052843296,0.9311930545555789,3.99,3.99,calibrated_open_loop_hold
up,0.09,0.566793370977165,fopdt_double_exponential,0.043595990120877066,NA,0.050051866257682626,0.761795052843296,0.9311930545555789,3.99,3.99,calibrated_open_loop_hold
up,0.1,0.6343666679348035,fopdt_double_exponential,0.043595990120877066,NA,0.050051866257682626,0.761795052843296,0.9311930545555789,3.99,3.99,calibrated_open_loop_hold
up,0.11,0.6898443616252793,fopdt_double_exponential,0.043595990120877066,NA,0.050051866257682626,0.761795052843296,0.9311930545555789,3.99,3.99,calibrated_open_loop_hold
up,0.12,0.735415109919433,fopdt_double_exponential,0.043595990120877066,NA,0.050051866257682626,0.761795052843296,0.9311930545555789,3.99,3.99,calibrated_open_loop_hold
up,0.13,0.7728712298697293,fopdt_double_exponential,0.043595990120877066,NA,0.050051866257682626,0.761795052843296,0.9311930545555789,3.99,3.99,calibrated_open_loop_hold
up,0.14,0.803680474538363,fopdt_double_exponential,0.043595990120877066,NA,0.050051866257682626,0.761795052843296,0.9311930545555789,3.99,3.99,calibrated_open_loop_hold
up,0.15,0.8290448110783886,fopdt_double_exponential,0.043595990120877066,NA,0.050051866257682626,0.761795052843296,0.9311930545555789,3.99,3.99,calibrated_open_loop_hold
up,0.16,0.8499485541350129,fopdt_double_exponential,0.043595990120877066,NA,0.050051866257682626,0.761795052843296,0.9311930545555789,3.99,3.99,calibrated_open_loop_hold
up,0.17,0.8671977823136992,fopdt_double_exponential,0.043595990120877066,NA,0.050051866257682626,0.761795052843296,0.9311930545555789,3.99,3.99,calibrated_open_loop_hold
up,0.18,0.8814526163476847,fopdt_double_exponential,0.043595990120877066,NA,0.050051866257682626,0.761795052843296,0.9311930545555789,3.99,3.99,calibrated_open_loop_hold
up,0.19,0.8932536517078661,fopdt_double_exponential,0.043595990120877066,NA,0.050051866257682626,0.761795052843296,0.9311930545555789,3.99,3.99,calibrated_open_loop_hold
up,0.2,0.9030436042828417,fopdt_double_exponential,0.043595990120877066,NA,0.050051866257682626,0.761795052843296,0.9311930545555789,3.99,3.99,calibrated_open_loop_hold
up,0.21,0.91118503603989,fopdt_double_exponential,0.043595990120877066,NA,0.050051866257682626,0.761795052843296,0.9311930545555789,3.99,3.99,calibrated_open_loop_hold
up,0.22,0.9179748705805117,fopdt_double_exponential,0.043595990120877066,NA,0.050051866257682626,0.761795052843296,0.9311930545555789,3.99,3.99,calibrated_open_loop_hold
up,0.23,0.9236562799391289,fopdt_double_exponential,0.043595990120877066,NA,0.050051866257682626,0.761795052843296,0.9311930545555789,3.99,3.99,calibrated_open_loop_hold
up,0.24,0.9284284186915657,fopdt_double_exponential,0.043595990120877066,NA,0.050051866257682626,0.761795052843296,0.9311930545555789,3.99,3.99,calibrated_open_loop_hold
up,0.25,0.9324543952244906,fopdt_double_exponential,0.043595990120877066,NA,0.050051866257682626,0.761795052843296,0.9311930545555789,3.99,3.99,calibrated_open_loop_hold
up,0.26,0.9358677994151215,fopdt_double_exponential,0.043595990120877066,NA,0.050051866257682626,0.761795052843296,0.9311930545555789,3.99,3.99,calibrated_open_loop_hold
up,0.27,0.9387780481545971,fopdt_double_exponential,0.043595990120877066,NA,0.050051866257682626,0.761795052843296,0.9311930545555789,3.99,3.99,calibrated_open_loop_hold
up,0.28,0.9412747628029456,fopdt_double_exponential,0.043595990120877066,NA,0.050051866257682626,0.761795052843296,0.9311930545555789,3.99,3.99,calibrated_open_loop_hold
up,0.29,0.9434313538923558,fopdt_double_exponential,0.043595990120877066,NA,0.050051866257682626,0.761795052843296,0.9311930545555789,3.99,3.99,calibrated_open_loop_hold
up,0.3,0.9453079566456778,fopdt_double_exponential,0.043595990120877066,NA,0.050051866257682626,0.761795052843296,0.9311930545555789,3.99,3.99,calibrated_open_loop_hold
up,0.31,0.9469538348771792,fopdt_double_exponential,0.043595990120877066,NA,0.050051866257682626,0.761795052843296,0.9311930545555789,3.99,3.99,calibrated_open_loop_hold
up,0.32,0.9484093495512455,fopdt_double_exponential,0.043595990120877066,NA,0.050051866257682626,0.761795052843296,0.9311930545555789,3.99,3.99,calibrated_open_loop_hold
up,0.33,0.9497075708392311,fopdt_double_exponential,0.043595990120877066,NA,0.050051866257682626,0.761795052843296,0.9311930545555789,3.99,3.99,calibrated_open_loop_hold
up,0.34,0.9508755982367433,fopdt_double_exponential,0.043595990120877066,NA,0.050051866257682626,0.761795052843296,0.9311930545555789,3.99,3.99,calibrated_open_loop_hold
up,0.35000000000000003,0.9519356416114383,fopdt_double_exponential,0.043595990120877066,NA,0.050051866257682626,0.761795052843296,0.9311930545555789,3.99,3.99,calibrated_open_loop_hold
up,0.36,0.9529059064766681,fopdt_double_exponential,0.043595990120877066,NA,0.050051866257682626,0.761795052843296,0.9311930545555789,3.99,3.99,calibrated_open_loop_hold
up,0.37,0.9538013189455431,fopdt_double_exponential,0.043595990120877066,NA,0.050051866257682626,0.761795052843296,0.9311930545555789,3.99,3.99,calibrated_open_loop_hold
up,0.38,0.9546341193991785,fopdt_double_exponential,0.043595990120877066,NA,0.050051866257682626,0.761795052843296,0.9311930545555789,3.99,3.99,calibrated_open_loop_hold
up,0.39,0.9554143486448843,fopdt_double_exponential,0.043595990120877066,NA,0.050051866257682626,0.761795052843296,0.9311930545555789,3.99,3.99,calibrated_open_loop_hold
up,0.4,0.9561502460342817,fopdt_double_exponential,0.043595990120877066,NA,0.050051866257682626,0.761795052843296,0.9311930545555789,3.99,3.99,calibrated_open_loop_hold
up,0.41000000000000003,0.9568485754853285,fopdt_double_exponential,0.043595990120877066,NA,0.050051866257682626,0.761795052843296,0.9311930545555789,3.99,3.99,calibrated_open_loop_hold
up,0.42,0.9575148924647812,fopdt_double_exponential,0.043595990120877066,NA,0.050051866257682626,0.761795052843296,0.9311930545555789,3.99,3.99,calibrated_open_loop_hold
up,0.43,0.9581537626230953,fopdt_double_exponential,0.043595990120877066,NA,0.050051866257682626,0.761795052843296,0.9311930545555789,3.99,3.99,calibrated_open_loop_hold
up,0.44,0.9587689408374502,fopdt_double_exponential,0.043595990120877066,NA,0.050051866257682626,0.761795052843296,0.9311930545555789,3.99,3.99,calibrated_open_loop_hold
up,0.45,0.9593635178329307,fopdt_double_exponential,0.043595990120877066,NA,0.050051866257682626,0.761795052843296,0.9311930545555789,3.99,3.99,calibrated_open_loop_hold
up,0.46,0.9599400402534106,fopdt_double_exponential,0.043595990120877066,NA,0.050051866257682626,0.761795052843296,0.9311930545555789,3.99,3.99,calibrated_open_loop_hold
up,0.47000000000000003,0.9605006089903503,fopdt_double_exponential,0.043595990120877066,NA,0.050051866257682626,0.761795052843296,0.9311930545555789,3.99,3.99,calibrated_open_loop_hold
up,0.48,0.9610469597069556,fopdt_double_exponential,0.043595990120877066,NA,0.050051866257682626,0.761795052843296,0.9311930545555789,3.99,3.99,calibrated_open_loop_hold
up,0.49,0.9615805287820727,fopdt_double_exponential,0.043595990120877066,NA,0.050051866257682626,0.761795052843296,0.9311930545555789,3.99,3.99,calibrated_open_loop_hold
up,0.5,0.9621025073142673,fopdt_double_exponential,0.043595990120877066,NA,0.050051866257682626,0.761795052843296,0.9311930545555789,3.99,3.99,calibrated_open_loop_hold
up,0.51,0.9626138853483477,fopdt_double_exponential,0.043595990120877066,NA,0.050051866257682626,0.761795052843296,0.9311930545555789,3.99,3.99,calibrated_open_loop_hold
up,0.52,0.963115488095009,fopdt_double_exponential,0.043595990120877066,NA,0.050051866257682626,0.761795052843296,0.9311930545555789,3.99,3.99,calibrated_open_loop_hold
up,0.53,0.9636080055936085,fopdt_double_exponential,0.043595990120877066,NA,0.050051866257682626,0.761795052843296,0.9311930545555789,3.99,3.99,calibrated_open_loop_hold
up,0.54,0.964092017005486,fopdt_double_exponential,0.043595990120877066,NA,0.050051866257682626,0.761795052843296,0.9311930545555789,3.99,3.99,calibrated_open_loop_hold
up,0.55,0.9645680105102022,fopdt_double_exponential,0.043595990120877066,NA,0.050051866257682626,0.761795052843296,0.9311930545555789,3.99,3.99,calibrated_open_loop_hold
up,0.56,0.9650363996009729,fopdt_double_exponential,0.043595990120877066,NA,0.050051866257682626,0.761795052843296,0.9311930545555789,3.99,3.99,calibrated_open_loop_hold
up,0.5700000000000001,0.9654975364313723,fopdt_double_exponential,0.043595990120877066,NA,0.050051866257682626,0.761795052843296,0.9311930545555789,3.99,3.99,calibrated_open_loop_hold
up,0.58,0.9659517227472884,fopdt_double_exponential,0.043595990120877066,NA,0.050051866257682626,0.761795052843296,0.9311930545555789,3.99,3.99,calibrated_open_loop_hold
up,0.59,0.9663992188414096,fopdt_double_exponential,0.043595990120877066,NA,0.050051866257682626,0.761795052843296,0.9311930545555789,3.99,3.99,calibrated_open_loop_hold
up,0.6,0.9668402508883309,fopdt_double_exponential,0.043595990120877066,NA,0.050051866257682626,0.761795052843296,0.9311930545555789,3.99,3.99,calibrated_open_loop_hold
up,0.61,0.9672750169535195,fopdt_double_exponential,0.043595990120877066,NA,0.050051866257682626,0.761795052843296,0.9311930545555789,3.99,3.99,calibrated_open_loop_hold
up,0.62,0.9677036919162741,fopdt_double_exponential,0.043595990120877066,NA,0.050051866257682626,0.761795052843296,0.9311930545555789,3.99,3.99,calibrated_open_loop_hold
up,0.63,0.9681264315033242,fopdt_double_exponential,0.043595990120877066,NA,0.050051866257682626,0.761795052843296,0.9311930545555789,3.99,3.99,calibrated_open_loop_hold
up,0.64,0.9685433755941026,fopdt_double_exponential,0.043595990120877066,NA,0.050051866257682626,0.761795052843296,0.9311930545555789,3.99,3.99,calibrated_open_loop_hold
up,0.65,0.9689546509295648,fopdt_double_exponential,0.043595990120877066,NA,0.050051866257682626,0.761795052843296,0.9311930545555789,3.99,3.99,calibrated_open_loop_hold
up,0.66,0.9693603733325423,fopdt_double_exponential,0.043595990120877066,NA,0.050051866257682626,0.761795052843296,0.9311930545555789,3.99,3.99,calibrated_open_loop_hold
up,0.67,0.9697606495280658,fopdt_double_exponential,0.043595990120877066,NA,0.050051866257682626,0.761795052843296,0.9311930545555789,3.99,3.99,calibrated_open_loop_hold
up,0.68,0.9701555786360748,fopdt_double_exponential,0.043595990120877066,NA,0.050051866257682626,0.761795052843296,0.9311930545555789,3.99,3.99,calibrated_open_loop_hold
up,0.6900000000000001,0.9705452533958181,fopdt_double_exponential,0.043595990120877066,NA,0.050051866257682626,0.761795052843296,0.9311930545555789,3.99,3.99,calibrated_open_loop_hold
up,0.7000000000000001,0.9709297611705101,fopdt_double_exponential,0.043595990120877066,NA,0.050051866257682626,0.761795052843296,0.9311930545555789,3.99,3.99,calibrated_open_loop_hold
up,0.71,0.9713091847720119,fopdt_double_exponential,0.043595990120877066,NA,0.050051866257682626,0.761795052843296,0.9311930545555789,3.99,3.99,calibrated_open_loop_hold
up,0.72,0.9716836031381043,fopdt_double_exponential,0.043595990120877066,NA,0.050051866257682626,0.761795052843296,0.9311930545555789,3.99,3.99,calibrated_open_loop_hold
up,0.73,0.9720530918890253,fopdt_double_exponential,0.043595990120877066,NA,0.050051866257682626,0.761795052843296,0.9311930545555789,3.99,3.99,calibrated_open_loop_hold
up,0.74,0.9724177237851086,fopdt_double_exponential,0.043595990120877066,NA,0.050051866257682626,0.761795052843296,0.9311930545555789,3.99,3.99,calibrated_open_loop_hold
up,0.75,0.9727775691034127,fopdt_double_exponential,0.043595990120877066,NA,0.050051866257682626,0.761795052843296,0.9311930545555789,3.99,3.99,calibrated_open_loop_hold
up,0.76,0.9731326959479845,fopdt_double_exponential,0.043595990120877066,NA,0.050051866257682626,0.761795052843296,0.9311930545555789,3.99,3.99,calibrated_open_loop_hold
up,0.77,0.973483170505753,fopdt_double_exponential,0.043595990120877066,NA,0.050051866257682626,0.761795052843296,0.9311930545555789,3.99,3.99,calibrated_open_loop_hold
up,0.78,0.9738290572578757,fopdt_double_exponential,0.043595990120877066,NA,0.050051866257682626,0.761795052843296,0.9311930545555789,3.99,3.99,calibrated_open_loop_hold
up,0.79,0.974170419154583,fopdt_double_exponential,0.043595990120877066,NA,0.050051866257682626,0.761795052843296,0.9311930545555789,3.99,3.99,calibrated_open_loop_hold
up,0.8,0.9745073177601042,fopdt_double_exponential,0.043595990120877066,NA,0.050051866257682626,0.761795052843296,0.9311930545555789,3.99,3.99,calibrated_open_loop_hold
up,0.81,0.9748398133730758,fopdt_double_exponential,0.043595990120877066,NA,0.050051866257682626,0.761795052843296,0.9311930545555789,3.99,3.99,calibrated_open_loop_hold
up,0.8200000000000001,0.9751679651268452,fopdt_double_exponential,0.043595990120877066,NA,0.050051866257682626,0.761795052843296,0.9311930545555789,3.99,3.99,calibrated_open_loop_hold
up,0.8300000000000001,0.975491831073292,fopdt_double_exponential,0.043595990120877066,NA,0.050051866257682626,0.761795052843296,0.9311930545555789,3.99,3.99,calibrated_open_loop_hold
up,0.84,0.9758114682531258,fopdt_double_exponential,0.043595990120877066,NA,0.050051866257682626,0.761795052843296,0.9311930545555789,3.99,3.99,calibrated_open_loop_hold
up,0.85,0.9761269327550935,fopdt_double_exponential,0.043595990120877066,NA,0.050051866257682626,0.761795052843296,0.9311930545555789,3.99,3.99,calibrated_open_loop_hold
up,0.86,0.9764382797660782,fopdt_double_exponential,0.043595990120877066,NA,0.050051866257682626,0.761795052843296,0.9311930545555789,3.99,3.99,calibrated_open_loop_hold
up,0.87,0.9767455636137206,fopdt_double_exponential,0.043595990120877066,NA,0.050051866257682626,0.761795052843296,0.9311930545555789,3.99,3.99,calibrated_open_loop_hold
up,0.88,0.9770488378028953,fopdt_double_exponential,0.043595990120877066,NA,0.050051866257682626,0.761795052843296,0.9311930545555789,3.99,3.99,calibrated_open_loop_hold
up,0.89,0.9773481550471368,fopdt_double_exponential,0.043595990120877066,NA,0.050051866257682626,0.761795052843296,0.9311930545555789,3.99,3.99,calibrated_open_loop_hold
up,0.9,0.9776435672959052,fopdt_double_exponential,0.043595990120877066,NA,0.050051866257682626,0.761795052843296,0.9311930545555789,3.99,3.99,calibrated_open_loop_hold
up,0.91,0.9779351257584284,fopdt_double_exponential,0.043595990120877066,NA,0.050051866257682626,0.761795052843296,0.9311930545555789,3.99,3.99,calibrated_open_loop_hold
up,0.92,0.9782228809247212,fopdt_double_exponential,0.043595990120877066,NA,0.050051866257682626,0.761795052843296,0.9311930545555789,3.99,3.99,calibrated_open_loop_hold
up,0.93,0.9785068825842702,fopdt_double_exponential,0.043595990120877066,NA,0.050051866257682626,0.761795052843296,0.9311930545555789,3.99,3.99,calibrated_open_loop_hold
up,0.9400000000000001,0.9787871798427904,fopdt_double_exponential,0.043595990120877066,NA,0.050051866257682626,0.761795052843296,0.9311930545555789,3.99,3.99,calibrated_open_loop_hold
up,0.9500000000000001,0.9790638211373842,fopdt_double_exponential,0.043595990120877066,NA,0.050051866257682626,0.761795052843296,0.9311930545555789,3.99,3.99,calibrated_open_loop_hold
up,0.96,0.9793368542503704,fopdt_double_exponential,0.043595990120877066,NA,0.050051866257682626,0.761795052843296,0.9311930545555789,3.99,3.99,calibrated_open_loop_hold
up,0.97,0.9796063263220092,fopdt_double_exponential,0.043595990120877066,NA,0.050051866257682626,0.761795052843296,0.9311930545555789,3.99,3.99,calibrated_open_loop_hold
up,0.98,0.9798722838623025,fopdt_double_exponential,0.043595990120877066,NA,0.050051866257682626,0.761795052843296,0.9311930545555789,3.99,3.99,calibrated_open_loop_hold
up,0.99,0.9801347727620191,fopdt_double_exponential,0.043595990120877066,NA,0.050051866257682626,0.761795052843296,0.9311930545555789,3.99,3.99,calibrated_open_loop_hold
up,1,0.9803938383030695,fopdt_double_exponential,0.043595990120877066,NA,0.050051866257682626,0.761795052843296,0.9311930545555789,3.99,3.99,calibrated_open_loop_hold
up,1.01,0.9806495251683267,fopdt_double_exponential,0.043595990120877066,NA,0.050051866257682626,0.761795052843296,0.9311930545555789,3.99,3.99,calibrated_open_loop_hold
up,1.02,0.9809018774509813,fopdt_double_exponential,0.043595990120877066,NA,0.050051866257682626,0.761795052843296,0.9311930545555789,3.99,3.99,calibrated_open_loop_hold
up,1.03,0.9811509386634922,fopdt_double_exponential,0.043595990120877066,NA,0.050051866257682626,0.761795052843296,0.9311930545555789,3.99,3.99,calibrated_open_loop_hold
up,1.04,0.9813967517461946,fopdt_double_exponential,0.043595990120877066,NA,0.050051866257682626,0.761795052843296,0.9311930545555789,3.99,3.99,calibrated_open_loop_hold
up,1.05,0.9816393590756062,fopdt_double_exponential,0.043595990120877066,NA,0.050051866257682626,0.761795052843296,0.9311930545555789,3.99,3.99,calibrated_open_loop_hold
up,1.06,0.9818788024724747,fopdt_double_exponential,0.043595990120877066,NA,0.050051866257682626,0.761795052843296,0.9311930545555789,3.99,3.99,calibrated_open_loop_hold
up,1.07,0.9821151232095924,fopdt_double_exponential,0.043595990120877066,NA,0.050051866257682626,0.761795052843296,0.9311930545555789,3.99,3.99,calibrated_open_loop_hold
up,1.08,0.9823483620194066,fopdt_double_exponential,0.043595990120877066,NA,0.050051866257682626,0.761795052843296,0.9311930545555789,3.99,3.99,calibrated_open_loop_hold
up,1.09,0.9825785591014471,fopdt_double_exponential,0.043595990120877066,NA,0.050051866257682626,0.761795052843296,0.9311930545555789,3.99,3.99,calibrated_open_loop_hold
up,1.1,0.9828057541295888,fopdt_double_exponential,0.043595990120877066,NA,0.050051866257682626,0.761795052843296,0.9311930545555789,3.99,3.99,calibrated_open_loop_hold
up,1.11,0.9830299862591603,fopdt_double_exponential,0.043595990120877066,NA,0.050051866257682626,0.761795052843296,0.9311930545555789,3.99,3.99,calibrated_open_loop_hold
up,1.12,0.9832512941339164,fopdt_double_exponential,0.043595990120877066,NA,0.050051866257682626,0.761795052843296,0.9311930545555789,3.99,3.99,calibrated_open_loop_hold
up,1.1300000000000001,0.9834697158928809,fopdt_double_exponential,0.043595990120877066,NA,0.050051866257682626,0.761795052843296,0.9311930545555789,3.99,3.99,calibrated_open_loop_hold
up,1.1400000000000001,0.9836852891770681,fopdt_double_exponential,0.043595990120877066,NA,0.050051866257682626,0.761795052843296,0.9311930545555789,3.99,3.99,calibrated_open_loop_hold
up,1.1500000000000001,0.9838980511360933,fopdt_double_exponential,0.043595990120877066,NA,0.050051866257682626,0.761795052843296,0.9311930545555789,3.99,3.99,calibrated_open_loop_hold
up,1.16,0.9841080384346741,fopdt_double_exponential,0.043595990120877066,NA,0.050051866257682626,0.761795052843296,0.9311930545555789,3.99,3.99,calibrated_open_loop_hold
up,1.17,0.984315287259032,fopdt_double_exponential,0.043595990120877066,NA,0.050051866257682626,0.761795052843296,0.9311930545555789,3.99,3.99,calibrated_open_loop_hold
up,1.18,0.9845198333231944,fopdt_double_exponential,0.043595990120877066,NA,0.050051866257682626,0.761795052843296,0.9311930545555789,3.99,3.99,calibrated_open_loop_hold
up,1.19,0.9847217118752056,fopdt_double_exponential,0.043595990120877066,NA,0.050051866257682626,0.761795052843296,0.9311930545555789,3.99,3.99,calibrated_open_loop_hold
up,1.2,0.9849209577032445,fopdt_double_exponential,0.043595990120877066,NA,0.050051866257682626,0.761795052843296,0.9311930545555789,3.99,3.99,calibrated_open_loop_hold
up,1.21,0.9851176051416576,fopdt_double_exponential,0.043595990120877066,NA,0.050051866257682626,0.761795052843296,0.9311930545555789,3.99,3.99,calibrated_open_loop_hold
up,1.22,0.9853116880769047,fopdt_double_exponential,0.043595990120877066,NA,0.050051866257682626,0.761795052843296,0.9311930545555789,3.99,3.99,calibrated_open_loop_hold
up,1.23,0.9855032399534243,fopdt_double_exponential,0.043595990120877066,NA,0.050051866257682626,0.761795052843296,0.9311930545555789,3.99,3.99,calibrated_open_loop_hold
up,1.24,0.9856922937794159,fopdt_double_exponential,0.043595990120877066,NA,0.050051866257682626,0.761795052843296,0.9311930545555789,3.99,3.99,calibrated_open_loop_hold
up,1.25,0.9858788821325455,fopdt_double_exponential,0.043595990120877066,NA,0.050051866257682626,0.761795052843296,0.9311930545555789,3.99,3.99,calibrated_open_loop_hold
up,1.26,0.9860630371655723,fopdt_double_exponential,0.043595990120877066,NA,0.050051866257682626,0.761795052843296,0.9311930545555789,3.99,3.99,calibrated_open_loop_hold
up,1.27,0.9862447906119007,fopdt_double_exponential,0.043595990120877066,NA,0.050051866257682626,0.761795052843296,0.9311930545555789,3.99,3.99,calibrated_open_loop_hold
up,1.28,0.9864241737910577,fopdt_double_exponential,0.043595990120877066,NA,0.050051866257682626,0.761795052843296,0.9311930545555789,3.99,3.99,calibrated_open_loop_hold
up,1.29,0.9866012176140976,fopdt_double_exponential,0.043595990120877066,NA,0.050051866257682626,0.761795052843296,0.9311930545555789,3.99,3.99,calibrated_open_loop_hold
up,1.3,0.9867759525889339,fopdt_double_exponential,0.043595990120877066,NA,0.050051866257682626,0.761795052843296,0.9311930545555789,3.99,3.99,calibrated_open_loop_hold
up,1.31,0.9869484088256022,fopdt_double_exponential,0.043595990120877066,NA,0.050051866257682626,0.761795052843296,0.9311930545555789,3.99,3.99,calibrated_open_loop_hold
up,1.32,0.9871186160414525,fopdt_double_exponential,0.043595990120877066,NA,0.050051866257682626,0.761795052843296,0.9311930545555789,3.99,3.99,calibrated_open_loop_hold
up,1.33,0.987286603566273,fopdt_double_exponential,0.043595990120877066,NA,0.050051866257682626,0.761795052843296,0.9311930545555789,3.99,3.99,calibrated_open_loop_hold
up,1.34,0.9874524003473476,fopdt_double_exponential,0.043595990120877066,NA,0.050051866257682626,0.761795052843296,0.9311930545555789,3.99,3.99,calibrated_open_loop_hold
up,1.35,0.9876160349544463,fopdt_double_exponential,0.043595990120877066,NA,0.050051866257682626,0.761795052843296,0.9311930545555789,3.99,3.99,calibrated_open_loop_hold
up,1.36,0.9877775355847491,fopdt_double_exponential,0.043595990120877066,NA,0.050051866257682626,0.761795052843296,0.9311930545555789,3.99,3.99,calibrated_open_loop_hold
up,1.37,0.9879369300677077,fopdt_double_exponential,0.043595990120877066,NA,0.050051866257682626,0.761795052843296,0.9311930545555789,3.99,3.99,calibrated_open_loop_hold
up,1.3800000000000001,0.9880942458698412,fopdt_double_exponential,0.043595990120877066,NA,0.050051866257682626,0.761795052843296,0.9311930545555789,3.99,3.99,calibrated_open_loop_hold
up,1.3900000000000001,0.9882495100994712,fopdt_double_exponential,0.043595990120877066,NA,0.050051866257682626,0.761795052843296,0.9311930545555789,3.99,3.99,calibrated_open_loop_hold
up,1.4000000000000001,0.9884027495113924,fopdt_double_exponential,0.043595990120877066,NA,0.050051866257682626,0.761795052843296,0.9311930545555789,3.99,3.99,calibrated_open_loop_hold
up,1.41,0.9885539905114853,fopdt_double_exponential,0.043595990120877066,NA,0.050051866257682626,0.761795052843296,0.9311930545555789,3.99,3.99,calibrated_open_loop_hold
up,1.42,0.9887032591612653,fopdt_double_exponential,0.043595990120877066,NA,0.050051866257682626,0.761795052843296,0.9311930545555789,3.99,3.99,calibrated_open_loop_hold
up,1.43,0.9888505811823756,fopdt_double_exponential,0.043595990120877066,NA,0.050051866257682626,0.761795052843296,0.9311930545555789,3.99,3.99,calibrated_open_loop_hold
up,1.44,0.9889959819610183,fopdt_double_exponential,0.043595990120877066,NA,0.050051866257682626,0.761795052843296,0.9311930545555789,3.99,3.99,calibrated_open_loop_hold
up,1.45,0.9891394865523307,fopdt_double_exponential,0.043595990120877066,NA,0.050051866257682626,0.761795052843296,0.9311930545555789,3.99,3.99,calibrated_open_loop_hold
up,1.46,0.9892811196847018,fopdt_double_exponential,0.043595990120877066,NA,0.050051866257682626,0.761795052843296,0.9311930545555789,3.99,3.99,calibrated_open_loop_hold
up,1.47,0.9894209057640342,fopdt_double_exponential,0.043595990120877066,NA,0.050051866257682626,0.761795052843296,0.9311930545555789,3.99,3.99,calibrated_open_loop_hold
up,1.48,0.98955886887795,fopdt_double_exponential,0.043595990120877066,NA,0.050051866257682626,0.761795052843296,0.9311930545555789,3.99,3.99,calibrated_open_loop_hold
up,1.49,0.9896950327999414,fopdt_double_exponential,0.043595990120877066,NA,0.050051866257682626,0.761795052843296,0.9311930545555789,3.99,3.99,calibrated_open_loop_hold
up,1.5,0.989829420993467,fopdt_double_exponential,0.043595990120877066,NA,0.050051866257682626,0.761795052843296,0.9311930545555789,3.99,3.99,calibrated_open_loop_hold
up,1.51,0.9899620566159962,fopdt_double_exponential,0.043595990120877066,NA,0.050051866257682626,0.761795052843296,0.9311930545555789,3.99,3.99,calibrated_open_loop_hold
up,1.52,0.9900929625229985,fopdt_double_exponential,0.043595990120877066,NA,0.050051866257682626,0.761795052843296,0.9311930545555789,3.99,3.99,calibrated_open_loop_hold
up,1.53,0.9902221612718825,fopdt_double_exponential,0.043595990120877066,NA,0.050051866257682626,0.761795052843296,0.9311930545555789,3.99,3.99,calibrated_open_loop_hold
up,1.54,0.9903496751258831,fopdt_double_exponential,0.043595990120877066,NA,0.050051866257682626,0.761795052843296,0.9311930545555789,3.99,3.99,calibrated_open_loop_hold
up,1.55,0.9904755260578981,fopdt_double_exponential,0.043595990120877066,NA,0.050051866257682626,0.761795052843296,0.9311930545555789,3.99,3.99,calibrated_open_loop_hold
up,1.56,0.9905997357542736,fopdt_double_exponential,0.043595990120877066,NA,0.050051866257682626,0.761795052843296,0.9311930545555789,3.99,3.99,calibrated_open_loop_hold
up,1.57,0.990722325618542,fopdt_double_exponential,0.043595990120877066,NA,0.050051866257682626,0.761795052843296,0.9311930545555789,3.99,3.99,calibrated_open_loop_hold
up,1.58,0.9908433167751096,fopdt_double_exponential,0.043595990120877066,NA,0.050051866257682626,0.761795052843296,0.9311930545555789,3.99,3.99,calibrated_open_loop_hold
up,1.59,0.9909627300728973,fopdt_double_exponential,0.043595990120877066,NA,0.050051866257682626,0.761795052843296,0.9311930545555789,3.99,3.99,calibrated_open_loop_hold
up,1.6,0.9910805860889323,fopdt_double_exponential,0.043595990120877066,NA,0.050051866257682626,0.761795052843296,0.9311930545555789,3.99,3.99,calibrated_open_loop_hold
up,1.61,0.9911969051318951,fopdt_double_exponential,0.043595990120877066,NA,0.050051866257682626,0.761795052843296,0.9311930545555789,3.99,3.99,calibrated_open_loop_hold
up,1.62,0.9913117072456181,fopdt_double_exponential,0.043595990120877066,NA,0.050051866257682626,0.761795052843296,0.9311930545555789,3.99,3.99,calibrated_open_loop_hold
up,1.6300000000000001,0.9914250122125401,fopdt_double_exponential,0.043595990120877066,NA,0.050051866257682626,0.761795052843296,0.9311930545555789,3.99,3.99,calibrated_open_loop_hold
up,1.6400000000000001,0.9915368395571147,fopdt_double_exponential,0.043595990120877066,NA,0.050051866257682626,0.761795052843296,0.9311930545555789,3.99,3.99,calibrated_open_loop_hold
up,1.6500000000000001,0.9916472085491752,fopdt_double_exponential,0.043595990120877066,NA,0.050051866257682626,0.761795052843296,0.9311930545555789,3.99,3.99,calibrated_open_loop_hold
up,1.6600000000000001,0.9917561382072548,fopdt_double_exponential,0.043595990120877066,NA,0.050051866257682626,0.761795052843296,0.9311930545555789,3.99,3.99,calibrated_open_loop_hold
up,1.67,0.9918636473018638,fopdt_double_exponential,0.043595990120877066,NA,0.050051866257682626,0.761795052843296,0.9311930545555789,3.99,3.99,calibrated_open_loop_hold
up,1.68,0.9919697543587246,fopdt_double_exponential,0.043595990120877066,NA,0.050051866257682626,0.761795052843296,0.9311930545555789,3.99,3.99,calibrated_open_loop_hold
up,1.69,0.9920744776619632,fopdt_double_exponential,0.043595990120877066,NA,0.050051866257682626,0.761795052843296,0.9311930545555789,3.99,3.99,calibrated_open_loop_hold
up,1.7,0.9921778352572603,fopdt_double_exponential,0.043595990120877066,NA,0.050051866257682626,0.761795052843296,0.9311930545555789,3.99,3.99,calibrated_open_loop_hold
up,1.71,0.9922798449549617,fopdt_double_exponential,0.043595990120877066,NA,0.050051866257682626,0.761795052843296,0.9311930545555789,3.99,3.99,calibrated_open_loop_hold
up,1.72,0.9923805243331455,fopdt_double_exponential,0.043595990120877066,NA,0.050051866257682626,0.761795052843296,0.9311930545555789,3.99,3.99,calibrated_open_loop_hold
up,1.73,0.9924798907406527,fopdt_double_exponential,0.043595990120877066,NA,0.050051866257682626,0.761795052843296,0.9311930545555789,3.99,3.99,calibrated_open_loop_hold
up,1.74,0.9925779613000764,fopdt_double_exponential,0.043595990120877066,NA,0.050051866257682626,0.761795052843296,0.9311930545555789,3.99,3.99,calibrated_open_loop_hold
up,1.75,0.9926747529107116,fopdt_double_exponential,0.043595990120877066,NA,0.050051866257682626,0.761795052843296,0.9311930545555789,3.99,3.99,calibrated_open_loop_hold
up,1.76,0.992770282251468,fopdt_double_exponential,0.043595990120877066,NA,0.050051866257682626,0.761795052843296,0.9311930545555789,3.99,3.99,calibrated_open_loop_hold
up,1.77,0.992864565783744,fopdt_double_exponential,0.043595990120877066,NA,0.050051866257682626,0.761795052843296,0.9311930545555789,3.99,3.99,calibrated_open_loop_hold
up,1.78,0.9929576197542628,fopdt_double_exponential,0.043595990120877066,NA,0.050051866257682626,0.761795052843296,0.9311930545555789,3.99,3.99,calibrated_open_loop_hold
up,1.79,0.9930494601978724,fopdt_double_exponential,0.043595990120877066,NA,0.050051866257682626,0.761795052843296,0.9311930545555789,3.99,3.99,calibrated_open_loop_hold
up,1.8,0.993140102940309,fopdt_double_exponential,0.043595990120877066,NA,0.050051866257682626,0.761795052843296,0.9311930545555789,3.99,3.99,calibrated_open_loop_hold
up,1.81,0.993229563600923,fopdt_double_exponential,0.043595990120877066,NA,0.050051866257682626,0.761795052843296,0.9311930545555789,3.99,3.99,calibrated_open_loop_hold
up,1.82,0.9933178575953716,fopdt_double_exponential,0.043595990120877066,NA,0.050051866257682626,0.761795052843296,0.9311930545555789,3.99,3.99,calibrated_open_loop_hold
up,1.83,0.9934050001382746,fopdt_double_exponential,0.043595990120877066,NA,0.050051866257682626,0.761795052843296,0.9311930545555789,3.99,3.99,calibrated_open_loop_hold
up,1.84,0.9934910062458364,fopdt_double_exponential,0.043595990120877066,NA,0.050051866257682626,0.761795052843296,0.9311930545555789,3.99,3.99,calibrated_open_loop_hold
up,1.85,0.9935758907384334,fopdt_double_exponential,0.043595990120877066,NA,0.050051866257682626,0.761795052843296,0.9311930545555789,3.99,3.99,calibrated_open_loop_hold
up,1.86,0.9936596682431679,fopdt_double_exponential,0.043595990120877066,NA,0.050051866257682626,0.761795052843296,0.9311930545555789,3.99,3.99,calibrated_open_loop_hold
up,1.87,0.9937423531963884,fopdt_double_exponential,0.043595990120877066,NA,0.050051866257682626,0.761795052843296,0.9311930545555789,3.99,3.99,calibrated_open_loop_hold
up,1.8800000000000001,0.9938239598461774,fopdt_double_exponential,0.043595990120877066,NA,0.050051866257682626,0.761795052843296,0.9311930545555789,3.99,3.99,calibrated_open_loop_hold
up,1.8900000000000001,0.9939045022548071,fopdt_double_exponential,0.043595990120877066,NA,0.050051866257682626,0.761795052843296,0.9311930545555789,3.99,3.99,calibrated_open_loop_hold
up,1.9000000000000001,0.9939839943011615,fopdt_double_exponential,0.043595990120877066,NA,0.050051866257682626,0.761795052843296,0.9311930545555789,3.99,3.99,calibrated_open_loop_hold
up,1.9100000000000001,0.9940624496831288,fopdt_double_exponential,0.043595990120877066,NA,0.050051866257682626,0.761795052843296,0.9311930545555789,3.99,3.99,calibrated_open_loop_hold
up,1.92,0.9941398819199619,fopdt_double_exponential,0.043595990120877066,NA,0.050051866257682626,0.761795052843296,0.9311930545555789,3.99,3.99,calibrated_open_loop_hold
up,1.93,0.994216304354607,fopdt_double_exponential,0.043595990120877066,NA,0.050051866257682626,0.761795052843296,0.9311930545555789,3.99,3.99,calibrated_open_loop_hold
up,1.94,0.9942917301560037,fopdt_double_exponential,0.043595990120877066,NA,0.050051866257682626,0.761795052843296,0.9311930545555789,3.99,3.99,calibrated_open_loop_hold
up,1.95,0.9943661723213544,fopdt_double_exponential,0.043595990120877066,NA,0.050051866257682626,0.761795052843296,0.9311930545555789,3.99,3.99,calibrated_open_loop_hold
up,1.96,0.9944396436783632,fopdt_double_exponential,0.043595990120877066,NA,0.050051866257682626,0.761795052843296,0.9311930545555789,3.99,3.99,calibrated_open_loop_hold
up,1.97,0.994512156887447,fopdt_double_exponential,0.043595990120877066,NA,0.050051866257682626,0.761795052843296,0.9311930545555789,3.99,3.99,calibrated_open_loop_hold
up,1.98,0.9945837244439165,fopdt_double_exponential,0.043595990120877066,NA,0.050051866257682626,0.761795052843296,0.9311930545555789,3.99,3.99,calibrated_open_loop_hold
up,1.99,0.99465435868013,fopdt_double_exponential,0.043595990120877066,NA,0.050051866257682626,0.761795052843296,0.9311930545555789,3.99,3.99,calibrated_open_loop_hold
up,2,0.9947240717676179,fopdt_double_exponential,0.043595990120877066,NA,0.050051866257682626,0.761795052843296,0.9311930545555789,3.99,3.99,calibrated_open_loop_hold
up,2.0100000000000002,0.9947928757191806,fopdt_double_exponential,0.043595990120877066,NA,0.050051866257682626,0.761795052843296,0.9311930545555789,3.99,3.99,calibrated_open_loop_hold
up,2.02,0.9948607823909583,fopdt_double_exponential,0.043595990120877066,NA,0.050051866257682626,0.761795052843296,0.9311930545555789,3.99,3.99,calibrated_open_loop_hold
up,2.0300000000000002,0.9949278034844736,fopdt_double_exponential,0.043595990120877066,NA,0.050051866257682626,0.761795052843296,0.9311930545555789,3.99,3.99,calibrated_open_loop_hold
up,2.04,0.9949939505486488,fopdt_double_exponential,0.043595990120877066,NA,0.050051866257682626,0.761795052843296,0.9311930545555789,3.99,3.99,calibrated_open_loop_hold
up,2.05,0.9950592349817952,fopdt_double_exponential,0.043595990120877066,NA,0.050051866257682626,0.761795052843296,0.9311930545555789,3.99,3.99,calibrated_open_loop_hold
up,2.06,0.9951236680335772,fopdt_double_exponential,0.043595990120877066,NA,0.050051866257682626,0.761795052843296,0.9311930545555789,3.99,3.99,calibrated_open_loop_hold
up,2.07,0.9951872608069516,fopdt_double_exponential,0.043595990120877066,NA,0.050051866257682626,0.761795052843296,0.9311930545555789,3.99,3.99,calibrated_open_loop_hold
up,2.08,0.9952500242600801,fopdt_double_exponential,0.043595990120877066,NA,0.050051866257682626,0.761795052843296,0.9311930545555789,3.99,3.99,calibrated_open_loop_hold
up,2.09,0.995311969208218,fopdt_double_exponential,0.043595990120877066,NA,0.050051866257682626,0.761795052843296,0.9311930545555789,3.99,3.99,calibrated_open_loop_hold
up,2.1,0.9953731063255773,fopdt_double_exponential,0.043595990120877066,NA,0.050051866257682626,0.761795052843296,0.9311930545555789,3.99,3.99,calibrated_open_loop_hold
up,2.11,0.9954334461471668,fopdt_double_exponential,0.043595990120877066,NA,0.050051866257682626,0.761795052843296,0.9311930545555789,3.99,3.99,calibrated_open_loop_hold
up,2.12,0.995492999070607,fopdt_double_exponential,0.043595990120877066,NA,0.050051866257682626,0.761795052843296,0.9311930545555789,3.99,3.99,calibrated_open_loop_hold
up,2.13,0.9955517753579218,fopdt_double_exponential,0.043595990120877066,NA,0.050051866257682626,0.761795052843296,0.9311930545555789,3.99,3.99,calibrated_open_loop_hold
up,2.14,0.9956097851373072,fopdt_double_exponential,0.043595990120877066,NA,0.050051866257682626,0.761795052843296,0.9311930545555789,3.99,3.99,calibrated_open_loop_hold
up,2.15,0.9956670384048761,fopdt_double_exponential,0.043595990120877066,NA,0.050051866257682626,0.761795052843296,0.9311930545555789,3.99,3.99,calibrated_open_loop_hold
up,2.16,0.995723545026381,fopdt_double_exponential,0.043595990120877066,NA,0.050051866257682626,0.761795052843296,0.9311930545555789,3.99,3.99,calibrated_open_loop_hold
up,2.17,0.9957793147389141,fopdt_double_exponential,0.043595990120877066,NA,0.050051866257682626,0.761795052843296,0.9311930545555789,3.99,3.99,calibrated_open_loop_hold
up,2.18,0.9958343571525852,fopdt_double_exponential,0.043595990120877066,NA,0.050051866257682626,0.761795052843296,0.9311930545555789,3.99,3.99,calibrated_open_loop_hold
up,2.19,0.9958886817521773,fopdt_double_exponential,0.043595990120877066,NA,0.050051866257682626,0.761795052843296,0.9311930545555789,3.99,3.99,calibrated_open_loop_hold
up,2.2,0.9959422978987819,fopdt_double_exponential,0.043595990120877066,NA,0.050051866257682626,0.761795052843296,0.9311930545555789,3.99,3.99,calibrated_open_loop_hold
up,2.21,0.9959952148314107,fopdt_double_exponential,0.043595990120877066,NA,0.050051866257682626,0.761795052843296,0.9311930545555789,3.99,3.99,calibrated_open_loop_hold
up,2.22,0.9960474416685894,fopdt_double_exponential,0.043595990120877066,NA,0.050051866257682626,0.761795052843296,0.9311930545555789,3.99,3.99,calibrated_open_loop_hold
up,2.23,0.9960989874099273,fopdt_double_exponential,0.043595990120877066,NA,0.050051866257682626,0.761795052843296,0.9311930545555789,3.99,3.99,calibrated_open_loop_hold
up,2.24,0.9961498609376689,fopdt_double_exponential,0.043595990120877066,NA,0.050051866257682626,0.761795052843296,0.9311930545555789,3.99,3.99,calibrated_open_loop_hold
up,2.25,0.9962000710182247,fopdt_double_exponential,0.043595990120877066,NA,0.050051866257682626,0.761795052843296,0.9311930545555789,3.99,3.99,calibrated_open_loop_hold
up,2.2600000000000002,0.9962496263036813,fopdt_double_exponential,0.043595990120877066,NA,0.050051866257682626,0.761795052843296,0.9311930545555789,3.99,3.99,calibrated_open_loop_hold
up,2.27,0.9962985353332924,fopdt_double_exponential,0.043595990120877066,NA,0.050051866257682626,0.761795052843296,0.9311930545555789,3.99,3.99,calibrated_open_loop_hold
up,2.2800000000000002,0.9963468065349506,fopdt_double_exponential,0.043595990120877066,NA,0.050051866257682626,0.761795052843296,0.9311930545555789,3.99,3.99,calibrated_open_loop_hold
up,2.29,0.9963944482266393,fopdt_double_exponential,0.043595990120877066,NA,0.050051866257682626,0.761795052843296,0.9311930545555789,3.99,3.99,calibrated_open_loop_hold
up,2.3000000000000003,0.996441468617866,fopdt_double_exponential,0.043595990120877066,NA,0.050051866257682626,0.761795052843296,0.9311930545555789,3.99,3.99,calibrated_open_loop_hold
up,2.31,0.9964878758110777,fopdt_double_exponential,0.043595990120877066,NA,0.050051866257682626,0.761795052843296,0.9311930545555789,3.99,3.99,calibrated_open_loop_hold
up,2.32,0.9965336778030558,fopdt_double_exponential,0.043595990120877066,NA,0.050051866257682626,0.761795052843296,0.9311930545555789,3.99,3.99,calibrated_open_loop_hold
up,2.33,0.9965788824862953,fopdt_double_exponential,0.043595990120877066,NA,0.050051866257682626,0.761795052843296,0.9311930545555789,3.99,3.99,calibrated_open_loop_hold
up,2.34,0.9966234976503643,fopdt_double_exponential,0.043595990120877066,NA,0.050051866257682626,0.761795052843296,0.9311930545555789,3.99,3.99,calibrated_open_loop_hold
up,2.35,0.9966675309832459,fopdt_double_exponential,0.043595990120877066,NA,0.050051866257682626,0.761795052843296,0.9311930545555789,3.99,3.99,calibrated_open_loop_hold
up,2.36,0.9967109900726637,fopdt_double_exponential,0.043595990120877066,NA,0.050051866257682626,0.761795052843296,0.9311930545555789,3.99,3.99,calibrated_open_loop_hold
up,2.37,0.9967538824073889,fopdt_double_exponential,0.043595990120877066,NA,0.050051866257682626,0.761795052843296,0.9311930545555789,3.99,3.99,calibrated_open_loop_hold
up,2.38,0.996796215378531,fopdt_double_exponential,0.043595990120877066,NA,0.050051866257682626,0.761795052843296,0.9311930545555789,3.99,3.99,calibrated_open_loop_hold
up,2.39,0.9968379962808109,fopdt_double_exponential,0.043595990120877066,NA,0.050051866257682626,0.761795052843296,0.9311930545555789,3.99,3.99,calibrated_open_loop_hold
up,2.4,0.9968792323138186,fopdt_double_exponential,0.043595990120877066,NA,0.050051866257682626,0.761795052843296,0.9311930545555789,3.99,3.99,calibrated_open_loop_hold
up,2.41,0.996919930583253,fopdt_double_exponential,0.043595990120877066,NA,0.050051866257682626,0.761795052843296,0.9311930545555789,3.99,3.99,calibrated_open_loop_hold
up,2.42,0.9969600981021475,fopdt_double_exponential,0.043595990120877066,NA,0.050051866257682626,0.761795052843296,0.9311930545555789,3.99,3.99,calibrated_open_loop_hold
up,2.43,0.9969997417920771,fopdt_double_exponential,0.043595990120877066,NA,0.050051866257682626,0.761795052843296,0.9311930545555789,3.99,3.99,calibrated_open_loop_hold
up,2.44,0.9970388684843521,fopdt_double_exponential,0.043595990120877066,NA,0.050051866257682626,0.761795052843296,0.9311930545555789,3.99,3.99,calibrated_open_loop_hold
up,2.45,0.9970774849211951,fopdt_double_exponential,0.043595990120877066,NA,0.050051866257682626,0.761795052843296,0.9311930545555789,3.99,3.99,calibrated_open_loop_hold
up,2.46,0.9971155977569022,fopdt_double_exponential,0.043595990120877066,NA,0.050051866257682626,0.761795052843296,0.9311930545555789,3.99,3.99,calibrated_open_loop_hold
up,2.47,0.9971532135589906,fopdt_double_exponential,0.043595990120877066,NA,0.050051866257682626,0.761795052843296,0.9311930545555789,3.99,3.99,calibrated_open_loop_hold
up,2.48,0.9971903388093293,fopdt_double_exponential,0.043595990120877066,NA,0.050051866257682626,0.761795052843296,0.9311930545555789,3.99,3.99,calibrated_open_loop_hold
up,2.49,0.9972269799052571,fopdt_double_exponential,0.043595990120877066,NA,0.050051866257682626,0.761795052843296,0.9311930545555789,3.99,3.99,calibrated_open_loop_hold
up,2.5,0.9972631431606839,fopdt_double_exponential,0.043595990120877066,NA,0.050051866257682626,0.761795052843296,0.9311930545555789,3.99,3.99,calibrated_open_loop_hold
up,2.5100000000000002,0.9972988348071795,fopdt_double_exponential,0.043595990120877066,NA,0.050051866257682626,0.761795052843296,0.9311930545555789,3.99,3.99,calibrated_open_loop_hold
up,2.52,0.9973340609950471,fopdt_double_exponential,0.043595990120877066,NA,0.050051866257682626,0.761795052843296,0.9311930545555789,3.99,3.99,calibrated_open_loop_hold
up,2.5300000000000002,0.9973688277943831,fopdt_double_exponential,0.043595990120877066,NA,0.050051866257682626,0.761795052843296,0.9311930545555789,3.99,3.99,calibrated_open_loop_hold
up,2.54,0.9974031411961229,fopdt_double_exponential,0.043595990120877066,NA,0.050051866257682626,0.761795052843296,0.9311930545555789,3.99,3.99,calibrated_open_loop_hold
up,2.5500000000000003,0.9974370071130739,fopdt_double_exponential,0.043595990120877066,NA,0.050051866257682626,0.761795052843296,0.9311930545555789,3.99,3.99,calibrated_open_loop_hold
up,2.56,0.9974704313809336,fopdt_double_exponential,0.043595990120877066,NA,0.050051866257682626,0.761795052843296,0.9311930545555789,3.99,3.99,calibrated_open_loop_hold
up,2.57,0.9975034197592957,fopdt_double_exponential,0.043595990120877066,NA,0.050051866257682626,0.761795052843296,0.9311930545555789,3.99,3.99,calibrated_open_loop_hold
up,2.58,0.9975359779326423,fopdt_double_exponential,0.043595990120877066,NA,0.050051866257682626,0.761795052843296,0.9311930545555789,3.99,3.99,calibrated_open_loop_hold
up,2.59,0.9975681115113235,fopdt_double_exponential,0.043595990120877066,NA,0.050051866257682626,0.761795052843296,0.9311930545555789,3.99,3.99,calibrated_open_loop_hold
up,2.6,0.9975998260325245,fopdt_double_exponential,0.043595990120877066,NA,0.050051866257682626,0.761795052843296,0.9311930545555789,3.99,3.99,calibrated_open_loop_hold
up,2.61,0.99763112696121925,fopdt_double_exponential,0.043595990120877066,NA,0.050051866257682626,0.761795052843296,0.9311930545555789,3.99,3.99,calibrated_open_loop_hold
up,2.62,0.9976620196911125,fopdt_double_exponential,0.043595990120877066,NA,0.050051866257682626,0.761795052843296,0.9311930545555789,3.99,3.99,calibrated_open_loop_hold
up,2.63,0.9976925095455688,fopdt_double_exponential,0.043595990120877066,NA,0.050051866257682626,0.761795052843296,0.9311930545555789,3.99,3.99,calibrated_open_loop_hold
up,2.64,0.9977226017785304,fopdt_double_exponential,0.043595990120877066,NA,0.050051866257682626,0.761795052843296,0.9311930545555789,3.99,3.99,calibrated_open_loop_hold
up,2.65,0.9977523015754226,fopdt_double_exponential,0.043595990120877066,NA,0.050051866257682626,0.761795052843296,0.9311930545555789,3.99,3.99,calibrated_open_loop_hold
up,2.66,0.9977816140540464,fopdt_double_exponential,0.043595990120877066,NA,0.050051866257682626,0.761795052843296,0.9311930545555789,3.99,3.99,calibrated_open_loop_hold
up,2.67,0.9978105442654613,fopdt_double_exponential,0.043595990120877066,NA,0.050051866257682626,0.761795052843296,0.9311930545555789,3.99,3.99,calibrated_open_loop_hold
up,2.68,0.9978390971948555,fopdt_double_exponential,0.043595990120877066,NA,0.050051866257682626,0.761795052843296,0.9311930545555789,3.99,3.99,calibrated_open_loop_hold
up,2.69,0.9978672777624046,fopdt_double_exponential,0.043595990120877066,NA,0.050051866257682626,0.761795052843296,0.9311930545555789,3.99,3.99,calibrated_open_loop_hold
up,2.7,0.9978950908241199,fopdt_double_exponential,0.043595990120877066,NA,0.050051866257682626,0.761795052843296,0.9311930545555789,3.99,3.99,calibrated_open_loop_hold
up,2.71,0.9979225411726845,fopdt_double_exponential,0.043595990120877066,NA,0.050051866257682626,0.761795052843296,0.9311930545555789,3.99,3.99,calibrated_open_loop_hold
up,2.72,0.9979496335382803,fopdt_double_exponential,0.043595990120877066,NA,0.050051866257682626,0.761795052843296,0.9311930545555789,3.99,3.99,calibrated_open_loop_hold
up,2.73,0.9979763725894015,fopdt_double_exponential,0.043595990120877066,NA,0.050051866257682626,0.761795052843296,0.9311930545555789,3.99,3.99,calibrated_open_loop_hold
up,2.74,0.9980027629336609,fopdt_double_exponential,0.043595990120877066,NA,0.050051866257682626,0.761795052843296,0.9311930545555789,3.99,3.99,calibrated_open_loop_hold
up,2.75,0.998028809118582,fopdt_double_exponential,0.043595990120877066,NA,0.050051866257682626,0.761795052843296,0.9311930545555789,3.99,3.99,calibrated_open_loop_hold
up,2.7600000000000002,0.9980545156323845,fopdt_double_exponential,0.043595990120877066,NA,0.050051866257682626,0.761795052843296,0.9311930545555789,3.99,3.99,calibrated_open_loop_hold
up,2.77,0.9980798869047558,fopdt_double_exponential,0.043595990120877066,NA,0.050051866257682626,0.761795052843296,0.9311930545555789,3.99,3.99,calibrated_open_loop_hold
up,2.7800000000000002,0.9981049273076159,fopdt_double_exponential,0.043595990120877066,NA,0.050051866257682626,0.761795052843296,0.9311930545555789,3.99,3.99,calibrated_open_loop_hold
up,2.79,0.99812964115587,fopdt_double_exponential,0.043595990120877066,NA,0.050051866257682626,0.761795052843296,0.9311930545555789,3.99,3.99,calibrated_open_loop_hold
up,2.8000000000000003,0.9981540327081521,fopdt_double_exponential,0.043595990120877066,NA,0.050051866257682626,0.761795052843296,0.9311930545555789,3.99,3.99,calibrated_open_loop_hold
up,2.81,0.9981781061675588,fopdt_double_exponential,0.043595990120877066,NA,0.050051866257682626,0.761795052843296,0.9311930545555789,3.99,3.99,calibrated_open_loop_hold
up,2.82,0.9982018656823737,fopdt_double_exponential,0.043595990120877066,NA,0.050051866257682626,0.761795052843296,0.9311930545555789,3.99,3.99,calibrated_open_loop_hold
up,2.83,0.9982253153467823,fopdt_double_exponential,0.043595990120877066,NA,0.050051866257682626,0.761795052843296,0.9311930545555789,3.99,3.99,calibrated_open_loop_hold
up,2.84,0.9982484592015773,fopdt_double_exponential,0.043595990120877066,NA,0.050051866257682626,0.761795052843296,0.9311930545555789,3.99,3.99,calibrated_open_loop_hold
up,2.85,0.998271301234855,fopdt_double_exponential,0.043595990120877066,NA,0.050051866257682626,0.761795052843296,0.9311930545555789,3.99,3.99,calibrated_open_loop_hold
up,2.86,0.9982938453827025,fopdt_double_exponential,0.043595990120877066,NA,0.050051866257682626,0.761795052843296,0.9311930545555789,3.99,3.99,calibrated_open_loop_hold
up,2.87,0.998316095529876,fopdt_double_exponential,0.043595990120877066,NA,0.050051866257682626,0.761795052843296,0.9311930545555789,3.99,3.99,calibrated_open_loop_hold
up,2.88,0.9983380555104701,fopdt_double_exponential,0.043595990120877066,NA,0.050051866257682626,0.761795052843296,0.9311930545555789,3.99,3.99,calibrated_open_loop_hold
up,2.89,0.9983597291085784,fopdt_double_exponential,0.043595990120877066,NA,0.050051866257682626,0.761795052843296,0.9311930545555789,3.99,3.99,calibrated_open_loop_hold
up,2.9,0.9983811200589463,fopdt_double_exponential,0.043595990120877066,NA,0.050051866257682626,0.761795052843296,0.9311930545555789,3.99,3.99,calibrated_open_loop_hold
up,2.91,0.9984022320476134,fopdt_double_exponential,0.043595990120877066,NA,0.050051866257682626,0.761795052843296,0.9311930545555789,3.99,3.99,calibrated_open_loop_hold
up,2.92,0.9984230687125493,fopdt_double_exponential,0.043595990120877066,NA,0.050051866257682626,0.761795052843296,0.9311930545555789,3.99,3.99,calibrated_open_loop_hold
up,2.93,0.9984436336442809,fopdt_double_exponential,0.043595990120877066,NA,0.050051866257682626,0.761795052843296,0.9311930545555789,3.99,3.99,calibrated_open_loop_hold
up,2.94,0.9984639303865102,fopdt_double_exponential,0.043595990120877066,NA,0.050051866257682626,0.761795052843296,0.9311930545555789,3.99,3.99,calibrated_open_loop_hold
up,2.95,0.9984839624367254,fopdt_double_exponential,0.043595990120877066,NA,0.050051866257682626,0.761795052843296,0.9311930545555789,3.99,3.99,calibrated_open_loop_hold
up,2.96,0.9985037332468041,fopdt_double_exponential,0.043595990120877066,NA,0.050051866257682626,0.761795052843296,0.9311930545555789,3.99,3.99,calibrated_open_loop_hold
up,2.97,0.9985232462236069,fopdt_double_exponential,0.043595990120877066,NA,0.050051866257682626,0.761795052843296,0.9311930545555789,3.99,3.99,calibrated_open_loop_hold
up,2.98,0.9985425047295656,fopdt_double_exponential,0.043595990120877066,NA,0.050051866257682626,0.761795052843296,0.9311930545555789,3.99,3.99,calibrated_open_loop_hold
up,2.99,0.998561512083262,fopdt_double_exponential,0.043595990120877066,NA,0.050051866257682626,0.761795052843296,0.9311930545555789,3.99,3.99,calibrated_open_loop_hold
up,3,0.9985802715600001,fopdt_double_exponential,0.043595990120877066,NA,0.050051866257682626,0.761795052843296,0.9311930545555789,3.99,3.99,calibrated_open_loop_hold
up,3.0100000000000002,0.99859878639237,fopdt_double_exponential,0.043595990120877066,NA,0.050051866257682626,0.761795052843296,0.9311930545555789,3.99,3.99,calibrated_open_loop_hold
up,3.02,0.9986170597708054,fopdt_double_exponential,0.043595990120877066,NA,0.050051866257682626,0.761795052843296,0.9311930545555789,3.99,3.99,calibrated_open_loop_hold
up,3.0300000000000002,0.9986350948441333,fopdt_double_exponential,0.043595990120877066,NA,0.050051866257682626,0.761795052843296,0.9311930545555789,3.99,3.99,calibrated_open_loop_hold
up,3.04,0.9986528947201163,fopdt_double_exponential,0.043595990120877066,NA,0.050051866257682626,0.761795052843296,0.9311930545555789,3.99,3.99,calibrated_open_loop_hold
up,3.0500000000000003,0.9986704624659887,fopdt_double_exponential,0.043595990120877066,NA,0.050051866257682626,0.761795052843296,0.9311930545555789,3.99,3.99,calibrated_open_loop_hold
up,3.06,0.9986878011089841,fopdt_double_exponential,0.043595990120877066,NA,0.050051866257682626,0.761795052843296,0.9311930545555789,3.99,3.99,calibrated_open_loop_hold
up,3.0700000000000003,0.9987049136368582,fopdt_double_exponential,0.043595990120877066,NA,0.050051866257682626,0.761795052843296,0.9311930545555789,3.99,3.99,calibrated_open_loop_hold
up,3.08,0.9987218029984026,fopdt_double_exponential,0.043595990120877066,NA,0.050051866257682626,0.761795052843296,0.9311930545555789,3.99,3.99,calibrated_open_loop_hold
up,3.09,0.9987384721039537,fopdt_double_exponential,0.043595990120877066,NA,0.050051866257682626,0.761795052843296,0.9311930545555789,3.99,3.99,calibrated_open_loop_hold
up,3.1,0.9987549238258937,fopdt_double_exponential,0.043595990120877066,NA,0.050051866257682626,0.761795052843296,0.9311930545555789,3.99,3.99,calibrated_open_loop_hold
up,3.11,0.9987711609991459,fopdt_double_exponential,0.043595990120877066,NA,0.050051866257682626,0.761795052843296,0.9311930545555789,3.99,3.99,calibrated_open_loop_hold
up,3.12,0.9987871864216629,fopdt_double_exponential,0.043595990120877066,NA,0.050051866257682626,0.761795052843296,0.9311930545555789,3.99,3.99,calibrated_open_loop_hold
up,3.13,0.998803002854909,fopdt_double_exponential,0.043595990120877066,NA,0.050051866257682626,0.761795052843296,0.9311930545555789,3.99,3.99,calibrated_open_loop_hold
up,3.14,0.9988186130243358,fopdt_double_exponential,0.043595990120877066,NA,0.050051866257682626,0.761795052843296,0.9311930545555789,3.99,3.99,calibrated_open_loop_hold
up,3.15,0.9988340196198523,fopdt_double_exponential,0.043595990120877066,NA,0.050051866257682626,0.761795052843296,0.9311930545555789,3.99,3.99,calibrated_open_loop_hold
up,3.16,0.9988492252962878,fopdt_double_exponential,0.043595990120877066,NA,0.050051866257682626,0.761795052843296,0.9311930545555789,3.99,3.99,calibrated_open_loop_hold
up,3.17,0.9988642326738499,fopdt_double_exponential,0.043595990120877066,NA,0.050051866257682626,0.761795052843296,0.9311930545555789,3.99,3.99,calibrated_open_loop_hold
up,3.18,0.9988790443385757,fopdt_double_exponential,0.043595990120877066,NA,0.050051866257682626,0.761795052843296,0.9311930545555789,3.99,3.99,calibrated_open_loop_hold
up,3.19,0.9988936628427774,fopdt_double_exponential,0.043595990120877066,NA,0.050051866257682626,0.761795052843296,0.9311930545555789,3.99,3.99,calibrated_open_loop_hold
up,3.2,0.9989080907054823,fopdt_double_exponential,0.043595990120877066,NA,0.050051866257682626,0.761795052843296,0.9311930545555789,3.99,3.99,calibrated_open_loop_hold
up,3.21,0.9989223304128667,fopdt_double_exponential,0.043595990120877066,NA,0.050051866257682626,0.761795052843296,0.9311930545555789,3.99,3.99,calibrated_open_loop_hold
up,3.22,0.9989363844186848,fopdt_double_exponential,0.043595990120877066,NA,0.050051866257682626,0.761795052843296,0.9311930545555789,3.99,3.99,calibrated_open_loop_hold
up,3.23,0.9989502551446907,fopdt_double_exponential,0.043595990120877066,NA,0.050051866257682626,0.761795052843296,0.9311930545555789,3.99,3.99,calibrated_open_loop_hold
up,3.24,0.9989639449810563,fopdt_double_exponential,0.043595990120877066,NA,0.050051866257682626,0.761795052843296,0.9311930545555789,3.99,3.99,calibrated_open_loop_hold
up,3.25,0.998977456286783,fopdt_double_exponential,0.043595990120877066,NA,0.050051866257682626,0.761795052843296,0.9311930545555789,3.99,3.99,calibrated_open_loop_hold
up,3.2600000000000002,0.9989907913901082,fopdt_double_exponential,0.043595990120877066,NA,0.050051866257682626,0.761795052843296,0.9311930545555789,3.99,3.99,calibrated_open_loop_hold
up,3.27,0.9990039525889064,fopdt_double_exponential,0.043595990120877066,NA,0.050051866257682626,0.761795052843296,0.9311930545555789,3.99,3.99,calibrated_open_loop_hold
up,3.2800000000000002,0.9990169421510856,fopdt_double_exponential,0.043595990120877066,NA,0.050051866257682626,0.761795052843296,0.9311930545555789,3.99,3.99,calibrated_open_loop_hold
up,3.29,0.9990297623149773,fopdt_double_exponential,0.043595990120877066,NA,0.050051866257682626,0.761795052843296,0.9311930545555789,3.99,3.99,calibrated_open_loop_hold
up,3.3000000000000003,0.999042415289723,fopdt_double_exponential,0.043595990120877066,NA,0.050051866257682626,0.761795052843296,0.9311930545555789,3.99,3.99,calibrated_open_loop_hold
up,3.31,0.9990549032556545,fopdt_double_exponential,0.043595990120877066,NA,0.050051866257682626,0.761795052843296,0.9311930545555789,3.99,3.99,calibrated_open_loop_hold
up,3.3200000000000003,0.9990672283646697,fopdt_double_exponential,0.043595990120877066,NA,0.050051866257682626,0.761795052843296,0.9311930545555789,3.99,3.99,calibrated_open_loop_hold
up,3.33,0.9990793927406031,fopdt_double_exponential,0.043595990120877066,NA,0.050051866257682626,0.761795052843296,0.9311930545555789,3.99,3.99,calibrated_open_loop_hold
up,3.34,0.9990913984795923,fopdt_double_exponential,0.043595990120877066,NA,0.050051866257682626,0.761795052843296,0.9311930545555789,3.99,3.99,calibrated_open_loop_hold
up,3.35,0.9991032476504389,fopdt_double_exponential,0.043595990120877066,NA,0.050051866257682626,0.761795052843296,0.9311930545555789,3.99,3.99,calibrated_open_loop_hold
up,3.36,0.999114942294965,fopdt_double_exponential,0.043595990120877066,NA,0.050051866257682626,0.761795052843296,0.9311930545555789,3.99,3.99,calibrated_open_loop_hold
up,3.37,0.9991264844283652,fopdt_double_exponential,0.043595990120877066,NA,0.050051866257682626,0.761795052843296,0.9311930545555789,3.99,3.99,calibrated_open_loop_hold
up,3.38,0.9991378760395533,fopdt_double_exponential,0.043595990120877066,NA,0.050051866257682626,0.761795052843296,0.9311930545555789,3.99,3.99,calibrated_open_loop_hold
up,3.39,0.999149119091506,fopdt_double_exponential,0.043595990120877066,NA,0.050051866257682626,0.761795052843296,0.9311930545555789,3.99,3.99,calibrated_open_loop_hold
up,3.4,0.9991602155216004,fopdt_double_exponential,0.043595990120877066,NA,0.050051866257682626,0.761795052843296,0.9311930545555789,3.99,3.99,calibrated_open_loop_hold
up,3.41,0.999171167241948,fopdt_double_exponential,0.043595990120877066,NA,0.050051866257682626,0.761795052843296,0.9311930545555789,3.99,3.99,calibrated_open_loop_hold
up,3.42,0.9991819761397243,fopdt_double_exponential,0.043595990120877066,NA,0.050051866257682626,0.761795052843296,0.9311930545555789,3.99,3.99,calibrated_open_loop_hold
up,3.43,0.9991926440774938,fopdt_double_exponential,0.043595990120877066,NA,0.050051866257682626,0.761795052843296,0.9311930545555789,3.99,3.99,calibrated_open_loop_hold
up,3.44,0.9992031728935313,fopdt_double_exponential,0.043595990120877066,NA,0.050051866257682626,0.761795052843296,0.9311930545555789,3.99,3.99,calibrated_open_loop_hold
up,3.45,0.9992135644021385,fopdt_double_exponential,0.043595990120877066,NA,0.050051866257682626,0.761795052843296,0.9311930545555789,3.99,3.99,calibrated_open_loop_hold
up,3.46,0.9992238203939562,fopdt_double_exponential,0.043595990120877066,NA,0.050051866257682626,0.761795052843296,0.9311930545555789,3.99,3.99,calibrated_open_loop_hold
up,3.47,0.9992339426362739,fopdt_double_exponential,0.043595990120877066,NA,0.050051866257682626,0.761795052843296,0.9311930545555789,3.99,3.99,calibrated_open_loop_hold
up,3.48,0.9992439328733329,fopdt_double_exponential,0.043595990120877066,NA,0.050051866257682626,0.761795052843296,0.9311930545555789,3.99,3.99,calibrated_open_loop_hold
up,3.49,0.9992537928266283,fopdt_double_exponential,0.043595990120877066,NA,0.050051866257682626,0.761795052843296,0.9311930545555789,3.99,3.99,calibrated_open_loop_hold
up,3.5,0.9992635241952048,fopdt_double_exponential,0.043595990120877066,NA,0.050051866257682626,0.761795052843296,0.9311930545555789,3.99,3.99,calibrated_open_loop_hold
up,3.5100000000000002,0.9992731286559496,fopdt_double_exponential,0.043595990120877066,NA,0.050051866257682626,0.761795052843296,0.9311930545555789,3.99,3.99,calibrated_open_loop_hold
up,3.52,0.9992826078638815,fopdt_double_exponential,0.043595990120877066,NA,0.050051866257682626,0.761795052843296,0.9311930545555789,3.99,3.99,calibrated_open_loop_hold
up,3.5300000000000002,0.9992919634524359,fopdt_double_exponential,0.043595990120877066,NA,0.050051866257682626,0.761795052843296,0.9311930545555789,3.99,3.99,calibrated_open_loop_hold
up,3.54,0.9993011970337466,fopdt_double_exponential,0.043595990120877066,NA,0.050051866257682626,0.761795052843296,0.9311930545555789,3.99,3.99,calibrated_open_loop_hold
up,3.5500000000000003,0.9993103101989234,fopdt_double_exponential,0.043595990120877066,NA,0.050051866257682626,0.761795052843296,0.9311930545555789,3.99,3.99,calibrated_open_loop_hold
up,3.56,0.9993193045183258,fopdt_double_exponential,0.043595990120877066,NA,0.050051866257682626,0.761795052843296,0.9311930545555789,3.99,3.99,calibrated_open_loop_hold
up,3.5700000000000003,0.9993281815418347,fopdt_double_exponential,0.043595990120877066,NA,0.050051866257682626,0.761795052843296,0.9311930545555789,3.99,3.99,calibrated_open_loop_hold
up,3.58,0.9993369427991184,fopdt_double_exponential,0.043595990120877066,NA,0.050051866257682626,0.761795052843296,0.9311930545555789,3.99,3.99,calibrated_open_loop_hold
up,3.59,0.999345589799897,fopdt_double_exponential,0.043595990120877066,NA,0.050051866257682626,0.761795052843296,0.9311930545555789,3.99,3.99,calibrated_open_loop_hold
up,3.6,0.9993541240342017,fopdt_double_exponential,0.043595990120877066,NA,0.050051866257682626,0.761795052843296,0.9311930545555789,3.99,3.99,calibrated_open_loop_hold
up,3.61,0.9993625469726324,fopdt_double_exponential,0.043595990120877066,NA,0.050051866257682626,0.761795052843296,0.9311930545555789,3.99,3.99,calibrated_open_loop_hold
up,3.62,0.9993708600666107,fopdt_double_exponential,0.043595990120877066,NA,0.050051866257682626,0.761795052843296,0.9311930545555789,3.99,3.99,calibrated_open_loop_hold
up,3.63,0.99937906474863,fopdt_double_exponential,0.043595990120877066,NA,0.050051866257682626,0.761795052843296,0.9311930545555789,3.99,3.99,calibrated_open_loop_hold
up,3.64,0.9993871624325023,fopdt_double_exponential,0.043595990120877066,NA,0.050051866257682626,0.761795052843296,0.9311930545555789,3.99,3.99,calibrated_open_loop_hold
up,3.65,0.9993951545136021,fopdt_double_exponential,0.043595990120877066,NA,0.050051866257682626,0.761795052843296,0.9311930545555789,3.99,3.99,calibrated_open_loop_hold
up,3.66,0.9994030423691066,fopdt_double_exponential,0.043595990120877066,NA,0.050051866257682626,0.761795052843296,0.9311930545555789,3.99,3.99,calibrated_open_loop_hold
up,3.67,0.9994108273582331,fopdt_double_exponential,0.043595990120877066,NA,0.050051866257682626,0.761795052843296,0.9311930545555789,3.99,3.99,calibrated_open_loop_hold
up,3.68,0.999418510822473,fopdt_double_exponential,0.043595990120877066,NA,0.050051866257682626,0.761795052843296,0.9311930545555789,3.99,3.99,calibrated_open_loop_hold
up,3.69,0.9994260940858236,fopdt_double_exponential,0.043595990120877066,NA,0.050051866257682626,0.761795052843296,0.9311930545555789,3.99,3.99,calibrated_open_loop_hold
up,3.7,0.9994335784550153,fopdt_double_exponential,0.043595990120877066,NA,0.050051866257682626,0.761795052843296,0.9311930545555789,3.99,3.99,calibrated_open_loop_hold
up,3.71,0.9994409652197378,fopdt_double_exponential,0.043595990120877066,NA,0.050051866257682626,0.761795052843296,0.9311930545555789,3.99,3.99,calibrated_open_loop_hold
up,3.72,0.9994482556528614,fopdt_double_exponential,0.043595990120877066,NA,0.050051866257682626,0.761795052843296,0.9311930545555789,3.99,3.99,calibrated_open_loop_hold
up,3.73,0.999455451010657,fopdt_double_exponential,0.043595990120877066,NA,0.050051866257682626,0.761795052843296,0.9311930545555789,3.99,3.99,calibrated_open_loop_hold
up,3.74,0.9994625525330121,fopdt_double_exponential,0.043595990120877066,NA,0.050051866257682626,0.761795052843296,0.9311930545555789,3.99,3.99,calibrated_open_loop_hold
up,3.75,0.999469561443645,fopdt_double_exponential,0.043595990120877066,NA,0.050051866257682626,0.761795052843296,0.9311930545555789,3.99,3.99,calibrated_open_loop_hold
up,3.7600000000000002,0.9994764789503151,fopdt_double_exponential,0.043595990120877066,NA,0.050051866257682626,0.761795052843296,0.9311930545555789,3.99,3.99,calibrated_open_loop_hold
up,3.77,0.9994833062450313,fopdt_double_exponential,0.043595990120877066,NA,0.050051866257682626,0.761795052843296,0.9311930545555789,3.99,3.99,calibrated_open_loop_hold
up,3.7800000000000002,0.9994900445042577,fopdt_double_exponential,0.043595990120877066,NA,0.050051866257682626,0.761795052843296,0.9311930545555789,3.99,3.99,calibrated_open_loop_hold
up,3.79,0.9994966948891157,fopdt_double_exponential,0.043595990120877066,NA,0.050051866257682626,0.761795052843296,0.9311930545555789,3.99,3.99,calibrated_open_loop_hold
up,3.8000000000000003,0.9995032585455843,fopdt_double_exponential,0.043595990120877066,NA,0.050051866257682626,0.761795052843296,0.9311930545555789,3.99,3.99,calibrated_open_loop_hold
up,3.81,0.999509736604698,fopdt_double_exponential,0.043595990120877066,NA,0.050051866257682626,0.761795052843296,0.9311930545555789,3.99,3.99,calibrated_open_loop_hold
up,3.8200000000000003,0.9995161301827411,fopdt_double_exponential,0.043595990120877066,NA,0.050051866257682626,0.761795052843296,0.9311930545555789,3.99,3.99,calibrated_open_loop_hold
up,3.83,0.9995224403814403,fopdt_double_exponential,0.043595990120877066,NA,0.050051866257682626,0.761795052843296,0.9311930545555789,3.99,3.99,calibrated_open_loop_hold
up,3.84,0.9995286682881549,fopdt_double_exponential,0.043595990120877066,NA,0.050051866257682626,0.761795052843296,0.9311930545555789,3.99,3.99,calibrated_open_loop_hold
up,3.85,0.9995348149760633,fopdt_double_exponential,0.043595990120877066,NA,0.050051866257682626,0.761795052843296,0.9311930545555789,3.99,3.99,calibrated_open_loop_hold
up,3.86,0.9995408815043489,fopdt_double_exponential,0.043595990120877066,NA,0.050051866257682626,0.761795052843296,0.9311930545555789,3.99,3.99,calibrated_open_loop_hold
up,3.87,0.9995468689183821,fopdt_double_exponential,0.043595990120877066,NA,0.050051866257682626,0.761795052843296,0.9311930545555789,3.99,3.99,calibrated_open_loop_hold
up,3.88,0.9995527782499002,fopdt_double_exponential,0.043595990120877066,NA,0.050051866257682626,0.761795052843296,0.9311930545555789,3.99,3.99,calibrated_open_loop_hold
up,3.89,0.999558610517186,fopdt_double_exponential,0.043595990120877066,NA,0.050051866257682626,0.761795052843296,0.9311930545555789,3.99,3.99,calibrated_open_loop_hold
up,3.9,0.9995643667252423,fopdt_double_exponential,0.043595990120877066,NA,0.050051866257682626,0.761795052843296,0.9311930545555789,3.99,3.99,calibrated_open_loop_hold
up,3.91,0.9995700478659658,fopdt_double_exponential,0.043595990120877066,NA,0.050051866257682626,0.761795052843296,0.9311930545555789,3.99,3.99,calibrated_open_loop_hold
up,3.92,0.9995756549183178,fopdt_double_exponential,0.043595990120877066,NA,0.050051866257682626,0.761795052843296,0.9311930545555789,3.99,3.99,calibrated_open_loop_hold
up,3.93,0.9995811888484928,fopdt_double_exponential,0.043595990120877066,NA,0.050051866257682626,0.761795052843296,0.9311930545555789,3.99,3.99,calibrated_open_loop_hold
up,3.94,0.9995866506100849,fopdt_double_exponential,0.043595990120877066,NA,0.050051866257682626,0.761795052843296,0.9311930545555789,3.99,3.99,calibrated_open_loop_hold
up,3.95,0.9995920411442524,fopdt_double_exponential,0.043595990120877066,NA,0.050051866257682626,0.761795052843296,0.9311930545555789,3.99,3.99,calibrated_open_loop_hold
up,3.96,0.99959736137988,fopdt_double_exponential,0.043595990120877066,NA,0.050051866257682626,0.761795052843296,0.9311930545555789,3.99,3.99,calibrated_open_loop_hold
up,3.97,0.9996026122337385,fopdt_double_exponential,0.043595990120877066,NA,0.050051866257682626,0.761795052843296,0.9311930545555789,3.99,3.99,calibrated_open_loop_hold
up,3.98,0.999607794610643,fopdt_double_exponential,0.043595990120877066,NA,0.050051866257682626,0.761795052843296,0.9311930545555789,3.99,3.99,calibrated_open_loop_hold
up,3.99,0.9996129094036089,fopdt_double_exponential,0.043595990120877066,NA,0.050051866257682626,0.761795052843296,0.9311930545555789,3.99,3.99,calibrated_open_loop_hold
