branch,time_since_step_s,elapsed_after_creep_start_s,creep_fraction,selected_model,pressure_plateau_start_s,calibrated_horizon_s,runtime_horizon_s,interval
down,0,0,0,single_exponential,2.2,3.99,3.99,pre_pressure_plateau_no_correction
down,0.01,0,0,single_exponential,2.2,3.99,3.99,pre_pressure_plateau_no_correction
down,0.02,0,0,single_exponential,2.2,3.99,3.99,pre_pressure_plateau_no_correction
down,0.03,0,0,single_exponential,2.2,3.99,3.99,pre_pressure_plateau_no_correction
down,0.04,0,0,single_exponential,2.2,3.99,3.99,pre_pressure_plateau_no_correction
down,0.05,0,0,single_exponential,2.2,3.99,3.99,pre_pressure_plateau_no_correction
down,0.06,0,0,single_exponential,2.2,3.99,3.99,pre_pressure_plateau_no_correction
down,0.07,0,0,single_exponential,2.2,3.99,3.99,pre_pressure_plateau_no_correction
down,0.08,0,0,single_exponential,2.2,3.99,3.99,pre_pressure_plateau_no_correction
down,0.09,0,0,single_exponential,2.2,3.99,3.99,pre_pressure_plateau_no_correction
down,0.1,0,0,single_exponential,2.2,3.99,3.99,pre_pressure_plateau_no_correction
down,0.11,0,0,single_exponential,2.2,3.99,3.99,pre_pressure_plateau_no_correction
down,0.12,0,0,single_exponential,2.2,3.99,3.99,pre_pressure_plateau_no_correction
down,0.13,0,0,single_exponential,2.2,3.99,3.99,pre_pressure_plateau_no_correction
down,0.14,0,0,single_exponential,2.2,3.99,3.99,pre_pressure_plateau_no_correction
down,0.15,0,0,single_exponential,2.2,3.99,3.99,pre_pressure_plateau_no_correction
down,0.16,0,0,single_exponential,2.2,3.99,3.99,pre_pressure_plateau_no_correction
down,0.17,0,0,single_exponential,2.2,3.99,3.99,pre_pressure_plateau_no_correction
down,0.18,0,0,single_exponential,2.2,3.99,3.99,pre_pressure_plateau_no_correction
down,0.19,0,0,single_exponential,2.2,3.99,3.99,pre_pressure_plateau_no_correction
down,0.2,0,0,single_exponential,2.2,3.99,3.99,pre_pressure_plateau_no_correction
down,0.21,0,0,single_exponential,2.2,3.99,3.99,pre_pressure_plateau_no_correction
down,0.22,0,0,single_exponential,2.2,3.99,3.99,pre_pressure_plateau_no_correction
down,0.23,0,0,single_exponential,2.2,3.99,3.99,pre_pressure_plateau_no_correction
down,0.24,0,0,single_exponential,2.2,3.99,3.99,pre_pressure_plateau_no_correction
down,0.25,0,0,single_exponential,2.2,3.99,3.99,pre_pressure_plateau_no_correction
down,0.26,0,0,single_exponential,2.2,3.99,3.99,pre_pressure_plateau_no_correction
down,0.27,0,0,single_exponential,2.2,3.99,3.99,pre_pressure_plateau_no_correction
down,0.28,0,0,single_exponential,2.2,3.99,3.99,pre_pressure_plateau_no_correction
down,0.29,0,0,single_exponential,2.2,3.99,3.99,pre_pressure_plateau_no_correction
down,0.3,0,0,single_exponential,2.2,3.99,3.99,pre_pressure_plateau_no_correction
down,0.31,0,0,single_exponential,2.2,3.99,3.99,pre_pressure_plateau_no_correction
down,0.32,0,0,single_exponential,2.2,3.99,3.99,pre_pressure_plateau_no_correction
down,0.33,0,0,single_exponential,2.2,3.99,3.99,pre_pressure_plateau_no_correction
down,0.34,0,0,single_exponential,2.2,3.99,3.99,pre_pressure_plateau_no_correction
down,0.35000000000000003,0,0,single_exponential,2.2,3.99,3.99,pre_pressure_plateau_no_correction
down,0.36,0,0,single_exponential,2.2,3.99,3.99,pre_pressure_plateau_no_correction
down,0.37,0,0,single_exponential,2.2,3.99,3.99,pre_pressure_plateau_no_correction
down,0.38,0,0,single_exponential,2.2,3.99,3.99,pre_pressure_plateau_no_correction
down,0.39,0,0,single_exponential,2.2,3.99,3.99,pre_pressure_plateau_no_correction
down,0.4,0,0,single_exponential,2.2,3.99,3.99,pre_pressure_plateau_no_correction
down,0.41000000000000003,0,0,single_exponential,2.2,3.99,3.99,pre_pressure_plateau_no_correction
down,0.42,0,0,single_exponential,2.2,3.99,3.99,pre_pressure_plateau_no_correction
down,0.43,0,0,single_exponential,2.2,3.99,3.99,pre_pressure_plateau_no_correction
down,0.44,0,0,single_exponential,2.2,3.99,3.99,pre_pressure_plateau_no_correction
down,0.45,0,0,single_exponential,2.2,3.99,3.99,pre_pressure_plateau_no_correction
down,0.46,0,0,single_exponential,2.2,3.99,3.99,pre_pressure_plateau_no_correction
down,0.47000000000000003,0,0,single_exponential,2.2,3.99,3.99,pre_pressure_plateau_no_correction
down,0.48,0,0,single_exponential,2.2,3.99,3.99,pre_pressure_plateau_no_correction
down,0.49,0,0,single_exponential,2.2,3.99,3.99,pre_pressure_plateau_no_correction
down,0.5,0,0,single_exponential,2.2,3.99,3.99,pre_pressure_plateau_no_correction
down,0.51,0,0,single_exponential,2.2,3.99,3.99,pre_pressure_plateau_no_correction
down,0.52,0,0,single_exponential,2.2,3.99,3.99,pre_pressure_plateau_no_correction
down,0.53,0,0,single_exponential,2.2,3.99,3.99,pre_pressure_plateau_no_correction
down,0.54,0,0,single_exponential,2.2,3.99,3.99,pre_pressure_plateau_no_correction
down,0.55,0,0,single_exponential,2.2,3.99,3.99,pre_pressure_plateau_no_correction
down,0.56,0,0,single_exponential,2.2,3.99,3.99,pre_pressure_plateau_no_correction
down,0.5700000000000001,0,0,single_exponential,2.2,3.99,3.99,pre_pressure_plateau_no_correction
down,0.58,0,0,single_exponential,2.2,3.99,3.99,pre_pressure_plateau_no_correction
down,0.59,0,0,single_exponential,2.2,3.99,3.99,pre_pressure_plateau_no_correction
down,0.6,0,0,single_exponential,2.2,3.99,3.99,pre_pressure_plateau_no_correction
down,0.61,0,0,single_exponential,2.2,3.99,3.99,pre_pressure_plateau_no_correction
down,0.62,0,0,single_exponential,2.2,3.99,3.99,pre_pressure_plateau_no_correction
down,0.63,0,0,single_exponential,2.2,3.99,3.99,pre_pressure_plateau_no_correction
down,0.64,0,0,single_exponential,2.2,3.99,3.99,pre_pressure_plateau_no_correction
down,0.65,0,0,single_exponential,2.2,3.99,3.99,pre_pressure_plateau_no_correction
down,0.66,0,0,single_exponential,2.2,3.99,3.99,pre_pressure_plateau_no_correction
down,0.67,0,0,single_exponential,2.2,3.99,3.99,pre_pressure_plateau_no_correction
down,0.68,0,0,single_exponential,2.2,3.99,3.99,pre_pressure_plateau_no_correction
down,0.6900000000000001,0,0,single_exponential,2.2,3.99,3.99,pre_pressure_plateau_no_correction
down,0.7000000000000001,0,0,single_exponential,2.2,3.99,3.99,pre_pressure_plateau_no_correction
down,0.71,0,0,single_exponential,2.2,3.99,3.99,pre_pressure_plateau_no_correction
down,0.72,0,0,single_exponential,2.2,3.99,3.99,pre_pressure_plateau_no_correction
down,0.73,0,0,single_exponential,2.2,3.99,3.99,pre_pressure_plateau_no_correction
down,0.74,0,0,single_exponential,2.2,3.99,3.99,pre_pressure_plateau_no_correction
down,0.75,0,0,single_exponential,2.2,3.99,3.99,pre_pressure_plateau_no_correction
down,0.76,0,0,single_exponential,2.2,3.99,3.99,pre_pressure_plateau_no_correction
down,0.77,0,0,single_exponential,2.2,3.99,3.99,pre_pressure_plateau_no_correction
down,0.78,0,0,single_exponential,2.2,3.99,3.99,pre_pressure_plateau_no_correction
down,0.79,0,0,single_exponential,2.2,3.99,3.99,pre_pressure_plateau_no_correction
down,0.8,0,0,single_exponential,2.2,3.99,3.99,pre_pressure_plateau_no_correction
down,0.81,0,0,single_exponential,2.2,3.99,3.99,pre_pressure_plateau_no_correction
down,0.8200000000000001,0,0,single_exponential,2.2,3.99,3.99,pre_pressure_plateau_no_correction
down,0.8300000000000001,0,0,single_exponential,2.2,3.99,3.99,pre_pressure_plateau_no_correction
down,0.84,0,0,single_exponential,2.2,3.99,3.99,pre_pressure_plateau_no_correction
down,0.85,0,0,single_exponential,2.2,3.99,3.99,pre_pressure_plateau_no_correction
down,0.86,0,0,single_exponential,2.2,3.99,3.99,pre_pressure_plateau_no_correction
down,0.87,0,0,single_exponential,2.2,3.99,3.99,pre_pressure_plateau_no_correction
down,0.88,0,0,single_exponential,2.2,3.99,3.99,pre_pressure_plateau_no_correction
down,0.89,0,0,single_exponential,2.2,3.99,3.99,pre_pressure_plateau_no_correction
down,0.9,0,0,single_exponential,2.2,3.99,3.99,pre_pressure_plateau_no_correction
down,0.91,0,0,single_exponential,2.2,3.99,3.99,pre_pressure_plateau_no_correction
down,0.92,0,0,single_exponential,2.2,3.99,3.99,pre_pressure_plateau_no_correction
down,0.93,0,0,single_exponential,2.2,3.99,3.99,pre_pressure_plateau_no_correction
down,0.9400000000000001,0,0,single_exponential,2.2,3.99,3.99,pre_pressure_plateau_no_correction
down,0.9500000000000001,0,0,single_exponential,2.2,3.99,3.99,pre_pressure_plateau_no_correction
down,0.96,0,0,single_exponential,2.2,3.99,3.99,pre_pressure_plateau_no_correction
down,0.97,0,0,single_exponential,2.2,3.99,3.99,pre_pressure_plateau_no_correction
down,0.98,0,0,single_exponential,2.2,3.99,3.99,pre_pressure_plateau_no_correction
down,0.99,0,0,single_exponential,2.2,3.99,3.99,pre_pressure_plateau_no_correction
down,1,0,0,single_exponential,2.2,3.99,3.99,pre_pressure_plateau_no_correction
down,1.01,0,0,single_exponential,2.2,3.99,3.99,pre_pressure_plateau_no_correction
down,1.02,0,0,single_exponential,2.2,3.99,3.99,pre_pressure_plateau_no_correction
down,1.03,0,0,single_exponential,2.2,3.99,3.99,pre_pressure_plateau_no_correction
down,1.04,0,0,single_exponential,2.2,3.99,3.99,pre_pressure_plateau_no_correction
down,1.05,0,0,single_exponential,2.2,3.99,3.99,pre_pressure_plateau_no_correction
down,1.06,0,0,single_exponential,2.2,3.99,3.99,pre_pressure_plateau_no_correction
down,1.07,0,0,single_exponential,2.2,3.99,3.99,pre_pressure_plateau_no_correction
down,1.08,0,0,single_exponential,2.2,3.99,3.99,pre_pressure_plateau_no_correction
down,1.09,0,0,single_exponential,2.2,3.99,3.99,pre_pressure_plateau_no_correction
down,1.1,0,0,single_exponential,2.2,3.99,3.99,pre_pressure_plateau_no_correction
down,1.11,0,0,single_exponential,2.2,3.99,3.99,pre_pressure_plateau_no_correction
down,1.12,0,0,single_exponential,2.2,3.99,3.99,pre_pressure_plateau_no_correction
down,1.1300000000000001,0,0,single_exponential,2.2,3.99,3.99,pre_pressure_plateau_no_correction
down,1.1400000000000001,0,0,single_exponential,2.2,3.99,3.99,pre_pressure_plateau_no_correction
down,1.1500000000000001,0,0,single_exponential,2.2,3.99,3.99,pre_pressure_plateau_no_correction
down,1.16,0,0,single_exponential,2.2,3.99,3.99,pre_pressure_plateau_no_correction
down,1.17,0,0,single_exponential,2.2,3.99,3.99,pre_pressure_plateau_no_correction
down,1.18,0,0,single_exponential,2.2,3.99,3.99,pre_pressure_plateau_no_correction
down,1.19,0,0,single_exponential,2.2,3.99,3.99,pre_pressure_plateau_no_correction
down,1.2,0,0,single_exponential,2.2,3.99,3.99,pre_pressure_plateau_no_correction
down,1.21,0,0,single_exponential,2.2,3.99,3.99,pre_pressure_plateau_no_correction
down,1.22,0,0,single_exponential,2.2,3.99,3.99,pre_pressure_plateau_no_correction
down,1.23,0,0,single_exponential,2.2,3.99,3.99,pre_pressure_plateau_no_correction
down,1.24,0,0,single_exponential,2.2,3.99,3.99,pre_pressure_plateau_no_correction
down,1.25,0,0,single_exponential,2.2,3.99,3.99,pre_pressure_plateau_no_correction
down,1.26,0,0,single_exponential,2.2,3.99,3.99,pre_pressure_plateau_no_correction
down,1.27,0,0,single_exponential,2.2,3.99,3.99,pre_pressure_plateau_no_correction
down,1.28,0,0,single_exponential,2.2,3.99,3.99,pre_pressure_plateau_no_correction
down,1.29,0,0,single_exponential,2.2,3.99,3.99,pre_pressure_plateau_no_correction
down,1.3,0,0,single_exponential,2.2,3.99,3.99,pre_pressure_plateau_no_correction
down,1.31,0,0,single_exponential,2.2,3.99,3.99,pre_pressure_plateau_no_correction
down,1.32,0,0,single_exponential,2.2,3.99,3.99,pre_pressure_plateau_no_correction
down,1.33,0,0,single_exponential,2.2,3.99,3.99,pre_pressure_plateau_no_correction
down,1.34,0,0,single_exponential,2.2,3.99,3.99,pre_pressure_plateau_no_correction
down,1.35,0,0,single_exponential,2.2,3.99,3.99,pre_pressure_plateau_no_correction
down,1.36,0,0,single_exponential,2.2,3.99,3.99,pre_pressure_plateau_no_correction
down,1.37,0,0,single_exponential,2.2,3.99,3.99,pre_pressure_plateau_no_correction
down,1.3800000000000001,0,0,single_exponential,2.2,3.99,3.99,pre_pressure_plateau_no_correction
down,1.3900000000000001,0,0,single_exponential,2.2,3.99,3.99,pre_pressure_plateau_no_correction
down,1.4000000000000001,0,0,single_exponential,2.2,3.99,3.99,pre_pressure_plateau_no_correction
down,1.41,0,0,single_exponential,2.2,3.99,3.99,pre_pressure_plateau_no_correction
down,1.42,0,0,single_exponential,2.2,3.99,3.99,pre_pressure_plateau_no_correction
down,1.43,0,0,single_exponential,2.2,3.99,3.99,pre_pressure_plateau_no_correction
down,1.44,0,0,single_exponential,2.2,3.99,3.99,pre_pressure_plateau_no_correction
down,1.45,0,0,single_exponential,2.2,3.99,3.99,pre_pressure_plateau_no_correction
down,1.46,0,0,single_exponential,2.2,3.99,3.99,pre_pressure_plateau_no_correction
down,1.47,0,0,single_exponential,2.2,3.99,3.99,pre_pressure_plateau_no_correction
down,1.48,0,0,single_exponential,2.2,3.99,3.99,pre_pressure_plateau_no_correction
down,1.49,0,0,single_exponential,2.2,3.99,3.99,pre_pressure_plateau_no_correction
down,1.5,0,0,single_exponential,2.2,3.99,3.99,pre_pressure_plateau_no_correction
down,1.51,0,0,single_exponential,2.2,3.99,3.99,pre_pressure_plateau_no_correction
down,1.52,0,0,single_exponential,2.2,3.99,3.99,pre_pressure_plateau_no_correction
down,1.53,0,0,single_exponential,2.2,3.99,3.99,pre_pressure_plateau_no_correction
down,1.54,0,0,single_exponential,2.2,3.99,3.99,pre_pressure_plateau_no_correction
down,1.55,0,0,single_exponential,2.2,3.99,3.99,pre_pressure_plateau_no_correction
down,1.56,0,0,single_exponential,2.2,3.99,3.99,pre_pressure_plateau_no_correction
down,1.57,0,0,single_exponential,2.2,3.99,3.99,pre_pressure_plateau_no_correction
down,1.58,0,0,single_exponential,2.2,3.99,3.99,pre_pressure_plateau_no_correction
down,1.59,0,0,single_exponential,2.2,3.99,3.99,pre_pressure_plateau_no_correction
down,1.6,0,0,single_exponential,2.2,3.99,3.99,pre_pressure_plateau_no_correction
down,1.61,0,0,single_exponential,2.2,3.99,3.99,pre_pressure_plateau_no_correction
down,1.62,0,0,single_exponential,2.2,3.99,3.99,pre_pressure_plateau_no_correction
down,1.6300000000000001,0,0,single_exponential,2.2,3.99,3.99,pre_pressure_plateau_no_correction
down,1.6400000000000001,0,0,single_exponential,2.2,3.99,3.99,pre_pressure_plateau_no_correction
down,1.6500000000000001,0,0,single_exponential,2.2,3.99,3.99,pre_pressure_plateau_no_correction
down,1.6600000000000001,0,0,single_exponential,2.2,3.99,3.99,pre_pressure_plateau_no_correction
down,1.67,0,0,single_exponential,2.2,3.99,3.99,pre_pressure_plateau_no_correction
down,1.68,0,0,single_exponential,2.2,3.99,3.99,pre_pressure_plateau_no_correction
down,1.69,0,0,single_exponential,2.2,3.99,3.99,pre_pressure_plateau_no_correction
down,1.7,0,0,single_exponential,2.2,3.99,3.99,pre_pressure_plateau_no_correction
down,1.71,0,0,single_exponential,2.2,3.99,3.99,pre_pressure_plateau_no_correction
down,1.72,0,0,single_exponential,2.2,3.99,3.99,pre_pressure_plateau_no_correction
down,1.73,0,0,single_exponential,2.2,3.99,3.99,pre_pressure_plateau_no_correction
down,1.74,0,0,single_exponential,2.2,3.99,3.99,pre_pressure_plateau_no_correction
down,1.75,0,0,single_exponential,2.2,3.99,3.99,pre_pressure_plateau_no_correction
down,1.76,0,0,single_exponential,2.2,3.99,3.99,pre_pressure_plateau_no_correction
down,1.77,0,0,single_exponential,2.2,3.99,3.99,pre_pressure_plateau_no_correction
down,1.78,0,0,single_exponential,2.2,3.99,3.99,pre_pressure_plateau_no_correction
down,1.79,0,0,single_exponential,2.2,3.99,3.99,pre_pressure_plateau_no_correction
down,1.8,0,0,single_exponential,2.2,3.99,3.99,pre_pressure_plateau_no_correction
down,1.81,0,0,single_exponential,2.2,3.99,3.99,pre_pressure_plateau_no_correction
down,1.82,0,0,single_exponential,2.2,3.99,3.99,pre_pressure_plateau_no_correction
down,1.83,0,0,single_exponential,2.2,3.99,3.99,pre_pressure_plateau_no_correction
down,1.84,0,0,single_exponential,2.2,3.99,3.99,pre_pressure_plateau_no_correction
down,1.85,0,0,single_exponential,2.2,3.99,3.99,pre_pressure_plateau_no_correction
down,1.86,0,0,single_exponential,2.2,3.99,3.99,pre_pressure_plateau_no_correction
down,1.87,0,0,single_exponential,2.2,3.99,3.99,pre_pressure_plateau_no_correction
down,1.8800000000000001,0,0,single_exponential,2.2,3.99,3.99,pre_pressure_plateau_no_correction
down,1.8900000000000001,0,0,single_exponential,2.2,3.99,3.99,pre_pressure_plateau_no_correction
down,1.9000000000000001,0,0,single_exponential,2.2,3.99,3.99,pre_pressure_plateau_no_correction
down,1.9100000000000001,0,0,single_exponential,2.2,3.99,3.99,pre_pressure_plateau_no_correction
down,1.92,0,0,single_exponential,2.2,3.99,3.99,pre_pressure_plateau_no_correction
down,1.93,0,0,single_exponential,2.2,3.99,3.99,pre_pressure_plateau_no_correction
down,1.94,0,0,single_exponential,2.2,3.99,3.99,pre_pressure_plateau_no_correction
down,1.95,0,0,single_exponential,2.2,3.99,3.99,pre_pressure_plateau_no_correction
down,1.96,0,0,single_exponential,2.2,3.99,3.99,pre_pressure_plateau_no_correction
down,1.97,0,0,single_exponential,2.2,3.99,3.99,pre_pressure_plateau_no_correction
down,1.98,0,0,single_exponential,2.2,3.99,3.99,pre_pressure_plateau_no_correction
down,1.99,0,0,single_exponential,2.2,3.99,3.99,pre_pressure_plateau_no_correction
down,2,0,0,single_exponential,2.2,3.99,3.99,pre_pressure_plateau_no_correction
down,2.0100000000000002,0,0,single_exponential,2.2,3.99,3.99,pre_pressure_plateau_no_correction
down,2.02,0,0,single_exponential,2.2,3.99,3.99,pre_pressure_plateau_no_correction
down,2.0300000000000002,0,0,single_exponential,2.2,3.99,3.99,pre_pressure_plateau_no_correction
down,2.04,0,0,single_exponential,2.2,3.99,3.99,pre_pressure_plateau_no_correction
down,2.05,0,0,single_exponential,2.2,3.99,3.99,pre_pressure_plateau_no_correction
down,2.06,0,0,single_exponential,2.2,3.99,3.99,pre_pressure_plateau_no_correction
down,2.07,0,0,single_exponential,2.2,3.99,3.99,pre_pressure_plateau_no_correction
down,2.08,0,0,single_exponential,2.2,3.99,3.99,pre_pressure_plateau_no_correction
down,2.09,0,0,single_exponential,2.2,3.99,3.99,pre_pressure_plateau_no_correction
down,2.1,0,0,single_exponential,2.2,3.99,3.99,pre_pressure_plateau_no_correction
down,2.11,0,0,single_exponential,2.2,3.99,3.99,pre_pressure_plateau_no_correction
down,2.12,0,0,single_exponential,2.2,3.99,3.99,pre_pressure_plateau_no_correction
down,2.13,0,0,single_exponential,2.2,3.99,3.99,pre_pressure_plateau_no_correction
down,2.14,0,0,single_exponential,2.2,3.99,3.99,pre_pressure_plateau_no_correction
down,2.15,0,0,single_exponential,2.2,3.99,3.99,pre_pressure_plateau_no_correction
down,2.16,0,0,single_exponential,2.2,3.99,3.99,pre_pressure_plateau_no_correction
down,2.17,0,0,single_exponential,2.2,3.99,3.99,pre_pressure_plateau_no_correction
down,2.18,0,0,single_exponential,2.2,3.99,3.99,pre_pressure_plateau_no_correction
down,2.19,0,0,single_exponential,2.2,3.99,3.99,pre_pressure_plateau_no_correction
down,2.2,0,0.0717106055885964,single_exponential,2.2,3.99,3.99,calibrated_open_loop_hold
down,2.21,0.009999999999999787,0.0703622393859439,single_exponential,2.2,3.99,3.99,calibrated_open_loop_hold
down,2.22,0.020000000000000018,0.06903922635666832,single_exponential,2.2,3.99,3.99,calibrated_open_loop_hold
down,2.23,0.029999999999999805,0.06774108978799023,single_exponential,2.2,3.99,3.99,calibrated_open_loop_hold
down,2.24,0.040000000000000036,0.06646736193070515,single_exponential,2.2,3.99,3.99,calibrated_open_loop_hold
down,2.25,0.04999999999999982,0.06521758383064283,single_exponential,2.2,3.99,3.99,calibrated_open_loop_hold
down,2.2600000000000002,0.06000000000000005,0.06399130516329486,single_exponential,2.2,3.99,3.99,calibrated_open_loop_hold
down,2.27,0.06999999999999984,0.06278808407155262,single_exponential,2.2,3.99,3.99,calibrated_open_loop_hold
down,2.2800000000000002,0.08000000000000007,0.06160748700649516,single_exponential,2.2,3.99,3.99,calibrated_open_loop_hold
down,2.29,0.08999999999999986,0.060449088571171934,single_exponential,2.2,3.99,3.99,calibrated_open_loop_hold
down,2.3000000000000003,0.10000000000000009,0.05931247136732167,single_exponential,2.2,3.99,3.99,calibrated_open_loop_hold
down,2.31,0.10999999999999988,0.05819722584497443,single_exponential,2.2,3.99,3.99,calibrated_open_loop_hold
down,2.32,0.11999999999999966,0.05710295015488073,single_exponential,2.2,3.99,3.99,calibrated_open_loop_hold
down,2.33,0.1299999999999999,0.05602925000371593,single_exponential,2.2,3.99,3.99,calibrated_open_loop_hold
down,2.34,0.13999999999999968,0.05497573851200721,single_exponential,2.2,3.99,3.99,calibrated_open_loop_hold
down,2.35,0.1499999999999999,0.053942036074731414,single_exponential,2.2,3.99,3.99,calibrated_open_loop_hold
down,2.36,0.1599999999999997,0.05292777022453483,single_exponential,2.2,3.99,3.99,calibrated_open_loop_hold
down,2.37,0.16999999999999993,0.05193257549752401,single_exponential,2.2,3.99,3.99,calibrated_open_loop_hold
down,2.38,0.17999999999999972,0.05095609330158093,single_exponential,2.2,3.99,3.99,calibrated_open_loop_hold
down,2.39,0.18999999999999995,0.04999797178715338,single_exponential,2.2,3.99,3.99,calibrated_open_loop_hold
down,2.4,0.19999999999999973,0.04905786572047568,single_exponential,2.2,3.99,3.99,calibrated_open_loop_hold
down,2.41,0.20999999999999996,0.048135436359172445,single_exponential,2.2,3.99,3.99,calibrated_open_loop_hold
down,2.42,0.21999999999999975,0.047230351330202064,single_exponential,2.2,3.99,3.99,calibrated_open_loop_hold
down,2.43,0.22999999999999998,0.04634228451009452,single_exponential,2.2,3.99,3.99,calibrated_open_loop_hold
down,2.44,0.23999999999999977,0.04547091590744177,single_exponential,2.2,3.99,3.99,calibrated_open_loop_hold
down,2.45,0.25,0.04461593154759693,single_exponential,2.2,3.99,3.99,calibrated_open_loop_hold
down,2.46,0.2599999999999998,0.0437770233595422,single_exponential,2.2,3.99,3.99,calibrated_open_loop_hold
down,2.47,0.27,0.042953889064883205,single_exponential,2.2,3.99,3.99,calibrated_open_loop_hold
down,2.48,0.2799999999999998,0.04214623206893136,single_exponential,2.2,3.99,3.99,calibrated_open_loop_hold
down,2.49,0.29000000000000004,0.04135376135383345,single_exponential,2.2,3.99,3.99,calibrated_open_loop_hold
down,2.5,0.2999999999999998,0.040576191373711386,single_exponential,2.2,3.99,3.99,calibrated_open_loop_hold
down,2.5100000000000002,0.31000000000000005,0.039813241951772944,single_exponential,2.2,3.99,3.99,calibrated_open_loop_hold
down,2.52,0.31999999999999984,0.03906463817935781,single_exponential,2.2,3.99,3.99,calibrated_open_loop_hold
down,2.5300000000000002,0.33000000000000007,0.03833011031688117,single_exponential,2.2,3.99,3.99,calibrated_open_loop_hold
down,2.54,0.33999999999999986,0.0376093936966405,single_exponential,2.2,3.99,3.99,calibrated_open_loop_hold
down,2.5500000000000003,0.3500000000000001,0.03690222862744928,single_exponential,2.2,3.99,3.99,calibrated_open_loop_hold
down,2.56,0.3599999999999999,0.03620836030106436,single_exponential,2.2,3.99,3.99,calibrated_open_loop_hold
down,2.57,0.36999999999999966,0.035527538700372376,single_exponential,2.2,3.99,3.99,calibrated_open_loop_hold
down,2.58,0.3799999999999999,0.034859518509302745,single_exponential,2.2,3.99,3.99,calibrated_open_loop_hold
down,2.59,0.3899999999999997,0.034204059024434616,single_exponential,2.2,3.99,3.99,calibrated_open_loop_hold
down,2.6,0.3999999999999999,0.033560924068265524,single_exponential,2.2,3.99,3.99,calibrated_open_loop_hold
down,2.61,0.4099999999999997,0.03292988190411132,single_exponential,2.2,3.99,3.99,calibrated_open_loop_hold
down,2.62,0.41999999999999993,0.032310705152605756,single_exponential,2.2,3.99,3.99,calibrated_open_loop_hold
down,2.63,0.4299999999999997,0.031703170709770544,single_exponential,2.2,3.99,3.99,calibrated_open_loop_hold
down,2.64,0.43999999999999995,0.03110705966662552,single_exponential,2.2,3.99,3.99,calibrated_open_loop_hold
down,2.65,0.44999999999999973,0.030522157230310824,single_exponential,2.2,3.99,3.99,calibrated_open_loop_hold
down,2.66,0.45999999999999996,0.029948252646691695,single_exponential,2.2,3.99,3.99,calibrated_open_loop_hold
down,2.67,0.46999999999999975,0.029385139124419073,single_exponential,2.2,3.99,3.99,calibrated_open_loop_hold
down,2.68,0.48,0.02883261376041753,single_exponential,2.2,3.99,3.99,calibrated_open_loop_hold
down,2.69,0.48999999999999977,0.028290477466774756,single_exponential,2.2,3.99,3.99,calibrated_open_loop_hold
down,2.7,0.5,0.027758534899005264,single_exponential,2.2,3.99,3.99,calibrated_open_loop_hold
down,2.71,0.5099999999999998,0.02723659438566339,single_exponential,2.2,3.99,3.99,calibrated_open_loop_hold
down,2.72,0.52,0.026724467859279337,single_exponential,2.2,3.99,3.99,calibrated_open_loop_hold
down,2.73,0.5299999999999998,0.026221970788594222,single_exponential,2.2,3.99,3.99,calibrated_open_loop_hold
down,2.74,0.54,0.025728922112068946,single_exponential,2.2,3.99,3.99,calibrated_open_loop_hold
down,2.75,0.5499999999999998,0.025245144172643633,single_exponential,2.2,3.99,3.99,calibrated_open_loop_hold
down,2.7600000000000002,0.56,0.024770462653723412,single_exponential,2.2,3.99,3.99,calibrated_open_loop_hold
down,2.77,0.5699999999999998,0.02430470651636821,single_exponential,2.2,3.99,3.99,calibrated_open_loop_hold
down,2.7800000000000002,0.5800000000000001,0.023847707937663255,single_exponential,2.2,3.99,3.99,calibrated_open_loop_hold
down,2.79,0.5899999999999999,0.02339930225024864,single_exponential,2.2,3.99,3.99,calibrated_open_loop_hold
down,2.8000000000000003,0.6000000000000001,0.02295932788298567,single_exponential,2.2,3.99,3.99,calibrated_open_loop_hold
down,2.81,0.6099999999999999,0.0225276263027391,single_exponential,2.2,3.99,3.99,calibrated_open_loop_hold
down,2.82,0.6199999999999997,0.022104041957253816,single_exponential,2.2,3.99,3.99,calibrated_open_loop_hold
down,2.83,0.6299999999999999,0.021688422219105705,single_exponential,2.2,3.99,3.99,calibrated_open_loop_hold
down,2.84,0.6399999999999997,0.021280617330706453,single_exponential,2.2,3.99,3.99,calibrated_open_loop_hold
down,2.85,0.6499999999999999,0.020880480350342286,single_exponential,2.2,3.99,3.99,calibrated_open_loop_hold
down,2.86,0.6599999999999997,0.020487867099227473,single_exponential,2.2,3.99,3.99,calibrated_open_loop_hold
down,2.87,0.6699999999999999,0.02010263610955321,single_exponential,2.2,3.99,3.99,calibrated_open_loop_hold
down,2.88,0.6799999999999997,0.019724648573513574,single_exponential,2.2,3.99,3.99,calibrated_open_loop_hold
down,2.89,0.69,0.019353768293289667,single_exponential,2.2,3.99,3.99,calibrated_open_loop_hold
down,2.9,0.6999999999999997,0.01898986163197444,single_exponential,2.2,3.99,3.99,calibrated_open_loop_hold
down,2.91,0.71,0.01863279746542004,single_exponential,2.2,3.99,3.99,calibrated_open_loop_hold
down,2.92,0.7199999999999998,0.01828244713499086,single_exponential,2.2,3.99,3.99,calibrated_open_loop_hold
down,2.93,0.73,0.017938684401204604,single_exponential,2.2,3.99,3.99,calibrated_open_loop_hold
down,2.94,0.7399999999999998,0.017601385398245406,single_exponential,2.2,3.99,3.99,calibrated_open_loop_hold
down,2.95,0.75,0.017270428589331904,single_exponential,2.2,3.99,3.99,calibrated_open_loop_hold
down,2.96,0.7599999999999998,0.016945694722924814,single_exponential,2.2,3.99,3.99,calibrated_open_loop_hold
down,2.97,0.77,0.016627066789757658,single_exponential,2.2,3.99,3.99,calibrated_open_loop_hold
down,2.98,0.7799999999999998,0.016314429980675678,single_exponential,2.2,3.99,3.99,calibrated_open_loop_hold
down,2.99,0.79,0.0160076716452673,single_exponential,2.2,3.99,3.99,calibrated_open_loop_hold
down,3,0.7999999999999998,0.015706681251273617,single_exponential,2.2,3.99,3.99,calibrated_open_loop_hold
down,3.0100000000000002,0.81,0.015411350344760929,single_exponential,2.2,3.99,3.99,calibrated_open_loop_hold
down,3.02,0.8199999999999998,0.015121572511042323,single_exponential,2.2,3.99,3.99,calibrated_open_loop_hold
down,3.0300000000000002,0.8300000000000001,0.014837243336333862,single_exponential,2.2,3.99,3.99,calibrated_open_loop_hold
down,3.04,0.8399999999999999,0.01455826037013193,single_exponential,2.2,3.99,3.99,calibrated_open_loop_hold
down,3.0500000000000003,0.8500000000000001,0.014284523088297793,single_exponential,2.2,3.99,3.99,calibrated_open_loop_hold
down,3.06,0.8599999999999999,0.014015932856836506,single_exponential,2.2,3.99,3.99,calibrated_open_loop_hold
down,3.0700000000000003,0.8700000000000001,0.013752392896356642,single_exponential,2.2,3.99,3.99,calibrated_open_loop_hold
down,3.08,0.8799999999999999,0.013493808247198494,single_exponential,2.2,3.99,3.99,calibrated_open_loop_hold
down,3.09,0.8899999999999997,0.013240085735217788,single_exponential,2.2,3.99,3.99,calibrated_open_loop_hold
down,3.1,0.8999999999999999,0.012991133938212898,single_exponential,2.2,3.99,3.99,calibrated_open_loop_hold
down,3.11,0.9099999999999997,0.01274686315298328,single_exponential,2.2,3.99,3.99,calibrated_open_loop_hold
down,3.12,0.9199999999999999,0.012507185363007212,single_exponential,2.2,3.99,3.99,calibrated_open_loop_hold
down,3.13,0.9299999999999997,0.012272014206727496,single_exponential,2.2,3.99,3.99,calibrated_open_loop_hold
down,3.14,0.94,0.012041264946433216,single_exponential,2.2,3.99,3.99,calibrated_open_loop_hold
down,3.15,0.9499999999999997,0.01181485443772686,single_exponential,2.2,3.99,3.99,calibrated_open_loop_hold
down,3.16,0.96,0.011592701099565344,single_exponential,2.2,3.99,3.99,calibrated_open_loop_hold
down,3.17,0.9699999999999998,0.011374724884864516,single_exponential,2.2,3.99,3.99,calibrated_open_loop_hold
down,3.18,0.98,0.011160847251656223,single_exponential,2.2,3.99,3.99,calibrated_open_loop_hold
down,3.19,0.9899999999999998,0.010950991134787876,single_exponential,2.2,3.99,3.99,calibrated_open_loop_hold
down,3.2,1,0.01074508091815398,single_exponential,2.2,3.99,3.99,calibrated_open_loop_hold
down,3.21,1.0099999999999998,0.010543042407449936,single_exponential,2.2,3.99,3.99,calibrated_open_loop_hold
down,3.22,1.02,0.010344802803438018,single_exponential,2.2,3.99,3.99,calibrated_open_loop_hold
down,3.23,1.0299999999999998,0.010150290675716161,single_exponential,2.2,3.99,3.99,calibrated_open_loop_hold
down,3.24,1.04,0.009959435936979838,single_exponential,2.2,3.99,3.99,calibrated_open_loop_hold
down,3.25,1.0499999999999998,0.009772169817768012,single_exponential,2.2,3.99,3.99,calibrated_open_loop_hold
down,3.2600000000000002,1.06,0.009588424841683816,single_exponential,2.2,3.99,3.99,calibrated_open_loop_hold
down,3.27,1.0699999999999998,0.009408134801081283,single_exponential,2.2,3.99,3.99,calibrated_open_loop_hold
down,3.2800000000000002,1.08,0.009231234733209108,single_exponential,2.2,3.99,3.99,calibrated_open_loop_hold
down,3.29,1.0899999999999999,0.0090576608968031,single_exponential,2.2,3.99,3.99,calibrated_open_loop_hold
down,3.3000000000000003,1.1,0.008887350749118622,single_exponential,2.2,3.99,3.99,calibrated_open_loop_hold
down,3.31,1.1099999999999999,0.008720242923395063,single_exponential,2.2,3.99,3.99,calibrated_open_loop_hold
down,3.3200000000000003,1.12,0.008556277206743861,single_exponential,2.2,3.99,3.99,calibrated_open_loop_hold
down,3.33,1.13,0.008395394518452436,single_exponential,2.2,3.99,3.99,calibrated_open_loop_hold
down,3.34,1.1399999999999997,0.008237536888695985,single_exponential,2.2,3.99,3.99,calibrated_open_loop_hold
down,3.35,1.15,0.008082647437649604,single_exponential,2.2,3.99,3.99,calibrated_open_loop_hold
down,3.36,1.1599999999999997,0.007930670354993147,single_exponential,2.2,3.99,3.99,calibrated_open_loop_hold
down,3.37,1.17,0.007781550879801438,single_exponential,2.2,3.99,3.99,calibrated_open_loop_hold
down,3.38,1.1799999999999997,0.007635235280812636,single_exponential,2.2,3.99,3.99,calibrated_open_loop_hold
down,3.39,1.19,0.007491670837067576,single_exponential,2.2,3.99,3.99,calibrated_open_loop_hold
down,3.4,1.1999999999999997,0.007350805818913196,single_exponential,2.2,3.99,3.99,calibrated_open_loop_hold
down,3.41,1.21,0.007212589469363073,single_exponential,2.2,3.99,3.99,calibrated_open_loop_hold
down,3.42,1.2199999999999998,0.007076971985808547,single_exponential,2.2,3.99,3.99,calibrated_open_loop_hold
down,3.43,1.23,0.006943904502073608,single_exponential,2.2,3.99,3.99,calibrated_open_loop_hold
down,3.44,1.2399999999999998,0.006813339070807308,single_exponential,2.2,3.99,3.99,calibrated_open_loop_hold
down,3.45,1.25,0.0066852286462071595,single_exponential,2.2,3.99,3.99,calibrated_open_loop_hold
down,3.46,1.2599999999999998,0.006559527067067471,single_exponential,2.2,3.99,3.99,calibrated_open_loop_hold
down,3.47,1.27,0.006436189040146316,single_exponential,2.2,3.99,3.99,calibrated_open_loop_hold
down,3.48,1.2799999999999998,0.00631517012384538,single_exponential,2.2,3.99,3.99,calibrated_open_loop_hold
down,3.49,1.29,0.006196426712196542,single_exponential,2.2,3.99,3.99,calibrated_open_loop_hold
down,3.5,1.2999999999999998,0.006079916019149659,single_exponential,2.2,3.99,3.99,calibrated_open_loop_hold
down,3.5100000000000002,1.31,0.005965596063155718,single_exponential,2.2,3.99,3.99,calibrated_open_loop_hold
down,3.52,1.3199999999999998,0.005853425652039915,single_exponential,2.2,3.99,3.99,calibrated_open_loop_hold
down,3.5300000000000002,1.33,0.00574336436815912,single_exponential,2.2,3.99,3.99,calibrated_open_loop_hold
down,3.54,1.3399999999999999,0.005635372553838481,single_exponential,2.2,3.99,3.99,calibrated_open_loop_hold
down,3.5500000000000003,1.35,0.00552941129708178,single_exponential,2.2,3.99,3.99,calibrated_open_loop_hold
down,3.56,1.3599999999999999,0.005425442417550582,single_exponential,2.2,3.99,3.99,calibrated_open_loop_hold
down,3.5700000000000003,1.37,0.005323428452806906,single_exponential,2.2,3.99,3.99,calibrated_open_loop_hold
down,3.58,1.38,0.005223332644814662,single_exponential,2.2,3.99,3.99,calibrated_open_loop_hold
down,3.59,1.3899999999999997,0.005125118926694848,single_exponential,2.2,3.99,3.99,calibrated_open_loop_hold
down,3.6,1.4,0.005028751909729799,single_exponential,2.2,3.99,3.99,calibrated_open_loop_hold
down,3.61,1.4099999999999997,0.004934196870611816,single_exponential,2.2,3.99,3.99,calibrated_open_loop_hold
down,3.62,1.42,0.004841419738931519,single_exponential,2.2,3.99,3.99,calibrated_open_loop_hold
down,3.63,1.4299999999999997,0.004750387084901499,single_exponential,2.2,3.99,3.99,calibrated_open_loop_hold
down,3.64,1.44,0.004661066107310745,single_exponential,2.2,3.99,3.99,calibrated_open_loop_hold
down,3.65,1.4499999999999997,0.004573424621705631,single_exponential,2.2,3.99,3.99,calibrated_open_loop_hold
down,3.66,1.46,0.00448743104879307,single_exponential,2.2,3.99,3.99,calibrated_open_loop_hold
down,3.67,1.4699999999999998,0.004403054403061769,single_exponential,2.2,3.99,3.99,calibrated_open_loop_hold
down,3.68,1.48,0.004320264281617402,single_exponential,2.2,3.99,3.99,calibrated_open_loop_hold
down,3.69,1.4899999999999998,0.004239030853227752,single_exponential,2.2,3.99,3.99,calibrated_open_loop_hold
down,3.7,1.5,0.004159324847573788,single_exponential,2.2,3.99,3.99,calibrated_open_loop_hold
down,3.71,1.5099999999999998,0.004081117544702913,single_exponential,2.2,3.99,3.99,calibrated_open_loop_hold
down,3.72,1.52,0.004004380764680448,single_exponential,2.2,3.99,3.99,calibrated_open_loop_hold
down,3.73,1.5299999999999998,0.003929086857435778,single_exponential,2.2,3.99,3.99,calibrated_open_loop_hold
down,3.74,1.54,0.0038552086927993437,single_exponential,2.2,3.99,3.99,calibrated_open_loop_hold
down,3.75,1.5499999999999998,0.0037827196507270308,single_exponential,2.2,3.99,3.99,calibrated_open_loop_hold
down,3.7600000000000002,1.56,0.0037115936117083173,single_exponential,2.2,3.99,3.99,calibrated_open_loop_hold
down,3.77,1.5699999999999998,0.0036418049473548233,single_exponential,2.2,3.99,3.99,calibrated_open_loop_hold
down,3.7800000000000002,1.58,0.0035733285111657657,single_exponential,2.2,3.99,3.99,calibrated_open_loop_hold
down,3.79,1.5899999999999999,0.0035061396294671183,single_exponential,2.2,3.99,3.99,calibrated_open_loop_hold
down,3.8000000000000003,1.6,0.0034402140925210746,single_exponential,2.2,3.99,3.99,calibrated_open_loop_hold
down,3.81,1.6099999999999999,0.0033755281458027284,single_exponential,2.2,3.99,3.99,calibrated_open_loop_hold
down,3.8200000000000003,1.62,0.0033120584814407446,single_exponential,2.2,3.99,3.99,calibrated_open_loop_hold
down,3.83,1.63,0.0032497822298189973,single_exponential,2.2,3.99,3.99,calibrated_open_loop_hold
down,3.84,1.6399999999999997,0.003188676951336096,single_exponential,2.2,3.99,3.99,calibrated_open_loop_hold
down,3.85,1.65,0.003128720628319875,single_exponential,2.2,3.99,3.99,calibrated_open_loop_hold
down,3.86,1.6599999999999997,0.003069891657093907,single_exponential,2.2,3.99,3.99,calibrated_open_loop_hold
down,3.87,1.67,0.0030121688401931837,single_exponential,2.2,3.99,3.99,calibrated_open_loop_hold
down,3.88,1.6799999999999997,0.002955531378726183,single_exponential,2.2,3.99,3.99,calibrated_open_loop_hold
down,3.89,1.69,0.0028999588648805147,single_exponential,2.2,3.99,3.99,calibrated_open_loop_hold
down,3.9,1.6999999999999997,0.002845431274569532,single_exponential,2.2,3.99,3.99,calibrated_open_loop_hold
down,3.91,1.71,0.002791928960217159,single_exponential,2.2,3.99,3.99,calibrated_open_loop_hold
down,3.92,1.7199999999999998,0.0027394326436784204,single_exponential,2.2,3.99,3.99,calibrated_open_loop_hold
down,3.93,1.73,0.0026879234092930613,single_exponential,2.2,3.99,3.99,calibrated_open_loop_hold
down,3.94,1.7399999999999998,0.002637382697069796,single_exponential,2.2,3.99,3.99,calibrated_open_loop_hold
down,3.95,1.75,0.002587792295998701,single_exponential,2.2,3.99,3.99,calibrated_open_loop_hold
down,3.96,1.7599999999999998,0.002539134337489368,single_exponential,2.2,3.99,3.99,calibrated_open_loop_hold
down,3.97,1.77,0.0024913912889324083,single_exponential,2.2,3.99,3.99,calibrated_open_loop_hold
down,3.98,1.7799999999999998,0.0024445459473820706,single_exponential,2.2,3.99,3.99,calibrated_open_loop_hold
down,3.99,1.79,0.0023985814333575876,single_exponential,2.2,3.99,3.99,calibrated_open_loop_hold
