branch,time_since_step_s,n_samples,n_holds,pressure_progress_median,pressure_progress_q10,pressure_progress_q90,terminal_relative_p_median_bar,terminal_relative_p_q10_bar,terminal_relative_p_q90_bar
down,0,408,408,0,-0,-0,0.8400000000000001,0.3999999999999999,1.8199999999999998
down,0.01,408,408,0,-0,-0,0.8400000000000001,0.3999999999999999,1.8199999999999998
down,0.02,408,408,0,-0,-0,0.8400000000000001,0.3999999999999999,1.8199999999999998
down,0.03,408,408,0,-0,0.02380952380952383,0.8300000000000001,0.3999999999999999,1.8199999999999998
down,0.04,408,408,0,-0,0.02519230769230755,0.8300000000000001,0.3999999999999999,1.8199999999999998
down,0.05,408,408,0.009049959049958957,-0,0.037078342282803295,0.83,0.3964,1.806
down,0.06,408,408,0.01438923395445136,-0,0.040000000000000036,0.8200000000000001,0.3856000000000001,1.806
down,0.07,408,408,0.018867924528301903,-0,0.04761904761904767,0.8200000000000001,0.3800000000000001,1.7999999999999998
down,0.08,408,408,0.02960901201016922,-0,0.07692307692307698,0.8199999999999998,0.3799999999999999,1.7860000000000005
down,0.09,408,408,0.045454545454545484,0.01267806267806269,0.14390243902439045,0.7820000000000001,0.3540000000000001,1.7600000000000002
down,0.1,408,408,0.06843460953050001,0.020833333333333353,0.2222222222222216,0.7600000000000001,0.3200000000000003,1.7200000000000002
down,0.11,408,408,0.10876232201533415,0.030153999006458054,0.30555555555555547,0.7200000000000002,0.2993999999999998,1.68
down,0.12,408,408,0.1571428571428573,0.043421795595708676,0.37175925925925934,0.6945000000000001,0.2799999999999998,1.6199999999999999
down,0.13,408,408,0.20512820512820518,0.0708333333333334,0.44796572280178876,0.6599999999999999,0.2599999999999998,1.56
down,0.14,408,408,0.25641025641025633,0.10526315789473686,0.4999999999999999,0.6194999999999998,0.23999999999999977,1.5
down,0.15,408,408,0.2914029535864978,0.13876068376068362,0.5483870967741934,0.5749999999999998,0.2200000000000002,1.46
down,0.16,408,408,0.33333333333333315,0.16666666666666655,0.5806451612903227,0.53,0.2200000000000002,1.4
down,0.17,408,408,0.3671373555840822,0.2,0.6071428571428571,0.48,0.21999999999999997,1.346
down,0.18,408,408,0.40000000000000013,0.23058334070992292,0.6304347826086953,0.43999999999999995,0.21999999999999992,1.2999999999999998
down,0.19,408,408,0.4285714285714286,0.25488112064520196,0.65625,0.3999999999999999,0.21999999999999975,1.2460000000000002
down,0.2,408,408,0.46402691511387173,0.28054072096128174,0.6777612424914767,0.353,0.21999999999999975,1.2
down,0.21,408,408,0.47826086956521735,0.301961175956557,0.6945856873822978,0.31999999999999995,0.21999999999999975,1.1460000000000001
down,0.22,408,408,0.5000000000000004,0.3185155086008398,0.7063127690100433,0.28,0.21999999999999975,1.106
down,0.23,408,408,0.5240274599542336,0.3362773774702147,0.7221511627906979,0.26,0.21999999999999975,1.0660000000000003
down,0.24,408,408,0.5435606060606062,0.3558823529411769,0.7306233062330624,0.2599999999999999,0.21999999999999975,1.02
down,0.25,408,408,0.5667415530395712,0.3627928772258665,0.7391304347826086,0.2400000000000002,0.2176999999999997,0.98
down,0.26,408,408,0.5858615376441209,0.3758663366336634,0.746268656716418,0.24,0.20000000000000018,0.94
down,0.27,408,408,0.5999999999999999,0.3882806163828059,0.75,0.24,0.20000000000000018,0.8860000000000001
down,0.28,408,408,0.6099033816425123,0.39549267640461205,0.7666049953746532,0.24,0.20000000000000018,0.8460000000000001
down,0.29,408,408,0.6250000000000001,0.41218920557913885,0.7719942808997371,0.24,0.20000000000000007,0.806
down,0.3,408,408,0.6385933806146573,0.43032450331125827,0.7761184819500158,0.23999999999999977,0.20000000000000007,0.7520000000000006
down,0.31,408,408,0.6460496379792051,0.4428792569659443,0.7924528301886795,0.2345000000000001,0.19999999999999996,0.72
down,0.32,408,408,0.6562500000000001,0.44999999999999996,0.7962962962962962,0.2200000000000002,0.19999999999999996,0.6860000000000002
down,0.33,408,408,0.6666666666666667,0.464492849451193,0.7978125,0.2200000000000002,0.19999999999999973,0.6460000000000002
down,0.34,408,408,0.6761769223818561,0.4748826291079812,0.8088730998017184,0.2200000000000002,0.19999999999999973,0.6060000000000002
down,0.35000000000000003,408,408,0.684877245274139,0.4828129927467676,0.8125,0.2200000000000002,0.19999999999999973,0.5660000000000001
down,0.36,408,408,0.6923076923076923,0.4956953642384101,0.8155968169761274,0.21999999999999997,0.19999999999999973,0.5460000000000003
down,0.37,408,408,0.700515463917526,0.4999999999999994,0.8196721311475411,0.21999999999999997,0.19999999999999973,0.52
down,0.38,408,408,0.7065997130559541,0.5,0.8253968253968255,0.21999999999999997,0.19999999999999973,0.4860000000000002
down,0.39,408,408,0.714285714285714,0.5,0.8290566037735849,0.21999999999999997,0.19999999999999973,0.45999999999999996
down,0.4,408,408,0.7179487179487178,0.5000000000000002,0.8307692307692307,0.21999999999999997,0.18599999999999997,0.41999999999999993
down,0.41000000000000003,408,408,0.7222222222222222,0.5000000000000002,0.8333333333333333,0.21999999999999997,0.18000000000000016,0.39160000000000017
down,0.42,408,408,0.7236111111111112,0.5126943005181347,0.8333333333333335,0.21999999999999975,0.18000000000000016,0.3599999999999999
down,0.43,408,408,0.7250000000000001,0.5190767781441357,0.8384561808485234,0.21999999999999975,0.18000000000000016,0.3316000000000001
down,0.44,408,408,0.7303309665597802,0.5225108225108221,0.8401739130434782,0.21799999999999997,0.1800000000000001,0.30000000000000004
down,0.45,408,408,0.7335007173601147,0.5238095238095237,0.8414935064935063,0.20850000000000002,0.17999999999999997,0.28
down,0.46,408,408,0.7366604082127066,0.5238095238095238,0.8450704225352113,0.20000000000000018,0.17999999999999994,0.2624000000000002
down,0.47000000000000003,408,408,0.7413265306122452,0.5238095238095238,0.8484848484848484,0.20000000000000018,0.17999999999999994,0.26
down,0.48,408,408,0.7433795712484236,0.5296844565640825,0.8501724137931033,0.20000000000000018,0.17999999999999994,0.25160000000000005
down,0.49,408,408,0.743887895050686,0.5454545454545455,0.8520473111812759,0.20000000000000018,0.17999999999999994,0.24
down,0.5,408,408,0.7461388247825316,0.5454545454545455,0.8533333333333335,0.20000000000000018,0.17999999999999972,0.24
down,0.51,408,408,0.75,0.5486363636363634,0.857142857142857,0.19999999999999998,0.17999999999999972,0.24
down,0.52,408,408,0.753363389151281,0.5499999999999999,0.8571428571428571,0.19999999999999996,0.17999999999999972,0.24
down,0.53,408,408,0.756756756756757,0.55,0.8582826520438684,0.19999999999999996,0.17999999999999972,0.24
down,0.54,408,408,0.7601816180517336,0.5500000000000003,0.8595346457329062,0.19999999999999996,0.17999999999999972,0.24
down,0.55,408,408,0.764156353036747,0.5624999999999998,0.8611111111111113,0.19999999999999996,0.17999999999999972,0.23999999999999996
down,0.56,408,408,0.7678268904974588,0.562689393939394,0.862198275862069,0.19999999999999996,0.17939999999999964,0.23120000000000002
down,0.5700000000000001,408,408,0.7692307692307694,0.562689393939394,0.863013698630137,0.19999999999999996,0.16000000000000014,0.23120000000000002
down,0.58,408,408,0.7692307692307694,0.5644833427442124,0.8632004981320052,0.19999999999999996,0.16000000000000014,0.2259000000000001
down,0.59,408,408,0.7737439351357005,0.5709844559585489,0.8666666666666667,0.19999999999999973,0.16000000000000014,0.22000000000000008
down,0.6,408,408,0.7737439351357005,0.5714285714285714,0.8666666666666667,0.19799999999999995,0.16000000000000014,0.22000000000000006
down,0.61,408,408,0.7763888888888888,0.5714285714285715,0.8673039947003034,0.19150000000000003,0.16000000000000014,0.22000000000000003
down,0.62,408,408,0.7791891891891891,0.5714285714285715,0.8702673796791442,0.18149999999999994,0.16000000000000014,0.21999999999999997
down,0.63,408,408,0.7794330916282135,0.5714285714285715,0.8749999999999999,0.18000000000000016,0.16000000000000011,0.21999999999999997
down,0.64,408,408,0.7804878048780488,0.5731945758435828,0.8785510785510785,0.18000000000000016,0.16000000000000003,0.21999999999999997
down,0.65,408,408,0.780487804878049,0.5886363636363634,0.8793215233816623,0.18000000000000016,0.16,0.21999999999999997
down,0.66,408,408,0.780487804878049,0.5886363636363634,0.8799999999999999,0.18000000000000016,0.15999999999999992,0.21999999999999997
down,0.67,408,408,0.7825586631310352,0.5909090909090909,0.8820403280929595,0.18000000000000016,0.15999999999999992,0.21999999999999997
down,0.68,408,408,0.7854668426261959,0.5909090909090909,0.8832303618711386,0.18000000000000005,0.15999999999999992,0.21999999999999997
down,0.6900000000000001,408,408,0.7857142857142856,0.597272727272727,0.8839659322347713,0.18000000000000005,0.1599999999999997,0.21860000000000002
down,0.7000000000000001,408,408,0.7862997658079626,0.6000000000000001,0.886072023699315,0.17999999999999994,0.1599999999999997,0.2146
down,0.71,408,408,0.7906976744186045,0.6000000000000003,0.8863636363636364,0.17999999999999994,0.1599999999999997,0.2066
down,0.72,408,408,0.7906976744186046,0.6000000000000003,0.8863636363636364,0.17999999999999994,0.15939999999999963,0.20430000000000004
down,0.73,408,408,0.7907570004746085,0.6042424242424245,0.8863636363636364,0.17999999999999994,0.15259999999999974,0.20000000000000018
down,0.74,408,408,0.7944947209653089,0.607905138339921,0.8891713747645951,0.17999999999999994,0.14000000000000012,0.20000000000000007
down,0.75,408,408,0.794871794871795,0.6086956521739131,0.8891713747645951,0.17999999999999994,0.14000000000000012,0.20000000000000007
down,0.76,408,408,0.7972123978413416,0.6190476190476186,0.8891713747645951,0.17999999999999994,0.14000000000000012,0.20000000000000007
down,0.77,408,408,0.7999999999999998,0.6190476190476191,0.8899143229651705,0.17999999999999972,0.14000000000000012,0.20000000000000007
down,0.78,408,408,0.8,0.6190476190476192,0.8901098901098901,0.1765000000000001,0.14000000000000012,0.2
down,0.79,408,408,0.8,0.6209474463360473,0.8929611650485436,0.17249999999999996,0.14000000000000012,0.19999999999999996
down,0.8,408,408,0.8,0.6240284974093264,0.8940818223162559,0.16650000000000012,0.14000000000000012,0.19999999999999996
down,0.81,408,408,0.8043478260869563,0.6240284974093264,0.8941724372029871,0.16250000000000003,0.14000000000000012,0.19999999999999996
down,0.8200000000000001,408,408,0.8048780487804879,0.6240284974093264,0.8966583718450054,0.16000000000000014,0.14,0.19999999999999996
down,0.8300000000000001,408,408,0.8048780487804881,0.6329545454545455,0.8969939300510646,0.16000000000000014,0.14,0.19999999999999996
down,0.84,408,408,0.8052008195571025,0.6363636363636365,0.8969939300510646,0.16000000000000014,0.1399999999999999,0.19999999999999996
down,0.85,408,408,0.8089189486418124,0.6363636363636365,0.8971532333645735,0.16000000000000014,0.13999999999999968,0.1986
down,0.86,408,408,0.8091334894613583,0.642,0.8971532333645735,0.16000000000000014,0.13999999999999968,0.1986
down,0.87,408,408,0.8103460289588476,0.642,0.8971532333645735,0.16000000000000014,0.13999999999999968,0.19259999999999997
down,0.88,408,408,0.8103460289588476,0.6474025974025973,0.8980075612723797,0.1600000000000001,0.13999999999999968,0.18860000000000005
down,0.89,408,408,0.8103460289588476,0.6499999999999996,0.8987260188626551,0.16000000000000003,0.13999999999999968,0.18060000000000012
down,0.9,408,408,0.8132267441860465,0.6499999999999997,0.8996296296296297,0.16000000000000003,0.13399999999999987,0.18000000000000016
down,0.91,408,408,0.8132267441860465,0.65,0.8996296296296297,0.15999999999999995,0.1319000000000001,0.18000000000000016
down,0.92,408,408,0.813953488372093,0.6515217391304349,0.8997567482736974,0.15999999999999992,0.1200000000000001,0.18000000000000005
down,0.93,408,408,0.8155706727135298,0.6515217391304348,0.9005936398724619,0.15999999999999992,0.1200000000000001,0.18000000000000005
down,0.9400000000000001,408,408,0.8172541743970314,0.6521739130434783,0.9006262804991618,0.15999999999999992,0.1200000000000001,0.18000000000000005
down,0.9500000000000001,408,408,0.8200000000000001,0.6623188405797099,0.901098901098901,0.15999999999999992,0.1200000000000001,0.18000000000000005
down,0.96,408,408,0.8205128205128205,0.6653421633554081,0.9016430171769978,0.15999999999999992,0.1200000000000001,0.18000000000000005
down,0.97,408,408,0.8222222222222222,0.6653421633554081,0.9017379839386311,0.15999999999999992,0.1200000000000001,0.18
down,0.98,408,408,0.8227711328991902,0.6653421633554081,0.9044242141682821,0.1599999999999997,0.12000000000000008,0.17999999999999994
down,0.99,408,408,0.8255434782608695,0.6666666666666666,0.9063821687572569,0.1599999999999997,0.12,0.17999999999999994
down,1,408,408,0.8272546419098142,0.6666666666666669,0.9063821687572569,0.15799999999999992,0.11999999999999988,0.17999999999999994
down,1.01,408,408,0.8292682926829269,0.6812727272727275,0.9074653394952008,0.14750000000000016,0.11999999999999988,0.17999999999999994
down,1.02,408,408,0.8295277633627401,0.681818181818182,0.9075180855886933,0.14300000000000002,0.11999999999999988,0.17999999999999994
down,1.03,408,408,0.8315565031982943,0.6812727272727275,0.9084825308534679,0.14000000000000012,0.11999999999999982,0.17999999999999994
down,1.04,408,408,0.8315565031982943,0.689160839160839,0.9084825308534679,0.14000000000000012,0.11999999999999966,0.17860000000000004
down,1.05,408,408,0.8333333333333333,0.689160839160839,0.9084825308534679,0.14000000000000012,0.11999999999999966,0.17630000000000007
down,1.06,408,408,0.8333333333333334,0.689160839160839,0.9084825308534679,0.14000000000000012,0.11999999999999966,0.17529999999999996
down,1.07,408,408,0.834848484848485,0.6947487295313381,0.9093366093366095,0.14000000000000012,0.11999999999999966,0.16860000000000003
down,1.08,408,408,0.8372093023255812,0.6947487295313381,0.9093366093366095,0.14000000000000012,0.10000000000000009,0.16660000000000003
down,1.09,408,408,0.8378378378378383,0.6947487295313381,0.9100707449022056,0.14000000000000012,0.10000000000000009,0.16000000000000014
down,1.1,408,408,0.8399999999999999,0.6956521739130435,0.9103459784180665,0.14000000000000012,0.10000000000000009,0.16000000000000014
down,1.11,408,408,0.8400000000000001,0.6999999999999997,0.9100707449022056,0.14,0.10000000000000009,0.16000000000000014
down,1.12,408,408,0.8409090909090908,0.6999999999999998,0.9103459784180665,0.14,0.10000000000000009,0.16000000000000014
down,1.1300000000000001,408,408,0.8433083686095734,0.7,0.9122479462285288,0.14,0.10000000000000009,0.16000000000000014
down,1.1400000000000001,408,408,0.8444444444444446,0.7058333333333331,0.9127479949345716,0.13999999999999999,0.10000000000000009,0.16000000000000003
down,1.1500000000000001,408,408,0.8471294884601228,0.7124999999999998,0.9127479949345716,0.1399999999999999,0.10000000000000009,0.16000000000000003
down,1.16,408,408,0.8499999999999999,0.714285714285714,0.915264832916572,0.1399999999999999,0.09999999999999987,0.16000000000000003
down,1.17,408,408,0.8510638297872339,0.7142857142857142,0.9157006975269499,0.1399999999999999,0.09999999999999987,0.16000000000000003
down,1.18,408,408,0.8532685007020646,0.7142857142857142,0.916070578830158,0.1399999999999999,0.09999999999999987,0.16000000000000003
down,1.19,408,408,0.8536585365853658,0.7142857142857151,0.9169243986254295,0.1399999999999999,0.09999999999999987,0.15999999999999998
down,1.2,408,408,0.8536585365853663,0.7182857142857144,0.9176026492677063,0.1399999999999999,0.09999999999999987,0.15999999999999998
down,1.21,408,408,0.85433506543495,0.72,0.9191053122087607,0.1399999999999999,0.09999999999999964,0.15999999999999992
down,1.22,408,408,0.8555602955017916,0.727272727272727,0.9191053122087607,0.13999999999999968,0.09999999999999964,0.15999999999999992
down,1.23,408,408,0.857142857142857,0.7272727272727274,0.9191053122087607,0.13949999999999985,0.09999999999999964,0.15999999999999992
down,1.24,408,408,0.857142857142857,0.7272727272727275,0.9196781609195404,0.13850000000000007,0.09399999999999983,0.15999999999999992
down,1.25,408,408,0.8571428571428572,0.7297202797202798,0.9201363636363638,0.1325,0.08000000000000007,0.15999999999999992
down,1.26,408,408,0.8602325581395348,0.7373913043478262,0.920508658008658,0.1285,0.08000000000000007,0.15999999999999992
down,1.27,408,408,0.8611111111111114,0.7391304347826086,0.9206820682068206,0.123,0.08000000000000007,0.15730000000000005
down,1.28,408,408,0.8624070317782284,0.7391304347826086,0.9216428493509327,0.1200000000000001,0.08000000000000007,0.15630000000000005
down,1.29,408,408,0.863636363636364,0.7499999999999997,0.9218261477702814,0.1200000000000001,0.08000000000000007,0.15259999999999996
down,1.3,408,408,0.8648648648648649,0.7499999999999998,0.9218261477702814,0.1200000000000001,0.08000000000000007,0.14860000000000004
down,1.31,408,408,0.8676357335386986,0.7499999999999998,0.9233277591973243,0.1200000000000001,0.08000000000000007,0.14660000000000004
down,1.32,408,408,0.8695652173913042,0.7500000000000002,0.9240976210008203,0.1200000000000001,0.08,0.14000000000000012
down,1.33,408,408,0.8720676486633934,0.7500000000000002,0.925441329179647,0.1200000000000001,0.07999999999999985,0.14000000000000012
down,1.34,408,408,0.8727272727272728,0.7500000000000002,0.925441329179647,0.1200000000000001,0.07999999999999978,0.14000000000000012
down,1.35,408,408,0.8746002132196162,0.7500000000000006,0.9260428849902533,0.12000000000000005,0.07999999999999978,0.14000000000000012
down,1.36,408,408,0.8749999999999999,0.756034482758621,0.9263157894736842,0.12,0.07999999999999963,0.14000000000000012
down,1.37,408,408,0.8749999999999999,0.7599999999999999,0.9263157894736842,0.12,0.07999999999999963,0.14000000000000012
down,1.3800000000000001,408,408,0.875,0.7599999999999999,0.9277481058253635,0.12,0.07399999999999982,0.14000000000000012
down,1.3900000000000001,408,408,0.8773720014321518,0.76,0.9281209781209783,0.12,0.07399999999999982,0.1400000000000001
down,1.4000000000000001,408,408,0.8777999004479842,0.76,0.9287878787878787,0.12,0.07399999999999982,0.14
down,1.41,408,408,0.8780487804878053,0.761904761904762,0.929450066151005,0.11999999999999988,0.06000000000000005,0.14
down,1.42,408,408,0.8793939393939393,0.7652380952380955,0.9310892172961138,0.11999999999999988,0.06000000000000005,0.14
down,1.43,408,408,0.8818544366899301,0.769230769230769,0.9313390313390313,0.11999999999999988,0.06000000000000005,0.14
down,1.44,408,408,0.8826179120296767,0.7692307692307692,0.9324271844660195,0.11999999999999988,0.06000000000000005,0.14
down,1.45,408,408,0.8837209302325582,0.7692307692307692,0.9335220125786163,0.11999999999999988,0.06000000000000005,0.13999999999999996
down,1.46,408,408,0.884615384615385,0.7727272727272729,0.9346403900853312,0.11999999999999988,0.06000000000000005,0.1399999999999999
down,1.47,408,408,0.8864250614250615,0.7811594202898549,0.9346403900853312,0.11999999999999988,0.06000000000000005,0.1399999999999999
down,1.48,408,408,0.8874469268835465,0.782608695652174,0.9347826086956521,0.11999999999999966,0.05999999999999983,0.1399999999999999
down,1.49,408,408,0.888888888888889,0.7847826086956522,0.9349929873772791,0.11650000000000005,0.05999999999999983,0.1399999999999999
down,1.5,408,408,0.8911067193675889,0.7847826086956522,0.9357478005865102,0.11050000000000004,0.05999999999999976,0.1399999999999999
down,1.51,408,408,0.8913043478260869,0.7926724137931036,0.9365071770334927,0.1065000000000001,0.05999999999999976,0.1399999999999999
down,1.52,408,408,0.8918918918918918,0.7999999999999998,0.9375,0.10450000000000001,0.05999999999999961,0.1399999999999999
down,1.53,408,408,0.8928571428571428,0.7999999999999999,0.9388094742481581,0.10000000000000009,0.05999999999999961,0.1399999999999999
down,1.54,408,408,0.8936170212765956,0.7999999999999999,0.9393939393939393,0.10000000000000009,0.05999999999999961,0.13730000000000003
down,1.55,408,408,0.894652766100555,0.7999999999999999,0.9395757575757576,0.10000000000000009,0.05999999999999961,0.13530000000000003
down,1.56,408,408,0.8955223880597016,0.8,0.9400512820512821,0.10000000000000009,0.0539999999999998,0.13530000000000003
down,1.57,408,408,0.8961925287356322,0.8,0.9395757575757576,0.10000000000000009,0.0539999999999998,0.135
down,1.58,408,408,0.8974358974358974,0.8,0.9407687827606289,0.10000000000000009,0.040000000000000036,0.13199999999999992
down,1.59,408,408,0.8974358974358974,0.8000000000000003,0.9411764705882353,0.10000000000000009,0.040000000000000036,0.12590000000000004
down,1.6,408,408,0.8999999999999999,0.8076923076923076,0.9426272577996716,0.10000000000000009,0.040000000000000036,0.1200000000000001
down,1.61,408,408,0.9018000642880102,0.8089743589743589,0.9430188679245283,0.10000000000000009,0.040000000000000036,0.1200000000000001
down,1.62,408,408,0.9032258064516128,0.8095238095238093,0.9459459459459458,0.09999999999999998,0.040000000000000036,0.1200000000000001
down,1.6300000000000001,408,408,0.9052111410601977,0.8116071428571429,0.9461316278110171,0.09999999999999998,0.040000000000000036,0.1200000000000001
down,1.6400000000000001,408,408,0.9069767441860465,0.8141203703703704,0.9468059461631178,0.09999999999999998,0.040000000000000036,0.1200000000000001
down,1.6500000000000001,408,408,0.9076549058720859,0.8171717171717171,0.9475057208237987,0.09999999999999998,0.040000000000000036,0.12000000000000008
down,1.6600000000000001,408,408,0.9090909090909091,0.818181818181818,0.9475057208237987,0.09999999999999998,0.040000000000000036,0.12
down,1.67,408,408,0.9090909090909091,0.8214285714285716,0.9481497937162806,0.09999999999999987,0.039999999999999966,0.12
down,1.68,408,408,0.9090909090909094,0.8253196930946289,0.9492905005912498,0.09999999999999987,0.039999999999999744,0.12
down,1.69,408,408,0.9117647058823528,0.826086956521739,0.9492905005912498,0.09999999999999987,0.03999999999999959,0.12
down,1.7,408,408,0.9120227038183695,0.8281369677855372,0.9492905005912498,0.09999999999999987,0.03999999999999959,0.12
down,1.71,408,408,0.9130434782608695,0.8303070370996756,0.9499104156281382,0.09999999999999987,0.033999999999999773,0.12
down,1.72,408,408,0.9137931034482758,0.8333333333333333,0.9523809523809523,0.09999999999999964,0.033999999999999773,0.12
down,1.73,408,408,0.9147025388404699,0.8333333333333333,0.9548736125361441,0.09850000000000003,0.020000000000000018,0.12
down,1.74,408,408,0.9161156324177686,0.8333333333333333,0.9579225352112676,0.08499999999999999,0.020000000000000018,0.12
down,1.75,408,408,0.9166666666666666,0.8333333333333333,0.9579225352112676,0.08350000000000002,0.020000000000000018,0.12
down,1.76,408,408,0.9167555081734191,0.8333333333333333,0.9568891610532761,0.08000000000000007,0.020000000000000018,0.12
down,1.77,408,408,0.9185210228669782,0.8333333333333333,0.9587898853267338,0.08000000000000007,0.020000000000000018,0.11999999999999994
down,1.78,408,408,0.9185210228669782,0.8333333333333333,0.9599613259668508,0.08000000000000007,0.020000000000000018,0.11999999999999988
down,1.79,408,408,0.9199999999999999,0.8333333333333333,0.9600794701986759,0.08000000000000007,0.020000000000000018,0.11999999999999988
down,1.8,408,408,0.9211017740429506,0.8333333333333336,0.9600794701986759,0.08000000000000007,0.020000000000000018,0.11999999999999988
down,1.81,408,408,0.92353548091253,0.8333333333333336,0.9629629629629629,0.08000000000000007,0.020000000000000018,0.11999999999999988
down,1.82,408,408,0.9243369127815202,0.8380000000000001,0.9629629629629629,0.08000000000000007,0.020000000000000018,0.11999999999999988
down,1.83,408,408,0.9256495301271421,0.8410603085553998,0.9650552486187846,0.08000000000000007,0.020000000000000018,0.11730000000000002
down,1.84,408,408,0.9270269018845211,0.8454326923076922,0.9633597883597883,0.08000000000000007,0.020000000000000018,0.1163
down,1.85,408,408,0.9274044795783926,0.8549999999999999,0.9663264350594627,0.08000000000000007,0.020000000000000018,0.114
down,1.86,408,408,0.9284766957180751,0.8555555555555554,0.9673202614379086,0.08000000000000007,0.020000000000000018,0.11330000000000001
down,1.87,408,408,0.9297010130961207,0.857142857142857,0.9697916666666667,0.08000000000000007,0.020000000000000018,0.11230000000000001
down,1.8800000000000001,408,408,0.9302325581395348,0.8571428571428572,0.9722222222222222,0.08000000000000002,0.020000000000000018,0.1086
down,1.8900000000000001,408,408,0.9310344827586208,0.8589127686472822,0.9722222222222222,0.07999999999999996,0.020000000000000018,0.10500000000000001
down,1.9000000000000001,408,408,0.9318181818181818,0.8602752778851095,0.9722222222222222,0.07999999999999996,0.020000000000000018,0.10060000000000008
down,1.9100000000000001,408,408,0.9333333333333333,0.8609380151665016,0.9722222222222222,0.07999999999999985,0.020000000000000018,0.10000000000000009
down,1.92,408,408,0.9333333333333338,0.8639268483669706,0.9735810810810811,0.07999999999999985,0.019999999999999952,0.10000000000000009
down,1.93,408,408,0.9343411424357593,0.8666666666666666,0.975609756097561,0.07999999999999985,0.01999999999999973,0.10000000000000009
down,1.94,408,408,0.9349237718802936,0.8666666666666667,0.9860000000000005,0.07999999999999985,0.011899999999999982,0.10000000000000009
down,1.95,408,408,0.9354838709677419,0.8666666666666671,1,0.07999999999999963,0,0.10000000000000009
down,1.96,408,408,0.936339074636947,0.8678947368421055,1,0.07800000000000007,0,0.10000000000000009
down,1.97,408,408,0.9375,0.8678947368421055,1,0.07750000000000001,0,0.10000000000000003
down,1.98,408,408,0.9387755102040816,0.8678947368421055,1,0.07649999999999997,0,0.10000000000000003
down,1.99,408,408,0.9393939393939394,0.87054698457223,1,0.06000000000000005,0,0.10000000000000003
down,2,408,408,0.9402985074626865,0.87054698457223,1,0.06000000000000005,0,0.10000000000000003
down,2.0100000000000002,408,408,0.940737489025461,0.87054698457223,1,0.06000000000000005,0,0.09999999999999999
down,2.02,408,408,0.9416027280477408,0.8730829233169327,1,0.06000000000000005,0,0.09999999999999999
down,2.0300000000000002,408,408,0.9428268765133172,0.8745904836193447,1,0.06000000000000005,0,0.09999999999999998
down,2.04,408,408,0.942857142857143,0.8749999999999999,1,0.06000000000000005,0,0.09999999999999998
down,2.05,408,408,0.943421895006402,0.8749999999999999,1,0.06000000000000005,0,0.09999999999999998
down,2.06,408,408,0.9451302122534999,0.8805803108808289,1,0.06000000000000005,0,0.09999999999999998
down,2.07,408,408,0.9447496947496947,0.8823529411764706,1,0.06000000000000005,0,0.09999999999999998
down,2.08,408,408,0.9462043305255543,0.8879365079365078,1,0.06000000000000005,0,0.09999999999999998
down,2.09,408,408,0.9478221415607985,0.8888888888888888,1,0.06000000000000005,0,0.09999999999999998
down,2.1,408,408,0.9496835443037974,0.8888888888888888,1,0.06000000000000005,0,0.09999999999999987
down,2.11,408,408,0.9507184780408824,0.890990990990991,1,0.05999999999999994,0,0.09999999999999987
down,2.12,408,408,0.951219512195122,0.891891891891892,1,0.05999999999999994,0,0.09999999999999987
down,2.13,408,408,0.9514563106796116,0.8925675675675675,1,0.05999999999999989,0,0.09999999999999987
down,2.14,408,408,0.9520940906483075,0.8935554668794892,1,0.05999999999999983,0,0.09999999999999987
down,2.15,408,408,0.9523809523809526,0.8940878701845822,1,0.05999999999999983,0,0.09629999999999998
down,2.16,408,408,0.9529775943396226,0.8955043859649123,1,0.05999999999999983,0,0.0953
down,2.17,408,408,0.9534883720930232,0.8970575872215216,1,0.05999999999999983,0,0.09430000000000002
down,2.18,408,408,0.9545454545454545,0.8970575872215216,1,0.05999999999999983,0,0.094
down,2.19,408,408,0.9545454545454545,0.8975391696910684,1,0.057499999999999996,0,0.094
down,2.2,408,408,0.9553897180762851,0.8975391696910684,1,0.040000000000000036,0,0.09130000000000002
down,2.21,408,408,0.9562828475871954,0.8992750287686996,1,0.040000000000000036,0,0.08929999999999998
down,2.22,408,408,0.9565217391304347,0.8992750287686996,1,0.040000000000000036,0,0.08590000000000009
down,2.23,408,408,0.9571428571428573,0.8992750287686996,1,0.040000000000000036,0,0.08360000000000006
down,2.24,408,408,0.9577464788732395,0.8999999999999999,1,0.040000000000000036,0,0.08000000000000007
down,2.25,408,408,0.9583333333333333,0.9036600496277916,1,0.040000000000000036,0,0.08000000000000007
down,2.2600000000000002,408,408,0.9594882729211087,0.9047619047619047,1,0.040000000000000036,0,0.08000000000000007
down,2.27,408,408,0.9601980198019802,0.904813906841988,1,0.040000000000000036,0,0.08000000000000007
down,2.2800000000000002,408,408,0.9620253164556962,0.904813906841988,1,0.040000000000000036,0,0.08000000000000007
down,2.29,408,408,0.9629629629629629,0.9090909090909092,1,0.040000000000000036,0,0.08000000000000003
down,2.3000000000000003,408,408,0.9629629629629629,0.9090909090909092,1,0.040000000000000036,0,0.08000000000000002
down,2.31,408,408,0.9655172413793103,0.9090909090909092,1,0.040000000000000036,0,0.08000000000000002
down,2.32,408,408,0.9660638807251594,0.9123544784984556,1,0.040000000000000036,0,0.08000000000000002
down,2.33,408,408,0.9666802057947468,0.915952380952381,1,0.040000000000000036,0,0.08000000000000002
down,2.34,408,408,0.967741935483871,0.9166666666666666,1,0.040000000000000036,0,0.08000000000000002
down,2.35,408,408,0.967741935483871,0.9176229508196723,1,0.040000000000000036,0,0.08000000000000002
down,2.36,408,408,0.968421052631579,0.9182669789227167,1,0.039999999999999925,0,0.08000000000000002
down,2.37,408,408,0.9685855263157894,0.9182669789227167,1,0.03999999999999987,0,0.08000000000000002
down,2.38,408,408,0.9691115086463924,0.9189189189189189,1,0.039999999999999813,0,0.07999999999999997
down,2.39,408,408,0.9696969696969697,0.9189189189189189,1,0.03849999999999998,0,0.07999999999999996
down,2.4,408,408,0.9696969696969697,0.9196756756756757,1,0.03749999999999998,0,0.07999999999999996
down,2.41,408,408,0.9708013640238704,0.920916358791109,1,0.020000000000000018,0,0.07999999999999996
down,2.42,408,408,0.9714285714285715,0.9226901590030081,1,0.020000000000000018,0,0.07999999999999996
down,2.43,408,408,0.9720266040688575,0.9230769230769231,1,0.020000000000000018,0,0.07999999999999985
down,2.44,408,408,0.9722222222222222,0.9259786994293191,1,0.020000000000000018,0,0.07859999999999995
down,2.45,408,408,0.9743242774365913,0.9259786994293191,1,0.020000000000000018,0,0.07730000000000005
down,2.46,408,408,0.9745212593313859,0.9261302566800707,1,0.020000000000000018,0,0.07630000000000009
down,2.47,408,408,0.975,0.927139689578714,1,0.020000000000000018,0,0.07599999999999998
down,2.48,408,408,0.975609756097561,0.9272727272727274,1,0.020000000000000018,0,0.0743
down,2.49,408,408,0.9768778401496927,0.9272727272727274,1,0.020000000000000018,0,0.07399999999999997
down,2.5,408,408,0.9768778401496927,0.9272727272727274,1,0.020000000000000018,0,0.07299999999999997
down,2.5100000000000002,408,408,0.9782608695652174,0.9272727272727274,1,0.020000000000000018,0,0.0723
down,2.52,408,408,0.9782608695652174,0.9272727272727274,1,0.020000000000000018,0,0.07199999999999997
down,2.5300000000000002,408,408,0.9791666666666666,0.9285714285714286,1,0.020000000000000018,0,0.07029999999999997
down,2.54,408,408,0.9794823232323232,0.9288446526151445,1,0.020000000000000018,0,0.06800000000000006
down,2.5500000000000003,408,408,0.9814751286449399,0.9314763375671377,1,0.020000000000000018,0,0.06660000000000002
down,2.56,408,408,0.9830459770114942,0.9333333333333332,1,0.020000000000000018,0,0.06530000000000005
down,2.57,408,408,0.9836065573770492,0.9333333333333332,1,0.020000000000000018,0,0.06430000000000005
down,2.58,408,408,0.9849615558570782,0.9333333333333332,1,0.020000000000000018,0,0.06260000000000004
down,2.59,408,408,0.9856107660455486,0.9333333333333332,1,0.020000000000000018,0,0.060600000000000064
down,2.6,408,408,0.9864840182648402,0.9333333333333332,1,0.020000000000000018,0,0.06000000000000005
down,2.61,408,408,0.9873417721518987,0.9333333333333333,1,0.020000000000000018,0,0.06000000000000005
down,2.62,408,408,0.987886593736244,0.9381730769230772,1,0.01949999999999985,0,0.06000000000000005
down,2.63,408,408,0.9888833992094861,0.9370612324492982,1,0.01749999999999996,0,0.06000000000000005
down,2.64,408,408,0.9922275216392864,0.9391734972677597,1,0.008500000000000063,0,0.06000000000000005
down,2.65,408,408,0.9934922853230567,0.9399672131147541,1,0.00649999999999995,0,0.06000000000000005
down,2.66,408,408,0.9935403879741139,0.9399672131147541,1,0.005499999999999838,0,0.06000000000000001
down,2.67,408,408,0.9934922853230567,0.9411201801294681,1,0.00649999999999995,0,0.06
down,2.68,408,408,0.9934922853230567,0.9411201801294681,1,0.00649999999999995,0,0.06
down,2.69,408,408,0.9935403879741139,0.9426923076923077,1,0.005499999999999838,0,0.06
down,2.7,408,408,1,0.9433864869307909,1,0,0,0.06
down,2.71,408,408,1,0.9437982903172777,1,0,0,0.06
down,2.72,408,408,1,0.9457985257985257,1,0,0,0.06
down,2.73,408,408,1,0.9468755229775412,1,0,0,0.06
down,2.74,408,408,1,0.9468755229775412,1,0,0,0.05999999999999994
down,2.75,408,408,1,0.9468755229775412,1,0,0,0.05999999999999986
down,2.7600000000000002,408,408,1,0.9468755229775412,1,0,0,0.05999999999999986
down,2.77,408,408,1,0.9471145885080311,1,0,0,0.05999999999999983
down,2.7800000000000002,408,408,1,0.9473109002013229,1,0,0,0.05860000000000001
down,2.79,408,408,1,0.950945945945946,1,0,0,0.05660000000000007
down,2.8000000000000003,408,408,1,0.9520720720720719,1,0,0,0.05600000000000001
down,2.81,408,408,1,0.9531032347933757,1,0,0,0.0553
down,2.82,408,408,1,0.9531032347933757,1,0,0,0.0543
down,2.83,408,408,1,0.9531032347933757,1,0,0,0.05299999999999999
down,2.84,408,408,1,0.9536840439634251,1,0,0,0.05200000000000001
down,2.85,408,408,1,0.9538323971110856,1,0,0,0.05029999999999996
down,2.86,408,408,1,0.9543356643356643,1,0,0,0.04929999999999998
down,2.87,408,408,1,0.9554836500599213,1,0,0,0.04830000000000004
down,2.88,408,408,1,0.9557843137254901,1,0,0,0.047999999999999966
down,2.89,408,408,1,0.9557843137254901,1,0,0,0.04659999999999999
down,2.9,408,408,1,0.9557843137254901,1,0,0,0.045999999999999985
down,2.91,408,408,1,0.9557843137254901,1,0,0,0.045300000000000035
down,2.92,408,408,1,0.9564421248175505,1,0,0,0.04400000000000004
down,2.93,408,408,1,0.9564421248175505,1,0,0,0.044
down,2.94,408,408,1,0.956812981069274,1,0,0,0.044
down,2.95,408,408,1,0.9572941056703654,1,0,0,0.04300000000000004
down,2.96,408,408,1,0.9595,1,0,0,0.040000000000000036
down,2.97,408,408,1,0.9595,1,0,0,0.040000000000000036
down,2.98,408,408,1,0.960566371681416,1,0,0,0.040000000000000036
down,2.99,408,408,1,0.960566371681416,1,0,0,0.040000000000000036
down,3,408,408,1,0.9640909090909091,1,0,0,0.040000000000000036
down,3.0100000000000002,408,408,1,0.9640909090909091,1,0,0,0.040000000000000036
down,3.02,408,408,1,0.9661012296881861,1,0,0,0.039999999999999994
down,3.0300000000000002,408,408,1,0.9669221551470755,1,0,0,0.03999999999999998
down,3.04,408,408,1,0.9670555752034454,1,0,0,0.03999999999999998
down,3.0500000000000003,408,408,1,0.9685759283819628,1,0,0,0.03999999999999998
down,3.06,408,408,1,0.9690865384615385,1,0,0,0.03999999999999998
down,3.0700000000000003,408,408,1,0.9690865384615385,1,0,0,0.03999999999999998
down,3.08,408,408,1,0.9693406593406593,1,0,0,0.03999999999999998
down,3.09,408,408,1,0.9700135685210312,1,0,0,0.03999999999999998
down,3.1,408,408,1,0.9700975492054738,1,0,0,0.039999999999999925
down,3.11,408,408,1,0.9713043478260869,1,0,0,0.03860000000000002
down,3.12,408,408,1,0.971984126984127,1,0,0,0.036600000000000056
down,3.13,408,408,1,0.9723797947055646,1,0,0,0.03599999999999998
down,3.14,408,408,1,0.9729729729729729,1,0,0,0.035299999999999984
down,3.15,408,408,1,0.9729471097892151,1,0,0,0.035299999999999984
down,3.16,408,408,1,0.9734708392603129,1,0,0,0.034300000000000025
down,3.17,408,408,1,0.9742688751382256,1,0,0,0.033300000000000024
down,3.18,408,408,1,0.9743086529884031,1,0,0,0.03299999999999999
down,3.19,408,408,1,0.9745110821382008,1,0,0,0.03230000000000002
down,3.2,408,408,1,0.9749297610959105,1,0,0,0.03230000000000001
down,3.21,408,408,1,0.976562743103345,1,0,0,0.0313
down,3.22,408,408,1,0.976562743103345,1,0,0,0.02830000000000002
down,3.23,408,408,1,0.9777549075662283,1,0,0,0.026600000000000013
down,3.24,408,408,1,0.9777549075662283,1,0,0,0.026600000000000013
down,3.25,408,408,1,0.9777549075662283,1,0,0,0.026600000000000013
down,3.2600000000000002,408,408,1,0.9797499999999999,1,0,0,0.025300000000000017
down,3.27,408,408,1,0.9797499999999999,1,0,0,0.025300000000000017
down,3.2800000000000002,408,408,1,0.9801386138613861,1,0,0,0.024999999999999984
down,3.29,408,408,1,0.9801386138613861,1,0,0,0.024300000000000016
down,3.3000000000000003,408,408,1,0.9806096077835209,1,0,0,0.023300000000000032
down,3.31,408,408,1,0.9810355231926621,1,0,0,0.022299999999999993
down,3.3200000000000003,408,408,1,0.9817024354955391,1,0,0,0.021999999999999964
down,3.33,408,408,1,0.9817024354955391,1,0,0,0.020600000000000025
down,3.34,408,408,1,0.9813422751614034,1,0,0,0.020600000000000025
down,3.35,408,408,1,0.9819328419328419,1,0,0,0.020000000000000018
down,3.36,408,408,1,0.9848050292600963,1,0,0,0.020000000000000018
down,3.37,408,408,1,0.9839117544471572,1,0,0,0.020000000000000018
down,3.38,408,408,1,0.9848484848484849,1,0,0,0.020000000000000018
down,3.39,408,408,1,0.9848484848484849,1,0,0,0.020000000000000018
down,3.4,408,408,1,0.9848484848484849,1,0,0,0.020000000000000018
down,3.41,408,408,1,0.9848484848484849,1,0,0,0.020000000000000018
down,3.42,408,408,1,0.9850067842605156,1,0,0,0.020000000000000018
down,3.43,408,408,1,0.9851410321274982,1,0,0,0.020000000000000018
down,3.44,408,408,1,0.9859176606387072,1,0,0,0.020000000000000018
down,3.45,408,408,1,0.9859176606387072,1,0,0,0.020000000000000018
down,3.46,408,408,1,0.986506420133539,1,0,0,0.020000000000000018
down,3.47,408,408,1,0.986506420133539,1,0,0,0.020000000000000018
down,3.48,408,408,1,0.9875191053122088,1,0,0,0.020000000000000018
down,3.49,408,408,1,0.9875191053122088,1,0,0,0.020000000000000018
down,3.5,408,408,1,0.9879946958192376,1,0,0,0.019999999999999962
down,3.5100000000000002,408,408,1,0.9886555962097758,1,0,0,0.019999999999999924
down,3.52,408,408,1,0.9886555962097758,1,0,0,0.019999999999999924
down,3.5300000000000002,408,408,1,0.9908899553759367,1,0,0,0.01599999999999997
down,3.54,408,408,1,0.990990990990991,1,0,0,0.01529999999999997
down,3.5500000000000003,408,408,1,0.990990990990991,1.0003412969283276,0,-3.000000000000307e-4,0.014300000000000007
down,3.56,408,408,1,0.9923902991670278,1.0015868848296696,0,-0.0020000000000000018,0.014000000000000012
down,3.5700000000000003,408,408,1,0.9921564885496182,1.0012023134913122,0,-0.001300000000000076,0.014300000000000007
down,3.58,408,408,1,0.9924570030350799,1,0,0,0.014000000000000012
down,3.59,408,408,1,0.9926348718511606,1,0,0,0.013000000000000012
down,3.6,408,408,1,0.9934380816344198,1,0,0,0.011299999999999984
down,3.61,408,408,1,0.9934640522875818,1,0,0,0.011299999999999984
down,3.62,408,408,1,0.9940239193191618,1,0,0,0.009600000000000015
down,3.63,408,408,1,0.9934380816344198,1,0,0,0.011000000000000005
down,3.64,408,408,1,0.9930374394171031,1,0,0,0.011000000000000043
down,3.65,408,408,1,0.9930374394171031,1,0,0,0.011000000000000043
down,3.66,408,408,1,0.9932857164706421,1,0,0,0.00960000000000003
down,3.67,408,408,1,0.9946648505269196,1,0,0,0.006600000000000029
down,3.68,408,408,1,0.9952019777610313,1,0,0,0.0053000000000000165
down,3.69,408,408,1,0.9948848321489832,1,0,0,0.006000000000000005
down,3.7,408,408,1,0.9955530605730387,1,0,0,0.0053000000000000165
down,3.71,408,408,1,0.9955530605730387,1,0,0,0.004999999999999926
down,3.72,408,408,1,0.9976205111935119,1,0,0,0.0030000000000000027
down,3.73,408,408,1,0.9971273058584947,1,0,0,0.0033000000000000143
down,3.74,408,408,1,0.9997562956945574,1,0,0,6.000000000000233e-4
down,3.75,408,408,1,0.9997562956945574,1,0,0,6.000000000000233e-4
down,3.7600000000000002,408,408,1,1,1,0,0,0
down,3.77,408,408,1,1,1,0,0,0
down,3.7800000000000002,408,408,1,1,1,0,0,0
down,3.79,408,408,1,1,1,0,0,0
down,3.8000000000000003,408,408,1,1,1,0,0,0
down,3.81,408,408,1,1,1,0,0,0
down,3.8200000000000003,408,408,1,1,1,0,0,0
down,3.83,408,408,1,1,1,0,0,0
down,3.84,408,408,1,1,1,0,0,0
down,3.85,408,408,1,1,1,0,0,0
down,3.86,408,408,1,1,1,0,0,0
down,3.87,408,408,1,1,1,0,0,0
down,3.88,408,408,1,1,1,0,0,0
down,3.89,408,408,1,1,1,0,0,0
down,3.9,408,408,1,1,1,0,0,0
down,3.91,408,408,1,1,1,0,0,0
down,3.92,408,408,1,1,1,0,0,0
down,3.93,408,408,1,1,1,0,0,0
down,3.94,408,408,1,1,1,0,0,0
down,3.95,408,408,1,1,1,0,0,0
down,3.96,408,408,1,1,1,0,0,0
down,3.97,408,408,1,1,1,0,0,0
down,3.98,408,408,1,1,1,0,0,0
down,3.99,408,408,1,1,1,0,0,0
up,0,406,406,0,0,0,-0.8400000000000001,-1.8384999999999998,-0.3999999999999999
up,0.01,406,406,0,0,0,-0.8400000000000001,-1.8384999999999998,-0.3999999999999999
up,0.02,406,406,0,0,0.01666666666666668,-0.84,-1.8384999999999998,-0.3999999999999999
up,0.03,406,406,0.04477611940298511,0.014492753623188418,0.09374999999999992,-0.8000000000000002,-1.7999999999999998,-0.36000000000000004
up,0.04,406,406,0.10840188014101063,0.03968503937007872,0.22727272727272718,-0.7599999999999998,-1.74,-0.31999999999999984
up,0.05,406,406,0.18367346938775506,0.0742684234717328,0.3936467528155174,-0.6800000000000002,-1.6600000000000001,-0.2599999999999998
up,0.06,406,406,0.26530612244897966,0.12079124579124578,0.5616901408450701,-0.6199999999999997,-1.58,-0.18
up,0.07,406,406,0.348913043478261,0.16429240862230554,0.7273082942097022,-0.54,-1.5,-0.10999999999999988
up,0.08,406,406,0.4267857142857142,0.2102272727272727,0.8366666666666667,-0.48,-1.4300000000000002,-0.06000000000000005
up,0.09,406,406,0.5058139534883723,0.25338127033042285,0.9007042253521125,-0.41999999999999993,-1.3599999999999999,-0.040000000000000036
up,0.1,406,406,0.5833333333333335,0.29320377689942906,0.9245014245014245,-0.3599999999999999,-1.29,-0.03749999999999987
up,0.11,406,406,0.6510869565217391,0.33514492753623193,0.95,-0.29000000000000004,-1.2184999999999997,-0.020000000000000018
up,0.12,406,406,0.7273951247165531,0.3684560780834072,0.9545454545454545,-0.2200000000000002,-1.1484999999999999,-0.020000000000000018
up,0.13,406,406,0.7968253968253967,0.40978052732361175,0.9583333333333333,-0.18000000000000005,-1.0884999999999998,-0.020000000000000018
up,0.14,406,406,0.8520833333333333,0.44362009119590734,0.9583333333333333,-0.1200000000000001,-1.0184999999999997,-0.020000000000000018
up,0.15,406,406,0.8976975405546833,0.4775229952066329,0.9591666666666666,-0.08000000000000007,-0.9484999999999999,-0.020000000000000018
up,0.16,406,406,0.9117647058823529,0.5171006607073455,0.96,-0.06000000000000005,-0.8784999999999998,-0.020000000000000018
up,0.17,406,406,0.9183673469387754,0.5547349987866546,0.9565217391304353,-0.06000000000000005,-0.8184999999999998,-0.020000000000000018
up,0.18,406,406,0.9195185995623633,0.5842801201116828,0.9545454545454545,-0.06000000000000005,-0.7584999999999997,-0.020000000000000018
up,0.19,406,406,0.923076923076923,0.6175174295439789,0.9534883720930232,-0.06000000000000005,-0.6884999999999998,-0.020000000000000018
up,0.2,406,406,0.9259259259259258,0.6492001334574253,0.9523809523809523,-0.06000000000000005,-0.6284999999999997,-0.020000000000000018
up,0.21,406,406,0.9259259259259258,0.6787096774193548,0.952380952380953,-0.06000000000000005,-0.5685,-0.020000000000000018
up,0.22,406,406,0.9265557574381103,0.7083740632127729,0.952380952380953,-0.06000000000000005,-0.5085,-0.020000000000000018
up,0.23,406,406,0.9285714285714285,0.7360338074623789,0.9527529761904767,-0.06000000000000005,-0.45850000000000013,-0.020000000000000018
up,0.24,406,406,0.9302325581395349,0.7664914450628737,0.9545454545454545,-0.06000000000000005,-0.4085000000000001,-0.020000000000000018
up,0.25,406,406,0.9333333333333332,0.7965099083111506,0.9565217391304353,-0.06000000000000005,-0.3574999999999997,-0.020000000000000018
up,0.26,406,406,0.9365079365079364,0.8272438007461049,0.9583333333333333,-0.06000000000000005,-0.2989999999999997,-0.020000000000000018
up,0.27,406,406,0.9393939393939393,0.8576143328618577,0.96,-0.05999999999999983,-0.24899999999999967,-0.020000000000000018
up,0.28,406,406,0.9411764705882353,0.8816496887379739,0.9605194805194806,-0.05999999999999961,-0.20899999999999963,-0.020000000000000018
up,0.29,406,406,0.9421683389074696,0.8999999999999999,0.9615384615384615,-0.05999999999999961,-0.15000000000000013,-0.020000000000000018
up,0.3,406,406,0.9436619718309859,0.9037989310992344,0.9629629629629629,-0.053999999999999826,-0.10000000000000009,-0.020000000000000018
up,0.31,406,406,0.9444444444444444,0.9090909090909091,0.9635254988913525,-0.042500000000000204,-0.08000000000000007,-0.020000000000000018
up,0.32,406,406,0.9444444444444449,0.9130434782608695,0.9644957983193277,-0.040000000000000036,-0.08000000000000007,-0.020000000000000018
up,0.33,406,406,0.9454545454545454,0.9130434782608695,0.965014279885761,-0.040000000000000036,-0.08000000000000007,-0.020000000000000018
up,0.34,406,406,0.9459459459459458,0.9138736263736265,0.9653167602245392,-0.040000000000000036,-0.08000000000000007,-0.020000000000000018
up,0.35000000000000003,406,406,0.9459459459459459,0.9166666666666665,0.964700996677741,-0.040000000000000036,-0.08000000000000007,-0.020000000000000018
up,0.36,406,406,0.9461872586872588,0.92,0.9658094681472824,-0.040000000000000036,-0.08000000000000007,-0.020000000000000018
up,0.37,406,406,0.9473684210526315,0.9210526315789473,0.9664794007490636,-0.040000000000000036,-0.08000000000000007,-0.020000000000000018
up,0.38,406,406,0.9481639050604567,0.9249999999999999,0.9666666666666667,-0.040000000000000036,-0.08000000000000007,-0.020000000000000018
up,0.39,406,406,0.9487179487179487,0.9254629629629629,0.9666666666666667,-0.040000000000000036,-0.08000000000000007,-0.020000000000000018
up,0.4,406,406,0.95,0.9259259259259258,0.9681753889674685,-0.040000000000000036,-0.08000000000000007,-0.020000000000000018
up,0.41000000000000003,406,406,0.9500000000000001,0.9259259259259258,0.9685019841269843,-0.040000000000000036,-0.07999999999999985,-0.020000000000000018
up,0.42,406,406,0.9517100660707347,0.9259259259259265,0.969309262166405,-0.040000000000000036,-0.0665,-0.020000000000000018
up,0.43,406,406,0.9523809523809523,0.9285714285714285,0.9695423623995052,-0.040000000000000036,-0.062000000000000055,-0.020000000000000018
up,0.44,406,406,0.9523809523809523,0.9285714285714285,0.9695423623995052,-0.040000000000000036,-0.0645,-0.020000000000000018
up,0.45,406,406,0.9531376211631665,0.9302325581395349,0.969309262166405,-0.040000000000000036,-0.06000000000000005,-0.020000000000000018
up,0.46,406,406,0.9542044767090139,0.9310344827586207,0.9696969696969697,-0.040000000000000036,-0.06000000000000005,-0.020000000000000018
up,0.47000000000000003,406,406,0.9545454545454545,0.9310344827586207,0.9702970297029703,-0.040000000000000036,-0.06000000000000005,-0.020000000000000018
up,0.48,406,406,0.9545454545454545,0.9310344827586208,0.9707310108509424,-0.040000000000000036,-0.06000000000000005,-0.020000000000000018
up,0.49,406,406,0.9552238805970149,0.9314263322884013,0.9714285714285714,-0.040000000000000036,-0.06000000000000005,-0.020000000000000018
up,0.5,406,406,0.9555555555555555,0.9333333333333332,0.9714285714285714,-0.040000000000000036,-0.06000000000000005,-0.020000000000000018
up,0.51,406,406,0.9558172826652785,0.9340579710144927,0.9718309859154929,-0.040000000000000036,-0.06000000000000005,-0.020000000000000018
up,0.52,406,406,0.9565217391304347,0.9340579710144927,0.9718968013689615,-0.040000000000000036,-0.06000000000000005,-0.020000000000000018
up,0.53,406,406,0.9565217391304347,0.9350172036284017,0.9728501228501227,-0.040000000000000036,-0.06000000000000005,-0.020000000000000018
up,0.54,406,406,0.9565217391304353,0.9354838709677419,0.9729729729729729,-0.040000000000000036,-0.06000000000000005,-0.020000000000000018
up,0.55,406,406,0.9577464788732394,0.9354838709677419,0.9731843240651965,-0.040000000000000036,-0.06000000000000005,-0.020000000000000018
up,0.56,406,406,0.9580399061032863,0.9354838709677419,0.9738846263142937,-0.040000000000000036,-0.06000000000000005,-0.020000000000000018
up,0.5700000000000001,406,406,0.9583333333333333,0.9358270418668496,0.9743589743589743,-0.040000000000000036,-0.06000000000000005,-0.020000000000000018
up,0.58,406,406,0.958904109589041,0.9375,0.9748949579831934,-0.040000000000000036,-0.06000000000000005,-0.020000000000000018
up,0.59,406,406,0.9591836734693877,0.9375,0.975,-0.040000000000000036,-0.06000000000000005,-0.020000000000000018
up,0.6,406,406,0.9591836734693877,0.9375,0.9748949579831934,-0.040000000000000036,-0.06000000000000005,-0.020000000000000018
up,0.61,406,406,0.9600000000000001,0.9393939393939393,0.9760470453241537,-0.040000000000000036,-0.06000000000000005,-0.020000000000000018
up,0.62,406,406,0.9615384615384615,0.9411764705882353,0.9761904761904762,-0.040000000000000036,-0.06000000000000005,-0.020000000000000018
up,0.63,406,406,0.9617818889970791,0.9411764705882353,0.9764242704955998,-0.040000000000000036,-0.06000000000000005,-0.020000000000000018
up,0.64,406,406,0.9628819191182431,0.9428571428571428,0.9775252525252525,-0.040000000000000036,-0.06000000000000005,-0.020000000000000018
up,0.65,406,406,0.9629629629629629,0.9428571428571428,0.9777777777777777,-0.040000000000000036,-0.06000000000000005,-0.020000000000000018
up,0.66,406,406,0.9629629629629629,0.9428571428571431,0.977859477124183,-0.040000000000000036,-0.06000000000000005,-0.020000000000000018
up,0.67,406,406,0.9630224124606148,0.9430574855846794,0.9781010230179028,-0.040000000000000036,-0.06000000000000005,-0.020000000000000018
up,0.68,406,406,0.9640705679862306,0.9439203354297696,0.978416149068323,-0.040000000000000036,-0.06000000000000005,-0.019999999999999962
up,0.6900000000000001,406,406,0.9642857142857143,0.9444444444444444,0.9793385490753912,-0.040000000000000036,-0.06000000000000005,-0.01999999999999985
up,0.7000000000000001,406,406,0.965014279885761,0.9453871429775044,0.9797638547638547,-0.040000000000000036,-0.06000000000000005,-0.019999999999999796
up,0.71,406,406,0.9655172413793103,0.9459459459459458,0.9802950883323627,-0.040000000000000036,-0.06000000000000005,-0.019999999999999796
up,0.72,406,406,0.9655172413793107,0.9459459459459458,0.9806590379677962,-0.040000000000000036,-0.06000000000000005,-0.019999999999999796
up,0.73,406,406,0.9666666666666667,0.9466571834992887,0.9809220503488019,-0.039999999999999813,-0.06000000000000005,-0.019999999999999574
up,0.74,406,406,0.9677419354838709,0.9473684210526315,0.9813852813852814,-0.03999999999999959,-0.06000000000000005,-0.019999999999999574
up,0.75,406,406,0.9677419354838709,0.9473684210526315,0.9829047340736411,-0.03999999999999959,-0.06000000000000005,-0.019999999999999574
up,0.76,406,406,0.9679135209334251,0.9487179487179487,0.9831920903954802,-0.03999999999999959,-0.057499999999999885,-0.018999999999999906
up,0.77,406,406,0.9682539682539684,0.9487179487179487,0.9833333333333333,-0.03999999999999959,-0.049000000000000155,-0.018999999999999906
up,0.78,406,406,0.96875,0.95,0.9834699453551912,-0.030500000000000194,-0.040000000000000036,-0.018999999999999906
up,0.79,406,406,0.9691514670896114,0.95,0.9839907786885246,-0.02100000000000013,-0.040000000000000036,-0.018999999999999906
up,0.8,406,406,0.9693465431406811,0.95,0.9846117424242424,-0.020000000000000018,-0.040000000000000036,-0.018000000000000127
up,0.81,406,406,0.9699884526558893,0.9500000000000001,0.985711369667279,-0.020000000000000018,-0.040000000000000036,-0.014000000000000012
up,0.8200000000000001,406,406,0.9705882352941176,0.950609756097561,0.9868738164916508,-0.020000000000000018,-0.040000000000000036,-0.01200000000000001
up,0.8300000000000001,406,406,0.9710841694537347,0.9523809523809523,0.988195790639712,-0.020000000000000018,-0.040000000000000036,-0.010000000000000009
up,0.84,406,406,0.9710841694537347,0.9523809523809523,0.9945652173913043,-0.020000000000000018,-0.040000000000000036,-0.0044999999999999485
up,0.85,406,406,0.9714285714285714,0.9523809523809529,1,-0.020000000000000018,-0.040000000000000036,0
up,0.86,406,406,0.9714285714285714,0.9523809523809529,1,-0.020000000000000018,-0.040000000000000036,0
up,0.87,406,406,0.9716297786720323,0.9534883720930232,1,-0.020000000000000018,-0.040000000000000036,0
up,0.88,406,406,0.9722222222222222,0.9550505050505051,1,-0.020000000000000018,-0.040000000000000036,0
up,0.89,406,406,0.9722222222222222,0.9560386473429952,1,-0.020000000000000018,-0.040000000000000036,0
up,0.9,406,406,0.9726027397260274,0.9560386473429952,1,-0.020000000000000018,-0.040000000000000036,0
up,0.91,406,406,0.9729729729729729,0.9565217391304347,1,-0.020000000000000018,-0.040000000000000036,0
up,0.92,406,406,0.9733333333333333,0.9565217391304347,1,-0.020000000000000018,-0.040000000000000036,0
up,0.93,406,406,0.9736842105263158,0.9565217391304347,1,-0.020000000000000018,-0.040000000000000036,0
up,0.9400000000000001,406,406,0.9736842105263158,0.9565217391304347,1,-0.020000000000000018,-0.040000000000000036,0
up,0.9500000000000001,406,406,0.9743589743589743,0.9565217391304347,1,-0.020000000000000018,-0.040000000000000036,0
up,0.96,406,406,0.9743589743589743,0.9565217391304347,1,-0.020000000000000018,-0.040000000000000036,0
up,0.97,406,406,0.975,0.9565217391304347,1,-0.020000000000000018,-0.040000000000000036,0
up,0.98,406,406,0.975,0.9565217391304347,1,-0.020000000000000018,-0.040000000000000036,0
up,0.99,406,406,0.9756097560975608,0.956984273820537,1,-0.020000000000000018,-0.040000000000000036,0
up,1,406,406,0.975609756097561,0.9580399061032862,1,-0.020000000000000018,-0.040000000000000036,0
up,1.01,406,406,0.9761904761904762,0.9583333333333333,1,-0.020000000000000018,-0.040000000000000036,0
up,1.02,406,406,0.9761904761904762,0.9583333333333333,1,-0.020000000000000018,-0.040000000000000036,0
up,1.03,406,406,0.9767441860465116,0.9587585034013608,1,-0.020000000000000018,-0.040000000000000036,0
up,1.04,406,406,0.9772727272727273,0.9595918367346941,1,-0.020000000000000018,-0.040000000000000036,0
up,1.05,406,406,0.9776529338327091,0.96,1,-0.020000000000000018,-0.040000000000000036,0
up,1.06,406,406,0.9782608695652174,0.9600000000000001,1,-0.020000000000000018,-0.040000000000000036,0
up,1.07,406,406,0.978571155244327,0.9600000000000001,1,-0.020000000000000018,-0.040000000000000036,0
up,1.08,406,406,0.9791666666666666,0.9624985350990273,1,-0.020000000000000018,-0.040000000000000036,0
up,1.09,406,406,0.9795918367346939,0.9627668972640908,1,-0.020000000000000018,-0.040000000000000036,0
up,1.1,406,406,0.9796949082663371,0.9629629629629629,1,-0.020000000000000018,-0.040000000000000036,0
up,1.11,406,406,0.98,0.9629629629629629,1,-0.020000000000000018,-0.040000000000000036,0
up,1.12,406,406,0.9803921568627451,0.9629629629629629,1,-0.020000000000000018,-0.040000000000000036,0
up,1.1300000000000001,406,406,0.9804873405672949,0.9629629629629629,1,-0.020000000000000018,-0.040000000000000036,0
up,1.1400000000000001,406,406,0.980769230769231,0.9629629629629629,1,-0.020000000000000018,-0.040000000000000036,0
up,1.1500000000000001,406,406,0.9809523809523809,0.9632996632996635,1,-0.020000000000000018,-0.040000000000000036,0
up,1.16,406,406,0.9814814814814815,0.9637458926615552,1,-0.020000000000000018,-0.040000000000000036,0
up,1.17,406,406,0.9818181818181818,0.9640705679862305,1,-0.020000000000000018,-0.040000000000000036,0
up,1.18,406,406,0.9821428571428571,0.9640705679862305,1,-0.020000000000000018,-0.040000000000000036,0
up,1.19,406,406,0.9821428571428571,0.9642857142857142,1,-0.020000000000000018,-0.040000000000000036,0
up,1.2,406,406,0.9823872057353601,0.9642857142857142,1,-0.020000000000000018,-0.040000000000000036,0
up,1.21,406,406,0.9829047340736411,0.9647683397683395,1,-0.020000000000000018,-0.040000000000000036,0
up,1.22,406,406,0.9833333333333333,0.9653841033151376,1,-0.020000000000000018,-0.040000000000000036,0
up,1.23,406,406,0.9838709677419355,0.9653841033151376,1,-0.020000000000000018,-0.0399999999999997,0
up,1.24,406,406,0.9841269841269841,0.9669398907103826,1,-0.020000000000000018,-0.020000000000000018,0
up,1.25,406,406,0.9842960066233332,0.9674775251189847,1,-0.020000000000000018,-0.020000000000000018,0
up,1.26,406,406,0.9842960066233332,0.967741935483871,1,-0.020000000000000018,-0.020000000000000018,0
up,1.27,406,406,0.9844951923076923,0.967741935483871,1,-0.020000000000000018,-0.020000000000000018,0
up,1.28,406,406,0.9848484848484849,0.967741935483871,1,-0.020000000000000018,-0.020000000000000018,0
up,1.29,406,406,0.9850746268656716,0.967741935483871,1,-0.020000000000000018,-0.020000000000000018,0
up,1.3,406,406,0.9855072463768115,0.9679979518689197,1,-0.020000000000000018,-0.020000000000000018,0
up,1.31,406,406,0.9857142857142857,0.9696969696969697,1,-0.020000000000000018,-0.020000000000000018,0
up,1.32,406,406,0.9858148893360161,0.9696969696969697,1,-0.020000000000000018,-0.020000000000000018,0
up,1.33,406,406,0.9860133020344288,0.9696969696969697,1,-0.020000000000000018,-0.020000000000000018,0
up,1.34,406,406,0.9867148014440432,0.9696969696969697,1,-0.020000000000000018,-0.020000000000000018,0
up,1.35,406,406,0.9869275461380724,0.9702825703029481,1,-0.020000000000000018,-0.020000000000000018,0
up,1.36,406,406,0.9877295995182174,0.9705882352941176,1,-0.020000000000000018,-0.020000000000000018,0
up,1.37,406,406,0.987878342638848,0.9705882352941176,1,-0.020000000000000018,-0.020000000000000018,0
up,1.3800000000000001,406,406,0.9883036935704514,0.9705882352941176,1,-0.020000000000000018,-0.020000000000000018,0
up,1.3900000000000001,406,406,0.9885057471264368,0.9705882352941176,1,-0.020000000000000018,-0.020000000000000018,0
up,1.4000000000000001,406,406,0.9895285087719299,0.9714285714285714,1,-0.020000000000000018,-0.020000000000000018,0
up,1.41,406,406,0.9898474541331684,0.9714285714285714,1,-0.020000000000000018,-0.020000000000000018,0
up,1.42,406,406,0.9897959183673469,0.9710084033613445,1,-0.020000000000000018,-0.020000000000000018,0
up,1.43,406,406,0.9900990099009901,0.9714285714285714,1,-0.019999999999999796,-0.020000000000000018,0
up,1.44,406,406,0.9904304029304031,0.9714285714285714,1,-0.019999999999999796,-0.020000000000000018,0
up,1.45,406,406,0.9905651980418337,0.9714285714285714,1,-0.019999999999999796,-0.020000000000000018,0
up,1.46,406,406,0.9906974731741087,0.9714285714285714,1,-0.019999999999999685,-0.020000000000000018,0
up,1.47,406,406,0.9909090909090907,0.9714285714285715,1,-0.01949999999999985,-0.020000000000000018,0
up,1.48,406,406,0.9909090909090907,0.9718253968253969,1,-0.01949999999999985,-0.020000000000000018,0
up,1.49,406,406,0.9912662090007627,0.9722222222222222,1,-0.01749999999999985,-0.020000000000000018,0
up,1.5,406,406,0.9911892563266572,0.9722222222222222,1,-0.017999999999999794,-0.020000000000000018,0
up,1.51,406,406,0.9921719415423267,0.9722222222222222,1,-0.0129999999999999,-0.020000000000000018,0
up,1.52,406,406,0.9924773755656109,0.9722222222222222,1,-0.011500000000000066,-0.020000000000000018,0
up,1.53,406,406,0.993050193050193,0.9722222222222222,1,-0.010500000000000176,-0.020000000000000018,0
up,1.54,406,406,0.9935473127679947,0.9722222222222222,1,-0.008499999999999952,-0.020000000000000018,0
up,1.55,406,406,0.9944867052829924,0.9729729729729729,1,-0.00649999999999995,-0.020000000000000018,0
up,1.56,406,406,0.993709696562092,0.9725975975975976,1,-0.008000000000000007,-0.020000000000000018,0
up,1.57,406,406,0.9964662546044828,0.9729729729729729,1,-0.0035000000000000586,-0.020000000000000018,0
up,1.58,406,406,1,0.9733285917496444,1,0,-0.020000000000000018,0
up,1.59,406,406,1,0.9736842105263158,1,0,-0.020000000000000018,0
up,1.6,406,406,1,0.9743589743589743,1,0,-0.020000000000000018,0
up,1.61,406,406,1,0.9743589743589743,1,0,-0.020000000000000018,0
up,1.62,406,406,1,0.9743589743589743,1,0,-0.020000000000000018,0
up,1.6300000000000001,406,406,1,0.9743589743589743,1,0,-0.020000000000000018,0
up,1.6400000000000001,406,406,1,0.9743589743589743,1,0,-0.020000000000000018,0
up,1.6500000000000001,406,406,1,0.9743589743589743,1,0,-0.020000000000000018,0
up,1.6600000000000001,406,406,1,0.975,1,0,-0.020000000000000018,0
up,1.67,406,406,1,0.975,1,0,-0.020000000000000018,0
up,1.68,406,406,1,0.9753048780487805,1,0,-0.020000000000000018,0
up,1.69,406,406,1,0.9753048780487805,1,0,-0.020000000000000018,0
up,1.7,406,406,1,0.9761769710720363,1,0,-0.020000000000000018,0
up,1.71,406,406,1,0.9770084566596194,1,0,-0.020000000000000018,0
up,1.72,406,406,1,0.9770084566596194,1,0,-0.020000000000000018,0
up,1.73,406,406,1,0.9772727272727273,1,0,-0.020000000000000018,0
up,1.74,406,406,1,0.9770084566596194,1,0,-0.020000000000000018,0
up,1.75,406,406,1,0.9767441860465116,1,0,-0.020000000000000018,0
up,1.76,406,406,1,0.9775252525252525,1,0,-0.020000000000000018,0
up,1.77,406,406,1,0.9780193236714976,1,0,-0.020000000000000018,0
up,1.78,406,406,1,0.9777777777777777,1,0,-0.020000000000000018,0
up,1.79,406,406,1,0.9780193236714976,1,0,-0.020000000000000018,0
up,1.8,406,406,1,0.9775252525252525,1,0,-0.020000000000000018,0
up,1.81,406,406,1,0.9775252525252525,1,0,-0.020000000000000018,0
up,1.82,406,406,1,0.9770084566596194,1,0,-0.020000000000000018,0
up,1.83,406,406,1,0.9772727272727273,1,0,-0.020000000000000018,0
up,1.84,406,406,1,0.9772727272727273,1,0,-0.020000000000000018,0
up,1.85,406,406,1,0.9772727272727273,1,0,-0.020000000000000018,0
up,1.86,406,406,1,0.9772727272727273,1,0,-0.020000000000000018,0
up,1.87,406,406,1,0.9780193236714976,1,0,-0.020000000000000018,0
up,1.8800000000000001,406,406,1,0.9777777777777777,1,0,-0.020000000000000018,0
up,1.8900000000000001,406,406,1,0.9780193236714976,1,0,-0.020000000000000018,0
up,1.9000000000000001,406,406,1,0.9772727272727273,1,0,-0.020000000000000018,0
up,1.9100000000000001,406,406,1,0.9775252525252525,1,0,-0.020000000000000018,0
up,1.92,406,406,1,0.9777777777777777,1,0,-0.020000000000000018,0
up,1.93,406,406,1,0.9780193236714976,1,0,-0.020000000000000018,0
up,1.94,406,406,1,0.9782608695652175,1,0,-0.020000000000000018,0
up,1.95,406,406,1,0.9784921369102684,1,0,-0.020000000000000018,0
up,1.96,406,406,1,0.9793792517006805,1,0,-0.020000000000000018,0
up,1.97,406,406,1,0.9797959183673471,1,0,-0.020000000000000018,0
up,1.98,406,406,1,0.9797959183673471,1,0,-0.020000000000000018,0
up,1.99,406,406,1,0.9793792517006805,1,0,-0.020000000000000018,0
up,2,406,406,1,0.9795918367346941,1,0,-0.020000000000000018,0
up,2.0100000000000002,406,406,1,0.9809338135677228,1,0,-0.020000000000000018,0
up,2.02,406,406,1,0.9809338135677228,1,0,-0.020000000000000018,0
up,2.0300000000000002,406,406,1,0.9803677758318738,1,0,-0.020000000000000018,0
up,2.04,406,406,1,0.9803677758318738,1,0,-0.020000000000000018,0
up,2.05,406,406,1,0.9803677758318738,1,0,-0.020000000000000018,0
up,2.06,406,406,1,0.9811320754716981,1,0,-0.020000000000000018,0
up,2.07,406,406,1,0.9811320754716981,1,0,-0.020000000000000018,0
up,2.08,406,406,1,0.9821046423456061,1,0,-0.020000000000000018,0
up,2.09,406,406,1,0.9829047340736411,1,0,-0.020000000000000018,0
up,2.1,406,406,1,0.9825748617813428,1,0,-0.020000000000000018,0
up,2.11,406,406,1,0.9831920903954802,1,0,-0.020000000000000018,0
up,2.12,406,406,1,0.9833333333333333,1,0,-0.020000000000000018,0
up,2.13,406,406,1,0.9829047340736411,1,0,-0.020000000000000018,0
up,2.14,406,406,1,0.9831920903954802,1,0,-0.020000000000000018,0
up,2.15,406,406,1,0.983050847457627,1,0,-0.020000000000000018,0
up,2.16,406,406,1,0.9836021505376344,1,0,-0.020000000000000018,0
up,2.17,406,406,1,0.9836021505376344,1,0,-0.020000000000000018,0
up,2.18,406,406,1,0.9836021505376344,1,0,-0.020000000000000018,0
up,2.19,406,406,1,0.9836021505376344,1,0,-0.020000000000000018,0
up,2.2,406,406,1,0.9840313635494358,1,0,-0.020000000000000018,0
up,2.21,406,406,1,0.9840313635494358,1,0,-0.020000000000000018,0
up,2.22,406,406,1,0.9840313635494358,1,0,-0.020000000000000018,0
up,2.23,406,406,1,0.9856879564950285,1,0,-0.020000000000000018,0
up,2.24,406,406,1,0.9856879564950285,1,0,-0.020000000000000018,0
up,2.25,406,406,1,0.9856879564950285,1,0,-0.020000000000000018,0
up,2.2600000000000002,406,406,1,0.9844877344877345,1,0,-0.020000000000000018,0
up,2.27,406,406,1,0.9856879564950285,1,0,-0.020000000000000018,0
up,2.2800000000000002,406,406,1,0.9851544524403977,1,0,-0.020000000000000018,0
up,2.29,406,406,1,0.9851544524403977,1,0,-0.019999999999999907,0
up,2.3000000000000003,406,406,1,0.9856879564950285,1,0,-0.019999999999999907,0
up,2.31,406,406,1,0.9860133020344288,1,0,-0.019999999999999796,0
up,2.32,406,406,1,0.9860133020344288,1,0,-0.019999999999999796,0
up,2.33,406,406,1,0.9864840182648402,1,0,-0.019999999999999574,0
up,2.34,406,406,1,0.9864840182648402,1,0,-0.019999999999999574,0
up,2.35,406,406,1,0.9867148014440432,1,0,-0.01949999999999985,0
up,2.36,406,406,1,0.9867148014440432,1,0,-0.018500000000000183,0
up,2.37,406,406,1,0.9879674640227174,1,0,-0.018000000000000127,0
up,2.38,406,406,1,0.989403453689168,1,0,-0.017999999999999794,0
up,2.39,406,406,1,0.989403453689168,1,0,-0.016999999999999904,0
up,2.4,406,406,1,0.989403453689168,1,0,-0.016999999999999904,0
up,2.41,406,406,1,0.9903846153846153,1,0,-0.014000000000000012,0
up,2.42,406,406,1,0.9905651982747792,1,0,-0.012499999999999956,0
up,2.43,406,406,1,0.9914473684210526,1,0,-0.01100000000000012,0
up,2.44,406,406,1,0.9914085545722713,1,0,-0.01100000000000012,0
up,2.45,406,406,1,0.9909481118214094,1,0,-0.011500000000000066,0
up,2.46,406,406,1,0.9914085545722713,1,0,-0.01100000000000012,0
up,2.47,406,406,1,0.9917011019283747,1,0,-0.01000000000000012,0
up,2.48,406,406,1,0.9930033593542307,1,0,-0.008000000000000007,0
up,2.49,406,406,1,0.9944867052829924,1,0,-0.00649999999999995,0
up,2.5,406,406,1,0.9937012447614466,1,0,-0.008000000000000007,0
up,2.5100000000000002,406,406,1,0.9937012447614466,1,0,-0.008000000000000007,0
up,2.52,406,406,1,0.9944867052829924,1,0,-0.00649999999999995,0
up,2.5300000000000002,406,406,1,0.9930033593542307,1,0,-0.008000000000000007,0
up,2.54,406,406,1,0.9919422827496758,1,0,-0.008499999999999952,0
up,2.5500000000000003,406,406,1,0.9930033593542307,1,0,-0.008000000000000007,0
up,2.56,406,406,1,0.9930033593542307,1,0,-0.008000000000000007,0
up,2.57,406,406,1,0.9982456140350877,1,0,-0.0015000000000000568,0
up,2.58,406,406,1,0.9982456140350877,1,0,-0.0015000000000000568,0
up,2.59,406,406,1,0.9982456140350877,1,0,-0.0015000000000000568,0
up,2.6,406,406,1,0.9971118271870151,1,0,-0.0025000000000001688,0
up,2.61,406,406,1,1,1,0,0,0
up,2.62,406,406,1,1,1,0,0,0
up,2.63,406,406,1,1,1,0,0,0
up,2.64,406,406,1,1,1,0,0,0
up,2.65,406,406,1,1,1,0,0,0
up,2.66,406,406,1,1,1,0,0,0
up,2.67,406,406,1,1,1,0,0,0
up,2.68,406,406,1,1,1,0,0,0
up,2.69,406,406,1,1,1,0,0,0
up,2.7,406,406,1,1,1,0,0,0
up,2.71,406,406,1,1,1,0,0,0
up,2.72,406,406,1,1,1,0,0,0
up,2.73,406,406,1,1,1,0,0,0
up,2.74,406,406,1,1,1,0,0,0
up,2.75,406,406,1,1,1,0,0,0
up,2.7600000000000002,406,406,1,1,1,0,0,0
up,2.77,406,406,1,1,1,0,0,0
up,2.7800000000000002,406,406,1,1,1,0,0,0
up,2.79,406,406,1,1,1,0,0,0
up,2.8000000000000003,406,406,1,1,1,0,0,0
up,2.81,406,406,1,1,1,0,0,0
up,2.82,406,406,1,1,1,0,0,0
up,2.83,406,406,1,1,1,0,0,0
up,2.84,406,406,1,1,1,0,0,0
up,2.85,406,406,1,1,1,0,0,0
up,2.86,406,406,1,1,1,0,0,0
up,2.87,406,406,1,1,1,0,0,0
up,2.88,406,406,1,1,1,0,0,0
up,2.89,406,406,1,1,1,0,0,0
up,2.9,406,406,1,1,1,0,0,0
up,2.91,406,406,1,1,1,0,0,0
up,2.92,406,406,1,1,1,0,0,0
up,2.93,406,406,1,1,1,0,0,0
up,2.94,406,406,1,1,1,0,0,0
up,2.95,406,406,1,1,1,0,0,0
up,2.96,406,406,1,1,1,0,0,0
up,2.97,406,406,1,1,1,0,0,0
up,2.98,406,406,1,1,1,0,0,0
up,2.99,406,406,1,1,1,0,0,0
up,3,406,406,1,1,1,0,0,0
up,3.0100000000000002,406,406,1,1,1,0,0,0
up,3.02,406,406,1,1,1,0,0,0
up,3.0300000000000002,406,406,1,1,1,0,0,0
up,3.04,406,406,1,1,1,0,0,0
up,3.0500000000000003,406,406,1,1,1,0,0,0
up,3.06,406,406,1,1,1,0,0,0
up,3.0700000000000003,406,406,1,1,1,0,0,0
up,3.08,406,406,1,1,1,0,0,0
up,3.09,406,406,1,1,1,0,0,0
up,3.1,406,406,1,1,1,0,0,0
up,3.11,406,406,1,1,1,0,0,0
up,3.12,406,406,1,1,1,0,0,0
up,3.13,406,406,1,1,1,0,0,0
up,3.14,406,406,1,1,1,0,0,0
up,3.15,406,406,1,1,1,0,0,0
up,3.16,406,406,1,1,1,0,0,0
up,3.17,406,406,1,1,1,0,0,0
up,3.18,406,406,1,1,1,0,0,0
up,3.19,406,406,1,1,1,0,0,0
up,3.2,406,406,1,1,1,0,0,0
up,3.21,406,406,1,1,1,0,0,0
up,3.22,406,406,1,1,1,0,0,0
up,3.23,406,406,1,1,1,0,0,0
up,3.24,406,406,1,1,1,0,0,0
up,3.25,406,406,1,1,1,0,0,0
up,3.2600000000000002,406,406,1,1,1,0,0,0
up,3.27,406,406,1,1,1,0,0,0
up,3.2800000000000002,406,406,1,1,1,0,0,0
up,3.29,406,406,1,1,1,0,0,0
up,3.3000000000000003,406,406,1,1,1,0,0,0
up,3.31,406,406,1,1,1,0,0,0
up,3.3200000000000003,406,406,1,1,1,0,0,0
up,3.33,406,406,1,1,1,0,0,0
up,3.34,406,406,1,1,1,0,0,0
up,3.35,406,406,1,1,1,0,0,0
up,3.36,406,406,1,1,1,0,0,0
up,3.37,406,406,1,1,1,0,0,0
up,3.38,406,406,1,1,1,0,0,0
up,3.39,406,406,1,1,1,0,0,0
up,3.4,406,406,1,1,1,0,0,0
up,3.41,406,406,1,1,1,0,0,0
up,3.42,406,406,1,1,1,0,0,0
up,3.43,406,406,1,1,1,0,0,0
up,3.44,406,406,1,1,1,0,0,0
up,3.45,406,406,1,1,1,0,0,0
up,3.46,406,406,1,1,1,0,0,0
up,3.47,406,406,1,1,1,0,0,0
up,3.48,406,406,1,1,1,0,0,0
up,3.49,406,406,1,1,1,0,0,0
up,3.5,406,406,1,1,1,0,0,0
up,3.5100000000000002,406,406,1,1,1,0,0,0
up,3.52,406,406,1,1,1,0,0,0
up,3.5300000000000002,406,406,1,1,1,0,0,0
up,3.54,406,406,1,1,1,0,0,0
up,3.5500000000000003,406,406,1,1,1,0,0,0
up,3.56,406,406,1,1,1,0,0,0
up,3.5700000000000003,406,406,1,1,1,0,0,0
up,3.58,406,406,1,1,1,0,0,0
up,3.59,406,406,1,1,1,0,0,0
up,3.6,406,406,1,1,1,0,0,0
up,3.61,406,406,1,1,1,0,0,0
up,3.62,406,406,1,1,1,0,0,0
up,3.63,406,406,1,1,1,0,0,0
up,3.64,406,406,1,1,1,0,0,0
up,3.65,406,406,1,1,1,0,0,0
up,3.66,406,406,1,1,1,0,0,0
up,3.67,406,406,1,1,1,0,0,0
up,3.68,406,406,1,1,1,0,0,0
up,3.69,406,406,1,1,1,0,0,0
up,3.7,406,406,1,1,1,0,0,0
up,3.71,406,406,1,1,1,0,0,0
up,3.72,406,406,1,1,1,0,0,0
up,3.73,406,406,1,1,1,0,0,0
up,3.74,406,406,1,1,1,0,0,0
up,3.75,406,406,1,1,1,0,0,0
up,3.7600000000000002,406,406,1,1,1,0,0,0
up,3.77,406,406,1,1,1,0,0,0
up,3.7800000000000002,406,406,1,1,1,0,0,0
up,3.79,406,406,1,1,1,0,0,0
up,3.8000000000000003,406,406,1,1,1,0,0,0
up,3.81,406,406,1,1,1,0,0,0
up,3.8200000000000003,406,406,1,1,1,0,0,0
up,3.83,406,406,1,1,1,0,0,0
up,3.84,406,406,1,1,1,0,0,0
up,3.85,406,406,1,1,1,0,0,0
up,3.86,406,406,1,1,1,0,0,0
up,3.87,406,406,1,1,1,0,0,0
up,3.88,406,406,1,1,1,0,0,0
up,3.89,406,406,1,1,1,0,0,0
up,3.9,406,406,1,1,1,0,0,0
up,3.91,406,406,1,1,1,0,0,0
up,3.92,406,406,1,1,1,0,0,0
up,3.93,406,406,1,1,1,0,0,0
up,3.94,406,406,1,1,1,0,0,0
up,3.95,406,406,1,1,1,0,0,0
up,3.96,406,406,1,1,1,0,0,0
up,3.97,406,406,1,1,1,0,0,0
up,3.98,406,406,1,1,1,0,0,0
up,3.99,406,406,1,1,1,0,0,0
